10064839	CPR:2	N 	DIRECT-REGULATOR	Arg1:T18	Arg2:T53
10064839	CPR:2	N 	DIRECT-REGULATOR	Arg1:T19	Arg2:T53
10064839	CPR:2	N 	DIRECT-REGULATOR	Arg1:T40	Arg2:T54
10064839	CPR:2	N 	DIRECT-REGULATOR	Arg1:T46	Arg2:T52
10064839	CPR:2	N 	DIRECT-REGULATOR	Arg1:T46	Arg2:T55
10064839	CPR:2	N 	DIRECT-REGULATOR	Arg1:T47	Arg2:T52
10064839	CPR:2	N 	DIRECT-REGULATOR	Arg1:T47	Arg2:T55
10064839	CPR:2	N 	DIRECT-REGULATOR	Arg1:T48	Arg2:T52
10064839	CPR:2	N 	DIRECT-REGULATOR	Arg1:T48	Arg2:T55
10064839	CPR:2	N 	DIRECT-REGULATOR	Arg1:T50	Arg2:T56
10082498	CPR:4	Y 	INDIRECT-DOWNREGULATOR	Arg1:T19	Arg2:T32
10082498	CPR:4	Y 	INDIRECT-DOWNREGULATOR	Arg1:T20	Arg2:T32
10082498	CPR:4	Y 	INHIBITOR	Arg1:T4	Arg2:T24
10082498	CPR:4	Y 	INHIBITOR	Arg1:T6	Arg2:T24
10082498	CPR:4	Y 	INHIBITOR	Arg1:T7	Arg2:T24
10193663	CPR:2	N 	DIRECT-REGULATOR	Arg1:T10	Arg2:T26
10193663	CPR:2	N 	DIRECT-REGULATOR	Arg1:T10	Arg2:T27
10193663	CPR:2	N 	DIRECT-REGULATOR	Arg1:T10	Arg2:T28
10193663	CPR:2	N 	DIRECT-REGULATOR	Arg1:T11	Arg2:T26
10193663	CPR:2	N 	DIRECT-REGULATOR	Arg1:T11	Arg2:T27
10193663	CPR:2	N 	DIRECT-REGULATOR	Arg1:T11	Arg2:T28
10193663	CPR:2	N 	DIRECT-REGULATOR	Arg1:T12	Arg2:T29
10193663	CPR:2	N 	DIRECT-REGULATOR	Arg1:T12	Arg2:T30
10193663	CPR:2	N 	DIRECT-REGULATOR	Arg1:T13	Arg2:T29
10193663	CPR:2	N 	DIRECT-REGULATOR	Arg1:T13	Arg2:T30
10193663	CPR:2	N 	DIRECT-REGULATOR	Arg1:T14	Arg2:T31
10193663	CPR:2	N 	DIRECT-REGULATOR	Arg1:T14	Arg2:T32
10193663	CPR:2	N 	DIRECT-REGULATOR	Arg1:T15	Arg2:T31
10193663	CPR:2	N 	DIRECT-REGULATOR	Arg1:T15	Arg2:T32
10193663	CPR:2	N 	DIRECT-REGULATOR	Arg1:T16	Arg2:T32
10193663	CPR:2	N 	DIRECT-REGULATOR	Arg1:T18	Arg2:T35
10193663	CPR:2	N 	DIRECT-REGULATOR	Arg1:T19	Arg2:T33
10193663	CPR:2	N 	DIRECT-REGULATOR	Arg1:T19	Arg2:T34
10193663	CPR:2	N 	DIRECT-REGULATOR	Arg1:T5	Arg2:T21
10193663	CPR:2	N 	DIRECT-REGULATOR	Arg1:T6	Arg2:T26
10193663	CPR:2	N 	DIRECT-REGULATOR	Arg1:T6	Arg2:T27
10193663	CPR:2	N 	DIRECT-REGULATOR	Arg1:T6	Arg2:T28
10193663	CPR:2	N 	DIRECT-REGULATOR	Arg1:T7	Arg2:T26
10193663	CPR:2	N 	DIRECT-REGULATOR	Arg1:T7	Arg2:T27
10193663	CPR:2	N 	DIRECT-REGULATOR	Arg1:T7	Arg2:T28
10193663	CPR:2	N 	DIRECT-REGULATOR	Arg1:T8	Arg2:T21
10193663	CPR:2	N 	DIRECT-REGULATOR	Arg1:T9	Arg2:T26
10193663	CPR:2	N 	DIRECT-REGULATOR	Arg1:T9	Arg2:T27
10193663	CPR:2	N 	DIRECT-REGULATOR	Arg1:T9	Arg2:T28
10193665	CPR:2	N 	DIRECT-REGULATOR	Arg1:T11	Arg2:T27
10193665	CPR:2	N 	DIRECT-REGULATOR	Arg1:T12	Arg2:T27
10193665	CPR:2	N 	DIRECT-REGULATOR	Arg1:T13	Arg2:T27
10193665	CPR:2	N 	DIRECT-REGULATOR	Arg1:T14	Arg2:T27
10193665	CPR:2	N 	DIRECT-REGULATOR	Arg1:T16	Arg2:T28
10193665	CPR:2	N 	DIRECT-REGULATOR	Arg1:T17	Arg2:T28
10193665	CPR:2	N 	DIRECT-REGULATOR	Arg1:T18	Arg2:T28
10193665	CPR:2	N 	DIRECT-REGULATOR	Arg1:T19	Arg2:T28
10193665	CPR:2	N 	DIRECT-REGULATOR	Arg1:T21	Arg2:T29
10193665	CPR:2	N 	DIRECT-REGULATOR	Arg1:T22	Arg2:T29
10193665	CPR:2	N 	DIRECT-REGULATOR	Arg1:T9	Arg2:T27
10193665	CPR:2	N 	REGULATOR	Arg1:T24	Arg2:T30
10226872	CPR:10	N 	NOT	Arg1:T4	Arg2:T21
10226872	CPR:10	N 	NOT	Arg1:T4	Arg2:T22
10226872	CPR:5	Y 	AGONIST	Arg1:T15	Arg2:T27
10226872	CPR:5	Y 	AGONIST	Arg1:T16	Arg2:T29
10362188	CPR:2	N 	REGULATOR	Arg1:T14	Arg2:T23
10362188	CPR:2	N 	REGULATOR	Arg1:T14	Arg2:T25
10362188	CPR:2	N 	REGULATOR	Arg1:T5	Arg2:T16
10362188	CPR:2	N 	REGULATOR	Arg1:T7	Arg2:T20
10362188	CPR:4	Y 	INHIBITOR	Arg1:T12	Arg2:T22
10362188	CPR:4	Y 	INHIBITOR	Arg1:T7	Arg2:T19
10373224	CPR:10	N 	NOT	Arg1:T18	Arg2:T34
10373224	CPR:10	N 	NOT	Arg1:T19	Arg2:T34
10373224	CPR:10	N 	NOT	Arg1:T20	Arg2:T34
10373224	CPR:4	Y 	INDIRECT-DOWNREGULATOR	Arg1:T12	Arg2:T30
10373224	CPR:4	Y 	INDIRECT-DOWNREGULATOR	Arg1:T15	Arg2:T32
10373224	CPR:4	Y 	INDIRECT-DOWNREGULATOR	Arg1:T15	Arg2:T33
10373224	CPR:4	Y 	INDIRECT-DOWNREGULATOR	Arg1:T6	Arg2:T29
10373224	CPR:4	Y 	INHIBITOR	Arg1:T1	Arg2:T31
10373224	CPR:4	Y 	INHIBITOR	Arg1:T24	Arg2:T31
10373224	CPR:4	Y 	INHIBITOR	Arg1:T3	Arg2:T31
10373224	CPR:4	Y 	INHIBITOR	Arg1:T8	Arg2:T31
10373224	CPR:4	Y 	INHIBITOR	Arg1:T9	Arg2:T31
10381787	CPR:4	Y 	INHIBITOR	Arg1:T11	Arg2:T21
10381787	CPR:4	Y 	INHIBITOR	Arg1:T11	Arg2:T22
10381787	CPR:4	Y 	INHIBITOR	Arg1:T2	Arg2:T13
10381787	CPR:4	Y 	INHIBITOR	Arg1:T2	Arg2:T14
10381787	CPR:4	Y 	INHIBITOR	Arg1:T3	Arg2:T15
10381787	CPR:4	Y 	INHIBITOR	Arg1:T3	Arg2:T16
10381787	CPR:4	Y 	INHIBITOR	Arg1:T5	Arg2:T17
10381787	CPR:4	Y 	INHIBITOR	Arg1:T5	Arg2:T18
10381787	CPR:9	Y 	PRODUCT-OF	Arg1:T8	Arg2:T19
10381787	CPR:9	Y 	PRODUCT-OF	Arg1:T9	Arg2:T20
10432475	CPR:2	N 	DIRECT-REGULATOR	Arg1:T19	Arg2:T50
10432475	CPR:2	N 	DIRECT-REGULATOR	Arg1:T19	Arg2:T51
10432475	CPR:2	N 	DIRECT-REGULATOR	Arg1:T1	Arg2:T48
10432475	CPR:2	N 	DIRECT-REGULATOR	Arg1:T1	Arg2:T54
10432475	CPR:2	N 	DIRECT-REGULATOR	Arg1:T1	Arg2:T56
10432475	CPR:6	Y 	ANTAGONIST	Arg1:T27	Arg2:T52
10432475	CPR:6	Y 	ANTAGONIST	Arg1:T28	Arg2:T53
10432475	CPR:6	Y 	ANTAGONIST	Arg1:T35	Arg2:T55
10432475	CPR:6	Y 	ANTAGONIST	Arg1:T39	Arg2:T57
10439935	CPR:4	Y 	INHIBITOR	Arg1:T5	Arg2:T26
10439935	CPR:4	Y 	INHIBITOR	Arg1:T5	Arg2:T28
10460702	CPR:3	Y 	ACTIVATOR	Arg1:T13	Arg2:T39
10460702	CPR:3	Y 	ACTIVATOR	Arg1:T22	Arg2:T44
10460702	CPR:3	Y 	ACTIVATOR	Arg1:T5	Arg2:T31
10460702	CPR:5	Y 	AGONIST	Arg1:T17	Arg2:T40
10460702	CPR:6	Y 	ANTAGONIST	Arg1:T1	Arg2:T24
10460702	CPR:6	Y 	ANTAGONIST	Arg1:T21	Arg2:T42
10460702	CPR:6	Y 	ANTAGONIST	Arg1:T21	Arg2:T43
10460702	CPR:6	Y 	ANTAGONIST	Arg1:T2	Arg2:T24
10460702	CPR:6	Y 	ANTAGONIST	Arg1:T3	Arg2:T24
10460702	CPR:6	Y 	ANTAGONIST	Arg1:T4	Arg2:T24
10460702	CPR:9	Y 	PRODUCT-OF	Arg1:T11	Arg2:T37
10460702	CPR:9	Y 	PRODUCT-OF	Arg1:T12	Arg2:T37
10460702	CPR:9	Y 	PRODUCT-OF	Arg1:T16	Arg2:T39
10460702	CPR:9	Y 	PRODUCT-OF	Arg1:T19	Arg2:T32
10460702	CPR:9	Y 	PRODUCT-OF	Arg1:T19	Arg2:T38
10460702	CPR:9	Y 	PRODUCT-OF	Arg1:T20	Arg2:T32
10460702	CPR:9	Y 	PRODUCT-OF	Arg1:T20	Arg2:T38
10460702	CPR:9	Y 	SUBSTRATE	Arg1:T14	Arg2:T39
10460702	CPR:9	Y 	SUBSTRATE	Arg1:T15	Arg2:T39
10531013	CPR:4	Y 	INHIBITOR	Arg1:T1	Arg2:T7
10531013	CPR:4	Y 	INHIBITOR	Arg1:T1	Arg2:T8
10531013	CPR:4	Y 	INHIBITOR	Arg1:T2	Arg2:T9
10531013	CPR:4	Y 	INHIBITOR	Arg1:T5	Arg2:T10
10531013	CPR:4	Y 	INHIBITOR	Arg1:T5	Arg2:T11
10531013	CPR:4	Y 	INHIBITOR	Arg1:T5	Arg2:T12
10531013	CPR:4	Y 	INHIBITOR	Arg1:T6	Arg2:T13
10531013	CPR:4	Y 	INHIBITOR	Arg1:T6	Arg2:T14
10546982	CPR:2	N 	DIRECT-REGULATOR	Arg1:T4	Arg2:T14
10546982	CPR:2	N 	DIRECT-REGULATOR	Arg1:T7	Arg2:T16
10546982	CPR:4	Y 	INHIBITOR	Arg1:T2	Arg2:T12
10546982	CPR:4	Y 	INHIBITOR	Arg1:T3	Arg2:T13
10546982	CPR:4	Y 	INHIBITOR	Arg1:T5	Arg2:T14
10546982	CPR:9	Y 	SUBSTRATE	Arg1:T1	Arg2:T11
10579749	CPR:2	N 	DIRECT-REGULATOR	Arg1:T1	Arg2:T44
10579749	CPR:2	N 	DIRECT-REGULATOR	Arg1:T2	Arg2:T44
10579749	CPR:2	N 	DIRECT-REGULATOR	Arg1:T30	Arg2:T44
10579749	CPR:2	N 	DIRECT-REGULATOR	Arg1:T31	Arg2:T44
10579749	CPR:2	N 	DIRECT-REGULATOR	Arg1:T32	Arg2:T44
10579749	CPR:2	N 	DIRECT-REGULATOR	Arg1:T3	Arg2:T44
10579749	CPR:2	N 	DIRECT-REGULATOR	Arg1:T4	Arg2:T44
10579749	CPR:2	N 	DIRECT-REGULATOR	Arg1:T5	Arg2:T44
10579749	CPR:6	Y 	ANTAGONIST	Arg1:T10	Arg2:T34
10579749	CPR:6	Y 	ANTAGONIST	Arg1:T11	Arg2:T34
10579749	CPR:6	Y 	ANTAGONIST	Arg1:T12	Arg2:T34
10579749	CPR:6	Y 	ANTAGONIST	Arg1:T13	Arg2:T34
10579749	CPR:6	Y 	ANTAGONIST	Arg1:T14	Arg2:T34
10579749	CPR:6	Y 	ANTAGONIST	Arg1:T15	Arg2:T34
10579749	CPR:6	Y 	ANTAGONIST	Arg1:T1	Arg2:T44
10579749	CPR:6	Y 	ANTAGONIST	Arg1:T20	Arg2:T42
10579749	CPR:6	Y 	ANTAGONIST	Arg1:T2	Arg2:T44
10579749	CPR:6	Y 	ANTAGONIST	Arg1:T30	Arg2:T44
10579749	CPR:6	Y 	ANTAGONIST	Arg1:T31	Arg2:T44
10579749	CPR:6	Y 	ANTAGONIST	Arg1:T32	Arg2:T44
10579749	CPR:6	Y 	ANTAGONIST	Arg1:T3	Arg2:T44
10579749	CPR:6	Y 	ANTAGONIST	Arg1:T4	Arg2:T44
10579749	CPR:6	Y 	ANTAGONIST	Arg1:T5	Arg2:T44
10579749	CPR:6	Y 	ANTAGONIST	Arg1:T6	Arg2:T34
10579749	CPR:6	Y 	ANTAGONIST	Arg1:T7	Arg2:T34
10579749	CPR:6	Y 	ANTAGONIST	Arg1:T8	Arg2:T34
10579749	CPR:6	Y 	ANTAGONIST	Arg1:T9	Arg2:T34
10683249	CPR:10	N 	NOT	Arg1:T16	Arg2:T34
10683249	CPR:4	Y 	INHIBITOR	Arg1:T16	Arg2:T35
10683249	CPR:9	Y 	SUBSTRATE	Arg1:T11	Arg2:T29
10683249	CPR:9	Y 	SUBSTRATE	Arg1:T14	Arg2:T33
10683249	CPR:9	Y 	SUBSTRATE	Arg1:T15	Arg2:T33
10683249	CPR:9	Y 	SUBSTRATE	Arg1:T2	Arg2:T19
10688973	CPR:10	N 	NOT	Arg1:T3	Arg2:T24
10688973	CPR:10	N 	NOT	Arg1:T3	Arg2:T25
10688973	CPR:2	N 	DIRECT-REGULATOR	Arg1:T4	Arg2:T31
10688973	CPR:2	N 	DIRECT-REGULATOR	Arg1:T7	Arg2:T33
10688973	CPR:5	Y 	AGONIST-ACTIVATOR	Arg1:T6	Arg2:T33
10688973	CPR:5	Y 	AGONIST	Arg1:T10	Arg2:T36
10688973	CPR:5	Y 	AGONIST	Arg1:T11	Arg2:T35
10688973	CPR:5	Y 	AGONIST	Arg1:T11	Arg2:T36
10688973	CPR:5	Y 	AGONIST	Arg1:T1	Arg2:T15
10688973	CPR:5	Y 	AGONIST	Arg1:T2	Arg2:T19
10688973	CPR:5	Y 	AGONIST	Arg1:T5	Arg2:T32
10688973	CPR:5	Y 	AGONIST	Arg1:T8	Arg2:T36
10688973	CPR:5	Y 	AGONIST	Arg1:T9	Arg2:T36
10688973	CPR:6	Y 	ANTAGONIST	Arg1:T12	Arg2:T14
10688973	CPR:6	Y 	ANTAGONIST	Arg1:T12	Arg2:T37
10688973	CPR:6	Y 	ANTAGONIST	Arg1:T2	Arg2:T16
10697523	CPR:4	Y 	INHIBITOR	Arg1:T12	Arg2:T23
10697523	CPR:4	Y 	INHIBITOR	Arg1:T12	Arg2:T24
10697523	CPR:4	Y 	INHIBITOR	Arg1:T13	Arg2:T23
10697523	CPR:4	Y 	INHIBITOR	Arg1:T13	Arg2:T24
10697523	CPR:4	Y 	INHIBITOR	Arg1:T4	Arg2:T21
10697523	CPR:9	Y 	PRODUCT-OF	Arg1:T2	Arg2:T20
10697523	CPR:9	Y 	PRODUCT-OF	Arg1:T2	Arg2:T22
10698696	CPR:9	Y 	PRODUCT-OF	Arg1:T2	Arg2:T13
10698696	CPR:9	Y 	PRODUCT-OF	Arg1:T2	Arg2:T6
10698696	CPR:9	Y 	PRODUCT-OF	Arg1:T3	Arg2:T13
10698696	CPR:9	Y 	PRODUCT-OF	Arg1:T3	Arg2:T6
10698696	CPR:9	Y 	PRODUCT-OF	Arg1:T4	Arg2:T13
10698696	CPR:9	Y 	PRODUCT-OF	Arg1:T4	Arg2:T6
10742288	CPR:2	N 	DIRECT-REGULATOR	Arg1:T12	Arg2:T23
10742288	CPR:2	N 	DIRECT-REGULATOR	Arg1:T14	Arg2:T24
10742288	CPR:2	N 	DIRECT-REGULATOR	Arg1:T15	Arg2:T24
10742288	CPR:2	N 	REGULATOR	Arg1:T13	Arg2:T23
10742288	CPR:5	Y 	AGONIST	Arg1:T2	Arg2:T22
10742288	CPR:5	Y 	AGONIST	Arg1:T3	Arg2:T22
10742288	CPR:5	Y 	AGONIST	Arg1:T4	Arg2:T22
10742288	CPR:5	Y 	AGONIST	Arg1:T5	Arg2:T22
10742288	CPR:5	Y 	AGONIST	Arg1:T6	Arg2:T22
10796070	CPR:3	Y 	ACTIVATOR	Arg1:T10	Arg2:T18
10796070	CPR:6	Y 	ANTAGONIST	Arg1:T2	Arg2:T11
10796070	CPR:6	Y 	ANTAGONIST	Arg1:T3	Arg2:T11
10839333	CPR:2	N 	DIRECT-REGULATOR	Arg1:T1	Arg2:T11
10839333	CPR:2	N 	DIRECT-REGULATOR	Arg1:T3	Arg2:T12
10839333	CPR:2	N 	DIRECT-REGULATOR	Arg1:T9	Arg2:T21
10839333	CPR:3	Y 	INDIRECT-UPREGULATOR	Arg1:T7	Arg2:T20
10866053	CPR:1	N 	PART-OF	Arg1:T1	Arg2:T14
10887187	CPR:1	N 	PART-OF	Arg1:T10	Arg2:T24
10887187	CPR:1	N 	PART-OF	Arg1:T10	Arg2:T25
10887187	CPR:4	Y 	INHIBITOR	Arg1:T7	Arg2:T23
10887187	CPR:4	Y 	INHIBITOR	Arg1:T8	Arg2:T23
10887187	CPR:4	Y 	INHIBITOR	Arg1:T9	Arg2:T23
10917903	CPR:4	Y 	INHIBITOR	Arg1:T21	Arg2:T32
10917903	CPR:4	Y 	INHIBITOR	Arg1:T22	Arg2:T32
10931813	CPR:2	N 	INDIRECT-REGULATOR	Arg1:T4	Arg2:T16
10931813	CPR:3	Y 	ACTIVATOR	Arg1:T7	Arg2:T21
10931813	CPR:4	Y 	INHIBITOR	Arg1:T10	Arg2:T22
10931813	CPR:4	Y 	INHIBITOR	Arg1:T10	Arg2:T23
10931813	CPR:4	Y 	INHIBITOR	Arg1:T8	Arg2:T22
10931813	CPR:4	Y 	INHIBITOR	Arg1:T8	Arg2:T23
10933891	CPR:2	N 	INDIRECT-REGULATOR	Arg1:T11	Arg2:T28
10933891	CPR:2	N 	INDIRECT-REGULATOR	Arg1:T11	Arg2:T29
10933891	CPR:3	Y 	ACTIVATOR	Arg1:T12	Arg2:T30
10933891	CPR:3	Y 	ACTIVATOR	Arg1:T12	Arg2:T32
10933891	CPR:3	Y 	ACTIVATOR	Arg1:T13	Arg2:T30
10933891	CPR:3	Y 	ACTIVATOR	Arg1:T13	Arg2:T32
10933891	CPR:3	Y 	INDIRECT-UPREGULATOR	Arg1:T12	Arg2:T31
10933891	CPR:3	Y 	INDIRECT-UPREGULATOR	Arg1:T13	Arg2:T31
10933891	CPR:3	Y 	INDIRECT-UPREGULATOR	Arg1:T1	Arg2:T15
10933891	CPR:3	Y 	INDIRECT-UPREGULATOR	Arg1:T2	Arg2:T15
10933891	CPR:3	Y 	INDIRECT-UPREGULATOR	Arg1:T3	Arg2:T17
10933891	CPR:3	Y 	INDIRECT-UPREGULATOR	Arg1:T4	Arg2:T17
10933891	CPR:3	Y 	INDIRECT-UPREGULATOR	Arg1:T9	Arg2:T23
10933891	CPR:9	Y 	SUBSTRATE	Arg1:T10	Arg2:T14
10933891	CPR:9	Y 	SUBSTRATE	Arg1:T10	Arg2:T18
10939639	CPR:3	Y 	ACTIVATOR	Arg1:T11	Arg2:T19
10939639	CPR:3	Y 	ACTIVATOR	Arg1:T12	Arg2:T20
10939639	CPR:3	Y 	ACTIVATOR	Arg1:T9	Arg2:T17
10939639	CPR:4	Y 	INHIBITOR	Arg1:T2	Arg2:T14
10942908	CPR:3	Y 	ACTIVATOR	Arg1:T3	Arg2:T17
10942908	CPR:3	Y 	ACTIVATOR	Arg1:T4	Arg2:T17
10942908	CPR:4	Y 	INHIBITOR	Arg1:T12	Arg2:T19
10942908	CPR:4	Y 	INHIBITOR	Arg1:T12	Arg2:T20
10942908	CPR:4	Y 	INHIBITOR	Arg1:T13	Arg2:T21
10942908	CPR:4	Y 	INHIBITOR	Arg1:T1	Arg2:T16
11056242	CPR:10	N 	NOT	Arg1:T6	Arg2:T7
11056242	CPR:4	Y 	INHIBITOR	Arg1:T2	Arg2:T9
11056242	CPR:4	Y 	INHIBITOR	Arg1:T3	Arg2:T9
11056242	CPR:4	Y 	INHIBITOR	Arg1:T4	Arg2:T9
11056242	CPR:5	Y 	AGONIST	Arg1:T6	Arg2:T15
11146120	CPR:10	N 	NOT	Arg1:T12	Arg2:T31
11146120	CPR:3	Y 	INDIRECT-UPREGULATOR	Arg1:T11	Arg2:T30
11146120	CPR:3	Y 	INDIRECT-UPREGULATOR	Arg1:T13	Arg2:T32
11146120	CPR:3	Y 	INDIRECT-UPREGULATOR	Arg1:T3	Arg2:T21
11146120	CPR:3	Y 	INDIRECT-UPREGULATOR	Arg1:T3	Arg2:T23
11146120	CPR:3	Y 	INDIRECT-UPREGULATOR	Arg1:T4	Arg2:T21
11146120	CPR:3	Y 	INDIRECT-UPREGULATOR	Arg1:T4	Arg2:T23
11146120	CPR:3	Y 	INDIRECT-UPREGULATOR	Arg1:T6	Arg2:T26
11146120	CPR:3	Y 	INDIRECT-UPREGULATOR	Arg1:T7	Arg2:T26
11146120	CPR:3	Y 	INDIRECT-UPREGULATOR	Arg1:T8	Arg2:T27
11146120	CPR:4	Y 	INDIRECT-DOWNREGULATOR	Arg1:T5	Arg2:T26
11146120	CPR:5	Y 	AGONIST	Arg1:T7	Arg2:T24
11157886	CPR:2	N 	INDIRECT-REGULATOR	Arg1:T2	Arg2:T9
11157886	CPR:2	N 	INDIRECT-REGULATOR	Arg1:T7	Arg2:T19
11157886	CPR:4	Y 	INDIRECT-DOWNREGULATOR	Arg1:T2	Arg2:T10
11157886	CPR:4	Y 	INDIRECT-DOWNREGULATOR	Arg1:T6	Arg2:T17
11157886	CPR:4	Y 	INDIRECT-DOWNREGULATOR	Arg1:T6	Arg2:T18
11157886	CPR:4	Y 	INDIRECT-DOWNREGULATOR	Arg1:T8	Arg2:T21
11243491	CPR:5	Y 	AGONIST	Arg1:T25	Arg2:T34
11243491	CPR:5	Y 	AGONIST	Arg1:T26	Arg2:T35
11252887	CPR:4	Y 	INHIBITOR	Arg1:T1	Arg2:T12
11252887	CPR:4	Y 	INHIBITOR	Arg1:T1	Arg2:T13
11252887	CPR:4	Y 	INHIBITOR	Arg1:T1	Arg2:T14
11252887	CPR:4	Y 	INHIBITOR	Arg1:T4	Arg2:T12
11252887	CPR:4	Y 	INHIBITOR	Arg1:T4	Arg2:T13
11252887	CPR:4	Y 	INHIBITOR	Arg1:T4	Arg2:T14
11252887	CPR:4	Y 	INHIBITOR	Arg1:T6	Arg2:T12
11252887	CPR:4	Y 	INHIBITOR	Arg1:T6	Arg2:T13
11252887	CPR:4	Y 	INHIBITOR	Arg1:T6	Arg2:T14
11304699	CPR:3	Y 	INDIRECT-UPREGULATOR	Arg1:T1	Arg2:T17
11304699	CPR:3	Y 	INDIRECT-UPREGULATOR	Arg1:T1	Arg2:T18
11309392	CPR:4	Y 	INHIBITOR	Arg1:T1	Arg2:T12
11309392	CPR:9	Y 	PRODUCT-OF	Arg1:T8	Arg2:T26
11309392	CPR:9	Y 	PRODUCT-OF	Arg1:T8	Arg2:T27
11309392	CPR:9	Y 	SUBSTRATE	Arg1:T7	Arg2:T26
11309392	CPR:9	Y 	SUBSTRATE	Arg1:T7	Arg2:T27
11318430	CPR:4	Y 	INHIBITOR	Arg1:T1	Arg2:T10
11318430	CPR:4	Y 	INHIBITOR	Arg1:T1	Arg2:T9
11318430	CPR:4	Y 	INHIBITOR	Arg1:T3	Arg2:T10
11318430	CPR:4	Y 	INHIBITOR	Arg1:T3	Arg2:T9
11392054	CPR:9	Y 	SUBSTRATE_PRODUCT-OF	Arg1:T24	Arg2:T25
11392054	CPR:9	Y 	SUBSTRATE_PRODUCT-OF	Arg1:T24	Arg2:T31
11393267	CPR:3	Y 	ACTIVATOR	Arg1:T6	Arg2:T18
11393267	CPR:3	Y 	ACTIVATOR	Arg1:T7	Arg2:T17
11393267	CPR:4	Y 	DOWNREGULATOR	Arg1:T8	Arg2:T17
11393267	CPR:4	Y 	INDIRECT-DOWNREGULATOR	Arg1:T1	Arg2:T11
11481271	CPR:2	N 	REGULATOR	Arg1:T23	Arg2:T39
11481271	CPR:5	Y 	AGONIST	Arg1:T13	Arg2:T26
11481271	CPR:5	Y 	AGONIST	Arg1:T14	Arg2:T26
11481271	CPR:5	Y 	AGONIST	Arg1:T15	Arg2:T26
11481271	CPR:5	Y 	AGONIST	Arg1:T16	Arg2:T29
11481271	CPR:5	Y 	AGONIST	Arg1:T17	Arg2:T29
11481271	CPR:5	Y 	AGONIST	Arg1:T18	Arg2:T29
11481271	CPR:5	Y 	AGONIST	Arg1:T1	Arg2:T38
11481271	CPR:5	Y 	AGONIST	Arg1:T2	Arg2:T38
11481271	CPR:5	Y 	AGONIST	Arg1:T3	Arg2:T38
11481271	CPR:6	Y 	ANTAGONIST	Arg1:T10	Arg2:T24
11481271	CPR:6	Y 	ANTAGONIST	Arg1:T11	Arg2:T24
11481271	CPR:6	Y 	ANTAGONIST	Arg1:T12	Arg2:T24
11481271	CPR:6	Y 	ANTAGONIST	Arg1:T20	Arg2:T33
11481271	CPR:6	Y 	ANTAGONIST	Arg1:T21	Arg2:T34
11481271	CPR:6	Y 	ANTAGONIST	Arg1:T21	Arg2:T35
11481271	CPR:6	Y 	ANTAGONIST	Arg1:T22	Arg2:T36
11481271	CPR:6	Y 	ANTAGONIST	Arg1:T22	Arg2:T37
11742712	CPR:4	Y 	INHIBITOR	Arg1:T1	Arg2:T14
11742712	CPR:4	Y 	INHIBITOR	Arg1:T1	Arg2:T15
11742712	CPR:4	Y 	INHIBITOR	Arg1:T1	Arg2:T16
11742712	CPR:4	Y 	INHIBITOR	Arg1:T6	Arg2:T14
11742712	CPR:4	Y 	INHIBITOR	Arg1:T6	Arg2:T15
11742712	CPR:4	Y 	INHIBITOR	Arg1:T6	Arg2:T16
11752472	CPR:9	Y 	PRODUCT-OF	Arg1:T19	Arg2:T34
11772142	CPR:4	Y 	INHIBITOR	Arg1:T18	Arg2:T31
11772142	CPR:4	Y 	INHIBITOR	Arg1:T7	Arg2:T33
11799102	CPR:3	Y 	ACTIVATOR	Arg1:T4	Arg2:T34
11799102	CPR:4	Y 	INDIRECT-DOWNREGULATOR	Arg1:T11	Arg2:T38
11799102	CPR:4	Y 	INDIRECT-DOWNREGULATOR	Arg1:T26	Arg2:T45
11799102	CPR:4	Y 	INDIRECT-DOWNREGULATOR	Arg1:T26	Arg2:T46
11799102	CPR:4	Y 	INDIRECT-DOWNREGULATOR	Arg1:T29	Arg2:T47
11799102	CPR:4	Y 	INDIRECT-DOWNREGULATOR	Arg1:T30	Arg2:T47
11799102	CPR:4	Y 	INDIRECT-DOWNREGULATOR	Arg1:T3	Arg2:T32
11799102	CPR:4	Y 	INHIBITOR	Arg1:T11	Arg2:T37
11799102	CPR:4	Y 	INHIBITOR	Arg1:T14	Arg2:T39
11799102	CPR:4	Y 	INHIBITOR	Arg1:T14	Arg2:T40
11799102	CPR:4	Y 	INHIBITOR	Arg1:T16	Arg2:T42
11799102	CPR:4	Y 	INHIBITOR	Arg1:T17	Arg2:T42
11799102	CPR:4	Y 	INHIBITOR	Arg1:T18	Arg2:T42
11799102	CPR:4	Y 	INHIBITOR	Arg1:T26	Arg2:T44
11799102	CPR:4	Y 	INHIBITOR	Arg1:T29	Arg2:T48
11799102	CPR:4	Y 	INHIBITOR	Arg1:T30	Arg2:T48
11799102	CPR:6	Y 	ANTAGONIST	Arg1:T14	Arg2:T41
11808879	CPR:10	N 	NOT	Arg1:T3	Arg2:T11
11808879	CPR:10	N 	NOT	Arg1:T3	Arg2:T12
11893059	CPR:4	Y 	INHIBITOR	Arg1:T1	Arg2:T7
11893059	CPR:4	Y 	INHIBITOR	Arg1:T2	Arg2:T7
11893059	CPR:4	Y 	INHIBITOR	Arg1:T3	Arg2:T8
11970990	CPR:1	N 	PART-OF	Arg1:T1	Arg2:T22
11970990	CPR:1	N 	PART-OF	Arg1:T1	Arg2:T23
12046682	CPR:4	Y 	INHIBITOR	Arg1:T1	Arg2:T4
12063741	CPR:4	Y 	INHIBITOR	Arg1:T1	Arg2:T11
12063741	CPR:4	Y 	INHIBITOR	Arg1:T2	Arg2:T11
12080538	CPR:4	Y 	DOWNREGULATOR	Arg1:T18	Arg2:T19
12080538	CPR:4	Y 	INHIBITOR	Arg1:T14	Arg2:T23
12082550	CPR:2	N 	REGULATOR	Arg1:T10	Arg2:T26
12082550	CPR:2	N 	REGULATOR	Arg1:T11	Arg2:T27
12082550	CPR:4	Y 	INHIBITOR	Arg1:T16	Arg2:T29
12137927	CPR:2	N 	INDIRECT-REGULATOR	Arg1:T14	Arg2:T31
12137927	CPR:2	N 	INDIRECT-REGULATOR	Arg1:T15	Arg2:T31
12137927	CPR:4	Y 	INDIRECT-DOWNREGULATOR	Arg1:T11	Arg2:T27
12137927	CPR:4	Y 	INHIBITOR	Arg1:T11	Arg2:T26
12170059	CPR:5	Y 	AGONIST	Arg1:T15	Arg2:T33
12170059	CPR:5	Y 	AGONIST	Arg1:T16	Arg2:T33
12180353	CPR:3	Y 	INDIRECT-UPREGULATOR	Arg1:T15	Arg2:T22
12180353	CPR:9	Y 	SUBSTRATE	Arg1:T3	Arg2:T18
12181427	CPR:10	N 	NOT	Arg1:T9	Arg2:T24
12181427	CPR:10	N 	NOT	Arg1:T9	Arg2:T25
12181427	CPR:10	N 	NOT	Arg1:T9	Arg2:T26
12181427	CPR:1	N 	PART-OF	Arg1:T3	Arg2:T20
12181427	CPR:1	N 	PART-OF	Arg1:T3	Arg2:T22
12181427	CPR:1	N 	PART-OF	Arg1:T5	Arg2:T23
12181427	CPR:2	N 	REGULATOR	Arg1:T12	Arg2:T32
12181427	CPR:2	N 	REGULATOR	Arg1:T14	Arg2:T32
12181427	CPR:4	Y 	INHIBITOR	Arg1:T10	Arg2:T15
12181427	CPR:4	Y 	INHIBITOR	Arg1:T10	Arg2:T29
12181427	CPR:4	Y 	INHIBITOR	Arg1:T10	Arg2:T30
12181427	CPR:4	Y 	INHIBITOR	Arg1:T10	Arg2:T31
12181427	CPR:4	Y 	INHIBITOR	Arg1:T11	Arg2:T15
12181427	CPR:4	Y 	INHIBITOR	Arg1:T11	Arg2:T29
12181427	CPR:4	Y 	INHIBITOR	Arg1:T11	Arg2:T30
12181427	CPR:4	Y 	INHIBITOR	Arg1:T11	Arg2:T31
12181427	CPR:4	Y 	INHIBITOR	Arg1:T1	Arg2:T16
12181427	CPR:4	Y 	INHIBITOR	Arg1:T2	Arg2:T16
12181427	CPR:4	Y 	INHIBITOR	Arg1:T4	Arg2:T18
12181427	CPR:4	Y 	INHIBITOR	Arg1:T4	Arg2:T19
12181427	CPR:4	Y 	INHIBITOR	Arg1:T6	Arg2:T23
12181427	CPR:4	Y 	INHIBITOR	Arg1:T7	Arg2:T23
12181427	CPR:4	Y 	INHIBITOR	Arg1:T8	Arg2:T24
12181427	CPR:4	Y 	INHIBITOR	Arg1:T8	Arg2:T25
12181427	CPR:4	Y 	INHIBITOR	Arg1:T8	Arg2:T26
12181427	CPR:4	Y 	INHIBITOR	Arg1:T8	Arg2:T27
12181427	CPR:4	Y 	INHIBITOR	Arg1:T9	Arg2:T28
12217700	CPR:2	N 	DIRECT-REGULATOR	Arg1:T1	Arg2:T23
12217700	CPR:2	N 	DIRECT-REGULATOR	Arg1:T22	Arg2:T36
12217700	CPR:2	N 	DIRECT-REGULATOR	Arg1:T2	Arg2:T23
12217700	CPR:8	N 	COFACTOR	Arg1:T20	Arg2:T34
12217700	CPR:8	N 	COFACTOR	Arg1:T21	Arg2:T34
12217700	CPR:9	Y 	PRODUCT-OF	Arg1:T13	Arg2:T27
12217700	CPR:9	Y 	PRODUCT-OF	Arg1:T13	Arg2:T33
12217700	CPR:9	Y 	PRODUCT-OF	Arg1:T14	Arg2:T27
12217700	CPR:9	Y 	PRODUCT-OF	Arg1:T14	Arg2:T33
12383039	CPR:2	N 	DIRECT-REGULATOR	Arg1:T2	Arg2:T7
12383039	CPR:4	Y 	INHIBITOR	Arg1:T2	Arg2:T8
12409268	CPR:9	Y 	SUBSTRATE	Arg1:T7	Arg2:T22
12409268	CPR:9	Y 	SUBSTRATE	Arg1:T7	Arg2:T23
12409268	CPR:9	Y 	SUBSTRATE	Arg1:T7	Arg2:T24
12409268	CPR:9	Y 	SUBSTRATE	Arg1:T8	Arg2:T22
12409268	CPR:9	Y 	SUBSTRATE	Arg1:T8	Arg2:T23
12409268	CPR:9	Y 	SUBSTRATE	Arg1:T8	Arg2:T24
12445705	CPR:2	N 	REGULATOR	Arg1:T16	Arg2:T55
12445705	CPR:2	N 	REGULATOR	Arg1:T18	Arg2:T55
12445705	CPR:2	N 	REGULATOR	Arg1:T19	Arg2:T55
12445705	CPR:4	Y 	INHIBITOR	Arg1:T27	Arg2:T59
12445705	CPR:4	Y 	INHIBITOR	Arg1:T27	Arg2:T60
12445705	CPR:4	Y 	INHIBITOR	Arg1:T28	Arg2:T59
12445705	CPR:4	Y 	INHIBITOR	Arg1:T28	Arg2:T60
12445705	CPR:4	Y 	INHIBITOR	Arg1:T29	Arg2:T59
12445705	CPR:4	Y 	INHIBITOR	Arg1:T29	Arg2:T60
12445705	CPR:5	Y 	AGONIST	Arg1:T22	Arg2:T56
12445705	CPR:5	Y 	AGONIST	Arg1:T27	Arg2:T57
12445705	CPR:5	Y 	AGONIST	Arg1:T28	Arg2:T57
12445705	CPR:6	Y 	ANTAGONIST	Arg1:T29	Arg2:T58
12545144	CPR:3	Y 	ACTIVATOR	Arg1:T8	Arg2:T15
12545144	CPR:3	Y 	ACTIVATOR	Arg1:T8	Arg2:T16
12545144	CPR:3	Y 	ACTIVATOR	Arg1:T8	Arg2:T17
12588370	CPR:4	Y 	INHIBITOR	Arg1:T3	Arg2:T12
12588370	CPR:4	Y 	INHIBITOR	Arg1:T4	Arg2:T16
12623106	CPR:2	N 	DIRECT-REGULATOR	Arg1:T7	Arg2:T16
12623106	CPR:2	N 	DIRECT-REGULATOR	Arg1:T8	Arg2:T17
12623106	CPR:2	N 	DIRECT-REGULATOR	Arg1:T9	Arg2:T18
12623106	CPR:2	N 	DIRECT-REGULATOR	Arg1:T9	Arg2:T19
12657913	CPR:4	Y 	INHIBITOR	Arg1:T16	Arg2:T28
12657913	CPR:4	Y 	INHIBITOR	Arg1:T19	Arg2:T28
12657913	CPR:4	Y 	INHIBITOR	Arg1:T5	Arg2:T30
12657913	CPR:4	Y 	INHIBITOR	Arg1:T6	Arg2:T30
12657913	CPR:6	Y 	ANTAGONIST	Arg1:T16	Arg2:T29
12657913	CPR:6	Y 	ANTAGONIST	Arg1:T19	Arg2:T29
12657913	CPR:6	Y 	ANTAGONIST	Arg1:T26	Arg2:T31
12657913	CPR:6	Y 	ANTAGONIST	Arg1:T27	Arg2:T31
12657913	CPR:9	Y 	SUBSTRATE	Arg1:T10	Arg2:T30
12657913	CPR:9	Y 	SUBSTRATE	Arg1:T9	Arg2:T30
12679340	CPR:10	N 	NOT	Arg1:T14	Arg2:T31
12679340	CPR:1	N 	PART-OF	Arg1:T10	Arg2:T28
12679340	CPR:1	N 	PART-OF	Arg1:T11	Arg2:T28
12679340	CPR:1	N 	PART-OF	Arg1:T12	Arg2:T28
12679340	CPR:1	N 	PART-OF	Arg1:T13	Arg2:T28
12679340	CPR:1	N 	PART-OF	Arg1:T15	Arg2:T21
12679340	CPR:1	N 	PART-OF	Arg1:T16	Arg2:T21
12679340	CPR:1	N 	PART-OF	Arg1:T17	Arg2:T21
12679340	CPR:1	N 	PART-OF	Arg1:T18	Arg2:T21
12679340	CPR:1	N 	PART-OF	Arg1:T19	Arg2:T21
12679340	CPR:1	N 	PART-OF	Arg1:T6	Arg2:T26
12679340	CPR:1	N 	PART-OF	Arg1:T7	Arg2:T26
12679340	CPR:1	N 	PART-OF	Arg1:T9	Arg2:T28
12679340	CPR:2	N 	DIRECT-REGULATOR	Arg1:T14	Arg2:T28
12679340	CPR:2	N 	DIRECT-REGULATOR	Arg1:T8	Arg2:T28
12679340	CPR:4	Y 	INHIBITOR	Arg1:T1	Arg2:T21
12692940	CPR:10	N 	NOT	Arg1:T6	Arg2:T13
12692940	CPR:10	N 	NOT	Arg1:T6	Arg2:T14
12692940	CPR:10	N 	NOT	Arg1:T8	Arg2:T15
12783542	CPR:2	N 	DIRECT-REGULATOR	Arg1:T4	Arg2:T25
12783542	CPR:2	N 	DIRECT-REGULATOR	Arg1:T4	Arg2:T26
1280065	CPR:10	N 	NOT	Arg1:T3	Arg2:T25
1280065	CPR:10	N 	NOT	Arg1:T4	Arg2:T25
1280065	CPR:10	N 	NOT	Arg1:T5	Arg2:T25
1280065	CPR:10	N 	NOT	Arg1:T6	Arg2:T25
1280065	CPR:2	N 	DIRECT-REGULATOR	Arg1:T1	Arg2:T16
1280065	CPR:2	N 	DIRECT-REGULATOR	Arg1:T2	Arg2:T18
1280065	CPR:2	N 	DIRECT-REGULATOR	Arg1:T2	Arg2:T20
1280065	CPR:4	Y 	INHIBITOR	Arg1:T1	Arg2:T14
1280065	CPR:4	Y 	INHIBITOR	Arg1:T1	Arg2:T15
1280065	CPR:4	Y 	INHIBITOR	Arg1:T2	Arg2:T17
1280065	CPR:4	Y 	INHIBITOR	Arg1:T2	Arg2:T19
12818701	CPR:6	Y 	ANTAGONIST	Arg1:T14	Arg2:T28
12818701	CPR:6	Y 	ANTAGONIST	Arg1:T15	Arg2:T28
12818701	CPR:6	Y 	ANTAGONIST	Arg1:T16	Arg2:T30
12818701	CPR:6	Y 	ANTAGONIST	Arg1:T17	Arg2:T31
12818701	CPR:6	Y 	ANTAGONIST	Arg1:T18	Arg2:T32
12818701	CPR:6	Y 	ANTAGONIST	Arg1:T19	Arg2:T32
12818701	CPR:6	Y 	ANTAGONIST	Arg1:T1	Arg2:T32
12818701	CPR:6	Y 	ANTAGONIST	Arg1:T2	Arg2:T20
12818701	CPR:6	Y 	ANTAGONIST	Arg1:T3	Arg2:T20
12818701	CPR:6	Y 	ANTAGONIST	Arg1:T4	Arg2:T21
12818701	CPR:6	Y 	ANTAGONIST	Arg1:T5	Arg2:T21
12824918	CPR:4	Y 	INHIBITOR	Arg1:T2	Arg2:T10
12827214	CPR:2	N 	DIRECT-REGULATOR	Arg1:T6	Arg2:T41
12827214	CPR:2	N 	DIRECT-REGULATOR	Arg1:T7	Arg2:T41
12827214	CPR:6	Y 	ANTAGONIST	Arg1:T36	Arg2:T46
12827214	CPR:6	Y 	ANTAGONIST	Arg1:T37	Arg2:T46
12827214	CPR:6	Y 	ANTAGONIST	Arg1:T38	Arg2:T46
12837768	CPR:1	N 	PART-OF	Arg1:T9	Arg2:T23
12837768	CPR:2	N 	DIRECT-REGULATOR	Arg1:T3	Arg2:T17
12837768	CPR:2	N 	DIRECT-REGULATOR	Arg1:T4	Arg2:T17
12837768	CPR:9	Y 	SUBSTRATE	Arg1:T2	Arg2:T16
12837768	CPR:9	Y 	SUBSTRATE	Arg1:T5	Arg2:T19
12837768	CPR:9	Y 	SUBSTRATE	Arg1:T6	Arg2:T19
1284246	CPR:10	N 	NOT	Arg1:T4	Arg2:T17
1284246	CPR:10	N 	NOT	Arg1:T4	Arg2:T18
1284246	CPR:10	N 	NOT	Arg1:T4	Arg2:T21
1284246	CPR:10	N 	NOT	Arg1:T4	Arg2:T23
1284246	CPR:10	N 	NOT	Arg1:T4	Arg2:T25
1284246	CPR:1	N 	PART-OF	Arg1:T10	Arg2:T22
1284246	CPR:1	N 	PART-OF	Arg1:T11	Arg2:T22
1284246	CPR:1	N 	PART-OF	Arg1:T13	Arg2:T26
1284246	CPR:1	N 	PART-OF	Arg1:T14	Arg2:T26
1284246	CPR:1	N 	PART-OF	Arg1:T15	Arg2:T16
1284246	CPR:1	N 	PART-OF	Arg1:T15	Arg2:T28
1284246	CPR:1	N 	PART-OF	Arg1:T5	Arg2:T17
1284246	CPR:1	N 	PART-OF	Arg1:T5	Arg2:T18
1284246	CPR:1	N 	PART-OF	Arg1:T5	Arg2:T23
1284246	CPR:1	N 	PART-OF	Arg1:T5	Arg2:T25
1284246	CPR:1	N 	PART-OF	Arg1:T6	Arg2:T22
1284246	CPR:1	N 	PART-OF	Arg1:T7	Arg2:T22
1284246	CPR:1	N 	PART-OF	Arg1:T8	Arg2:T22
1284246	CPR:1	N 	PART-OF	Arg1:T9	Arg2:T22
1284246	CPR:9	Y 	SUBSTRATE	Arg1:T3	Arg2:T17
1284246	CPR:9	Y 	SUBSTRATE	Arg1:T3	Arg2:T18
1284246	CPR:9	Y 	SUBSTRATE	Arg1:T3	Arg2:T21
1284246	CPR:9	Y 	SUBSTRATE	Arg1:T3	Arg2:T23
1284246	CPR:9	Y 	SUBSTRATE	Arg1:T3	Arg2:T25
12844134	CPR:2	N 	INDIRECT-REGULATOR	Arg1:T1	Arg2:T13
12844134	CPR:2	N 	INDIRECT-REGULATOR	Arg1:T2	Arg2:T15
12844134	CPR:2	N 	INDIRECT-REGULATOR	Arg1:T7	Arg2:T17
12901032	CPR:4	Y 	INHIBITOR	Arg1:T6	Arg2:T22
12901032	CPR:4	Y 	INHIBITOR	Arg1:T6	Arg2:T23
12901032	CPR:4	Y 	INHIBITOR	Arg1:T7	Arg2:T22
12901032	CPR:4	Y 	INHIBITOR	Arg1:T7	Arg2:T23
12901032	CPR:4	Y 	INHIBITOR	Arg1:T8	Arg2:T22
12901032	CPR:4	Y 	INHIBITOR	Arg1:T8	Arg2:T23
12901032	CPR:4	Y 	INHIBITOR	Arg1:T9	Arg2:T22
12901032	CPR:4	Y 	INHIBITOR	Arg1:T9	Arg2:T23
12927226	CPR:3	Y 	INDIRECT-UPREGULATOR	Arg1:T11	Arg2:T13
12927226	CPR:4	Y 	INHIBITOR	Arg1:T9	Arg2:T21
12927226	CPR:6	Y 	ANTAGONIST	Arg1:T12	Arg2:T24
12927226	CPR:6	Y 	ANTAGONIST	Arg1:T3	Arg2:T14
1318989	CPR:2	N 	REGULATOR	Arg1:T2	Arg2:T22
1318989	CPR:2	N 	REGULATOR	Arg1:T2	Arg2:T23
1318989	CPR:2	N 	REGULATOR	Arg1:T6	Arg2:T24
1318989	CPR:2	N 	REGULATOR	Arg1:T6	Arg2:T25
1318989	CPR:5	Y 	AGONIST	Arg1:T18	Arg2:T29
1322429	CPR:10	N 	NOT	Arg1:T1	Arg2:T32
1322429	CPR:10	N 	NOT	Arg1:T3	Arg2:T22
1322429	CPR:10	N 	NOT	Arg1:T3	Arg2:T23
1322429	CPR:10	N 	NOT	Arg1:T5	Arg2:T24
1322429	CPR:10	N 	NOT	Arg1:T5	Arg2:T25
1322429	CPR:10	N 	NOT	Arg1:T6	Arg2:T26
1322429	CPR:10	N 	NOT	Arg1:T6	Arg2:T27
1322429	CPR:10	N 	NOT	Arg1:T9	Arg2:T30
1322429	CPR:10	N 	NOT	Arg1:T9	Arg2:T31
1322429	CPR:4	Y 	DOWNREGULATOR	Arg1:T18	Arg2:T34
1322429	CPR:4	Y 	DOWNREGULATOR	Arg1:T18	Arg2:T35
1322429	CPR:4	Y 	DOWNREGULATOR	Arg1:T18	Arg2:T36
1322429	CPR:4	Y 	DOWNREGULATOR	Arg1:T18	Arg2:T37
1322429	CPR:4	Y 	DOWNREGULATOR	Arg1:T18	Arg2:T38
1322429	CPR:4	Y 	DOWNREGULATOR	Arg1:T18	Arg2:T39
1322429	CPR:4	Y 	INDIRECT-DOWNREGULATOR	Arg1:T14	Arg2:T33
1322429	CPR:4	Y 	INDIRECT-DOWNREGULATOR	Arg1:T1	Arg2:T20
1322429	CPR:4	Y 	INDIRECT-DOWNREGULATOR	Arg1:T7	Arg2:T28
1322429	CPR:4	Y 	INDIRECT-DOWNREGULATOR	Arg1:T7	Arg2:T29
1329582	CPR:6	Y 	ANTAGONIST	Arg1:T5	Arg2:T18
1359745	CPR:4	Y 	INHIBITOR	Arg1:T18	Arg2:T29
1359745	CPR:4	Y 	INHIBITOR	Arg1:T19	Arg2:T30
1359745	CPR:4	Y 	INHIBITOR	Arg1:T20	Arg2:T30
1359745	CPR:9	Y 	PRODUCT-OF	Arg1:T17	Arg2:T25
1359745	CPR:9	Y 	PRODUCT-OF	Arg1:T17	Arg2:T26
1359745	CPR:9	Y 	PRODUCT-OF	Arg1:T21	Arg2:T25
1359745	CPR:9	Y 	PRODUCT-OF	Arg1:T21	Arg2:T26
14583450	CPR:1	N 	PART-OF	Arg1:T4	Arg2:T46
14583450	CPR:4	Y 	INHIBITOR	Arg1:T3	Arg2:T26
14583450	CPR:9	Y 	PRODUCT-OF	Arg1:T2	Arg2:T40
14583450	CPR:9	Y 	PRODUCT-OF	Arg1:T2	Arg2:T7
14583450	CPR:9	Y 	SUBSTRATE	Arg1:T5	Arg2:T40
14583450	CPR:9	Y 	SUBSTRATE	Arg1:T5	Arg2:T7
14588118	CPR:2	N 	INDIRECT-REGULATOR	Arg1:T5	Arg2:T17
14588118	CPR:3	Y 	INDIRECT-UPREGULATOR	Arg1:T4	Arg2:T15
14588118	CPR:4	Y 	INDIRECT-DOWNREGULATOR	Arg1:T4	Arg2:T16
14588118	CPR:4	Y 	INHIBITOR	Arg1:T3	Arg2:T14
14619588	CPR:10	N 	NOT	Arg1:T1	Arg2:T12
14619588	CPR:10	N 	NOT	Arg1:T8	Arg2:T17
14619588	CPR:3	Y 	INDIRECT-UPREGULATOR	Arg1:T1	Arg2:T11
14619588	CPR:3	Y 	INDIRECT-UPREGULATOR	Arg1:T7	Arg2:T15
14757145	CPR:2	N 	REGULATOR	Arg1:T3	Arg2:T16
14757145	CPR:2	N 	REGULATOR	Arg1:T4	Arg2:T16
14757145	CPR:4	Y 	DOWNREGULATOR	Arg1:T5	Arg2:T18
14757145	CPR:5	Y 	AGONIST	Arg1:T4	Arg2:T15
14757145	CPR:6	Y 	ANTAGONIST	Arg1:T3	Arg2:T14
14757700	CPR:3	Y 	ACTIVATOR	Arg1:T14	Arg2:T42
14757700	CPR:3	Y 	ACTIVATOR	Arg1:T16	Arg2:T44
14757700	CPR:3	Y 	ACTIVATOR	Arg1:T17	Arg2:T46
14757700	CPR:3	Y 	ACTIVATOR	Arg1:T18	Arg2:T46
14757700	CPR:3	Y 	ACTIVATOR	Arg1:T1	Arg2:T40
14757700	CPR:3	Y 	ACTIVATOR	Arg1:T1	Arg2:T51
14757700	CPR:3	Y 	ACTIVATOR	Arg1:T1	Arg2:T55
14757700	CPR:3	Y 	ACTIVATOR	Arg1:T35	Arg2:T40
14757700	CPR:3	Y 	ACTIVATOR	Arg1:T35	Arg2:T51
14757700	CPR:3	Y 	ACTIVATOR	Arg1:T35	Arg2:T55
14757700	CPR:3	Y 	ACTIVATOR	Arg1:T7	Arg2:T40
14757700	CPR:3	Y 	ACTIVATOR	Arg1:T7	Arg2:T51
14757700	CPR:3	Y 	ACTIVATOR	Arg1:T7	Arg2:T55
14757700	CPR:4	Y 	INHIBITOR	Arg1:T11	Arg2:T42
14757700	CPR:4	Y 	INHIBITOR	Arg1:T12	Arg2:T42
14757700	CPR:4	Y 	INHIBITOR	Arg1:T13	Arg2:T42
14757700	CPR:5	Y 	AGONIST	Arg1:T16	Arg2:T45
14757700	CPR:6	Y 	ANTAGONIST	Arg1:T11	Arg2:T41
14757700	CPR:6	Y 	ANTAGONIST	Arg1:T12	Arg2:T41
14757700	CPR:6	Y 	ANTAGONIST	Arg1:T13	Arg2:T41
15049511	CPR:2	N 	REGULATOR	Arg1:T8	Arg2:T22
15049511	CPR:2	N 	REGULATOR	Arg1:T8	Arg2:T23
15049511	CPR:2	N 	REGULATOR	Arg1:T8	Arg2:T24
15049511	CPR:2	N 	REGULATOR	Arg1:T8	Arg2:T26
15049511	CPR:4	Y 	INHIBITOR	Arg1:T2	Arg2:T20
15049511	CPR:4	Y 	INHIBITOR	Arg1:T2	Arg2:T9
15049511	CPR:4	Y 	INHIBITOR	Arg1:T4	Arg2:T17
15049511	CPR:4	Y 	INHIBITOR	Arg1:T4	Arg2:T18
15049511	CPR:4	Y 	INHIBITOR	Arg1:T4	Arg2:T19
15049511	CPR:4	Y 	INHIBITOR	Arg1:T8	Arg2:T25
15109613	CPR:4	Y 	INHIBITOR	Arg1:T3	Arg2:T10
15180525	CPR:10	N 	NOT	Arg1:T1	Arg2:T27
15180525	CPR:10	N 	NOT	Arg1:T2	Arg2:T27
15180525	CPR:10	N 	NOT	Arg1:T3	Arg2:T27
15180525	CPR:10	N 	NOT	Arg1:T4	Arg2:T27
15180525	CPR:2	N 	DIRECT-REGULATOR	Arg1:T5	Arg2:T31
15180525	CPR:4	Y 	INHIBITOR	Arg1:T10	Arg2:T34
15180525	CPR:4	Y 	INHIBITOR	Arg1:T10	Arg2:T35
15180525	CPR:4	Y 	INHIBITOR	Arg1:T11	Arg2:T34
15180525	CPR:4	Y 	INHIBITOR	Arg1:T11	Arg2:T35
15180525	CPR:4	Y 	INHIBITOR	Arg1:T12	Arg2:T34
15180525	CPR:4	Y 	INHIBITOR	Arg1:T12	Arg2:T35
15180525	CPR:4	Y 	INHIBITOR	Arg1:T13	Arg2:T34
15180525	CPR:4	Y 	INHIBITOR	Arg1:T13	Arg2:T35
15180525	CPR:4	Y 	INHIBITOR	Arg1:T14	Arg2:T34
15180525	CPR:4	Y 	INHIBITOR	Arg1:T14	Arg2:T35
15180525	CPR:4	Y 	INHIBITOR	Arg1:T15	Arg2:T34
15180525	CPR:4	Y 	INHIBITOR	Arg1:T15	Arg2:T35
15180525	CPR:4	Y 	INHIBITOR	Arg1:T16	Arg2:T34
15180525	CPR:4	Y 	INHIBITOR	Arg1:T16	Arg2:T35
15180525	CPR:4	Y 	INHIBITOR	Arg1:T17	Arg2:T34
15180525	CPR:4	Y 	INHIBITOR	Arg1:T17	Arg2:T35
15180525	CPR:4	Y 	INHIBITOR	Arg1:T18	Arg2:T34
15180525	CPR:4	Y 	INHIBITOR	Arg1:T18	Arg2:T35
15180525	CPR:4	Y 	INHIBITOR	Arg1:T19	Arg2:T34
15180525	CPR:4	Y 	INHIBITOR	Arg1:T19	Arg2:T35
15180525	CPR:4	Y 	INHIBITOR	Arg1:T1	Arg2:T28
15180525	CPR:4	Y 	INHIBITOR	Arg1:T1	Arg2:T29
15180525	CPR:4	Y 	INHIBITOR	Arg1:T1	Arg2:T30
15180525	CPR:4	Y 	INHIBITOR	Arg1:T20	Arg2:T34
15180525	CPR:4	Y 	INHIBITOR	Arg1:T20	Arg2:T35
15180525	CPR:4	Y 	INHIBITOR	Arg1:T21	Arg2:T34
15180525	CPR:4	Y 	INHIBITOR	Arg1:T21	Arg2:T35
15180525	CPR:4	Y 	INHIBITOR	Arg1:T2	Arg2:T28
15180525	CPR:4	Y 	INHIBITOR	Arg1:T2	Arg2:T29
15180525	CPR:4	Y 	INHIBITOR	Arg1:T2	Arg2:T30
15180525	CPR:4	Y 	INHIBITOR	Arg1:T3	Arg2:T28
15180525	CPR:4	Y 	INHIBITOR	Arg1:T3	Arg2:T29
15180525	CPR:4	Y 	INHIBITOR	Arg1:T3	Arg2:T30
15180525	CPR:4	Y 	INHIBITOR	Arg1:T4	Arg2:T28
15180525	CPR:4	Y 	INHIBITOR	Arg1:T4	Arg2:T29
15180525	CPR:4	Y 	INHIBITOR	Arg1:T4	Arg2:T30
15180525	CPR:4	Y 	INHIBITOR	Arg1:T9	Arg2:T32
15192023	CPR:2	N 	REGULATOR	Arg1:T11	Arg2:T33
15192023	CPR:2	N 	REGULATOR	Arg1:T3	Arg2:T18
15192023	CPR:2	N 	REGULATOR	Arg1:T7	Arg2:T19
15192023	CPR:3	Y 	ACTIVATOR	Arg1:T2	Arg2:T16
15192023	CPR:3	Y 	INDIRECT-UPREGULATOR	Arg1:T10	Arg2:T26
15192023	CPR:3	Y 	INDIRECT-UPREGULATOR	Arg1:T10	Arg2:T27
15192023	CPR:3	Y 	INDIRECT-UPREGULATOR	Arg1:T10	Arg2:T28
15192023	CPR:3	Y 	INDIRECT-UPREGULATOR	Arg1:T10	Arg2:T29
15192023	CPR:3	Y 	INDIRECT-UPREGULATOR	Arg1:T10	Arg2:T30
15192023	CPR:3	Y 	INDIRECT-UPREGULATOR	Arg1:T12	Arg2:T15
15192023	CPR:3	Y 	INDIRECT-UPREGULATOR	Arg1:T12	Arg2:T36
15192023	CPR:3	Y 	INDIRECT-UPREGULATOR	Arg1:T14	Arg2:T39
15192023	CPR:3	Y 	UPREGULATOR	Arg1:T10	Arg2:T24
15192023	CPR:3	Y 	UPREGULATOR	Arg1:T10	Arg2:T25
15192023	CPR:3	Y 	UPREGULATOR	Arg1:T11	Arg2:T32
15192023	CPR:3	Y 	UPREGULATOR	Arg1:T12	Arg2:T35
15192023	CPR:3	Y 	UPREGULATOR	Arg1:T14	Arg2:T38
15192023	CPR:4	Y 	INHIBITOR	Arg1:T11	Arg2:T31
15192023	CPR:4	Y 	INHIBITOR	Arg1:T11	Arg2:T34
15192023	CPR:4	Y 	INHIBITOR	Arg1:T14	Arg2:T37
15192023	CPR:4	Y 	INHIBITOR	Arg1:T2	Arg2:T17
15198222	CPR:2	N 	REGULATOR	Arg1:T10	Arg2:T31
15198222	CPR:2	N 	REGULATOR	Arg1:T11	Arg2:T31
15198222	CPR:2	N 	REGULATOR	Arg1:T12	Arg2:T31
15198222	CPR:2	N 	REGULATOR	Arg1:T7	Arg2:T31
15198222	CPR:2	N 	REGULATOR	Arg1:T8	Arg2:T31
15198222	CPR:2	N 	REGULATOR	Arg1:T9	Arg2:T31
15198222	CPR:4	Y 	INHIBITOR	Arg1:T13	Arg2:T17
15198222	CPR:4	Y 	INHIBITOR	Arg1:T13	Arg2:T18
15198222	CPR:4	Y 	INHIBITOR	Arg1:T14	Arg2:T17
15198222	CPR:4	Y 	INHIBITOR	Arg1:T14	Arg2:T18
15198222	CPR:4	Y 	INHIBITOR	Arg1:T15	Arg2:T17
15198222	CPR:4	Y 	INHIBITOR	Arg1:T15	Arg2:T18
15198222	CPR:4	Y 	INHIBITOR	Arg1:T16	Arg2:T17
15198222	CPR:4	Y 	INHIBITOR	Arg1:T16	Arg2:T18
15198222	CPR:4	Y 	INHIBITOR	Arg1:T1	Arg2:T17
15198222	CPR:4	Y 	INHIBITOR	Arg1:T1	Arg2:T18
15198222	CPR:4	Y 	INHIBITOR	Arg1:T2	Arg2:T22
15198222	CPR:4	Y 	INHIBITOR	Arg1:T3	Arg2:T22
15198222	CPR:4	Y 	INHIBITOR	Arg1:T4	Arg2:T22
15198222	CPR:4	Y 	INHIBITOR	Arg1:T5	Arg2:T23
15198222	CPR:4	Y 	INHIBITOR	Arg1:T6	Arg2:T23
15291969	CPR:2	N 	INDIRECT-REGULATOR	Arg1:T1	Arg2:T22
15292070	CPR:4	Y 	INHIBITOR	Arg1:T1	Arg2:T2
15299009	CPR:1	N 	PART-OF	Arg1:T3	Arg2:T10
15325927	CPR:4	Y 	INDIRECT-DOWNREGULATOR	Arg1:T1	Arg2:T8
15325927	CPR:4	Y 	INDIRECT-DOWNREGULATOR	Arg1:T6	Arg2:T11
15325927	CPR:4	Y 	INDIRECT-DOWNREGULATOR	Arg1:T6	Arg2:T12
15367040	CPR:2	N 	DIRECT-REGULATOR	Arg1:T1	Arg2:T4
15367040	CPR:2	N 	DIRECT-REGULATOR	Arg1:T1	Arg2:T5
15367040	CPR:2	N 	REGULATOR	Arg1:T3	Arg2:T6
1543672	CPR:4	Y 	INHIBITOR	Arg1:T15	Arg2:T23
1543672	CPR:4	Y 	INHIBITOR	Arg1:T18	Arg2:T25
1543672	CPR:4	Y 	INHIBITOR	Arg1:T1	Arg2:T20
1543672	CPR:4	Y 	INHIBITOR	Arg1:T2	Arg2:T24
1543672	CPR:4	Y 	INHIBITOR	Arg1:T7	Arg2:T20
15446566	CPR:10	N 	NOT	Arg1:T12	Arg2:T24
15446566	CPR:10	N 	NOT	Arg1:T12	Arg2:T25
15446566	CPR:10	N 	NOT	Arg1:T13	Arg2:T26
15446566	CPR:2	N 	INDIRECT-REGULATOR	Arg1:T11	Arg2:T19
15446566	CPR:2	N 	INDIRECT-REGULATOR	Arg1:T11	Arg2:T20
15474503	CPR:2	N 	INDIRECT-REGULATOR	Arg1:T1	Arg2:T21
15474503	CPR:2	N 	REGULATOR	Arg1:T16	Arg2:T41
15474503	CPR:3	Y 	INDIRECT-UPREGULATOR	Arg1:T11	Arg2:T34
15474503	CPR:3	Y 	INDIRECT-UPREGULATOR	Arg1:T12	Arg2:T34
15474503	CPR:3	Y 	INDIRECT-UPREGULATOR	Arg1:T13	Arg2:T36
15474503	CPR:3	Y 	INDIRECT-UPREGULATOR	Arg1:T15	Arg2:T40
15474503	CPR:3	Y 	INDIRECT-UPREGULATOR	Arg1:T1	Arg2:T17
15474503	CPR:3	Y 	INDIRECT-UPREGULATOR	Arg1:T1	Arg2:T18
15474503	CPR:3	Y 	INDIRECT-UPREGULATOR	Arg1:T1	Arg2:T22
15474503	CPR:3	Y 	INDIRECT-UPREGULATOR	Arg1:T1	Arg2:T23
15474503	CPR:3	Y 	INDIRECT-UPREGULATOR	Arg1:T3	Arg2:T29
15474503	CPR:3	Y 	INDIRECT-UPREGULATOR	Arg1:T4	Arg2:T29
15474503	CPR:3	Y 	INDIRECT-UPREGULATOR	Arg1:T5	Arg2:T29
15474503	CPR:3	Y 	INDIRECT-UPREGULATOR	Arg1:T9	Arg2:T34
15474503	CPR:4	Y 	INDIRECT-DOWNREGULATOR	Arg1:T6	Arg2:T31
15474503	CPR:4	Y 	INHIBITOR	Arg1:T15	Arg2:T38
15474503	CPR:4	Y 	INHIBITOR	Arg1:T15	Arg2:T39
15474503	CPR:4	Y 	INHIBITOR	Arg1:T1	Arg2:T19
15474503	CPR:4	Y 	INHIBITOR	Arg1:T1	Arg2:T20
15557593	CPR:4	Y 	INHIBITOR	Arg1:T5	Arg2:T17
15557593	CPR:4	Y 	INHIBITOR	Arg1:T5	Arg2:T18
15557593	CPR:4	Y 	INHIBITOR	Arg1:T5	Arg2:T19
15557593	CPR:4	Y 	INHIBITOR	Arg1:T6	Arg2:T17
15557593	CPR:4	Y 	INHIBITOR	Arg1:T6	Arg2:T18
15557593	CPR:4	Y 	INHIBITOR	Arg1:T6	Arg2:T19
15557593	CPR:4	Y 	INHIBITOR	Arg1:T7	Arg2:T8
15563928	CPR:10	N 	NOT	Arg1:T6	Arg2:T16
15563928	CPR:4	Y 	INDIRECT-DOWNREGULATOR	Arg1:T5	Arg2:T16
15563928	CPR:4	Y 	INHIBITOR	Arg1:T9	Arg2:T25
15612980	CPR:2	N 	INDIRECT-REGULATOR	Arg1:T12	Arg2:T14
15612980	CPR:2	N 	INDIRECT-REGULATOR	Arg1:T12	Arg2:T35
15612980	CPR:2	N 	INDIRECT-REGULATOR	Arg1:T12	Arg2:T36
15612980	CPR:2	N 	INDIRECT-REGULATOR	Arg1:T1	Arg2:T19
15612980	CPR:2	N 	INDIRECT-REGULATOR	Arg1:T1	Arg2:T20
15612980	CPR:2	N 	INDIRECT-REGULATOR	Arg1:T1	Arg2:T21
15612980	CPR:2	N 	INDIRECT-REGULATOR	Arg1:T1	Arg2:T22
15612980	CPR:2	N 	INDIRECT-REGULATOR	Arg1:T2	Arg2:T23
15612980	CPR:2	N 	INDIRECT-REGULATOR	Arg1:T2	Arg2:T24
15612980	CPR:2	N 	INDIRECT-REGULATOR	Arg1:T2	Arg2:T25
15612980	CPR:2	N 	INDIRECT-REGULATOR	Arg1:T2	Arg2:T26
15612980	CPR:2	N 	INDIRECT-REGULATOR	Arg1:T2	Arg2:T27
15612980	CPR:2	N 	INDIRECT-REGULATOR	Arg1:T2	Arg2:T28
15612980	CPR:2	N 	INDIRECT-REGULATOR	Arg1:T2	Arg2:T29
15612980	CPR:2	N 	INDIRECT-REGULATOR	Arg1:T2	Arg2:T30
15612980	CPR:2	N 	INDIRECT-REGULATOR	Arg1:T2	Arg2:T31
15612980	CPR:2	N 	INDIRECT-REGULATOR	Arg1:T2	Arg2:T32
15612980	CPR:2	N 	REGULATOR	Arg1:T12	Arg2:T13
15629255	CPR:10	N 	NOT	Arg1:T2	Arg2:T13
15629255	CPR:2	N 	INDIRECT-REGULATOR	Arg1:T1	Arg2:T11
15629255	CPR:2	N 	INDIRECT-REGULATOR	Arg1:T2	Arg2:T14
15629255	CPR:2	N 	INDIRECT-REGULATOR	Arg1:T4	Arg2:T18
15629255	CPR:6	Y 	ANTAGONIST	Arg1:T10	Arg2:T23
15629255	CPR:6	Y 	ANTAGONIST	Arg1:T10	Arg2:T24
15629255	CPR:6	Y 	ANTAGONIST	Arg1:T4	Arg2:T17
15646028	CPR:3	Y 	ACTIVATOR	Arg1:T3	Arg2:T16
15646028	CPR:3	Y 	ACTIVATOR	Arg1:T3	Arg2:T17
15646028	CPR:3	Y 	ACTIVATOR	Arg1:T3	Arg2:T18
15665864	CPR:10	N 	NOT	Arg1:T1	Arg2:T13
15665864	CPR:10	N 	NOT	Arg1:T3	Arg2:T15
15665864	CPR:10	N 	NOT	Arg1:T3	Arg2:T16
15665864	CPR:2	N 	REGULATOR	Arg1:T12	Arg2:T23
15665864	CPR:2	N 	REGULATOR	Arg1:T4	Arg2:T17
15665864	CPR:4	Y 	INDIRECT-DOWNREGULATOR	Arg1:T2	Arg2:T14
15665864	CPR:4	Y 	INDIRECT-DOWNREGULATOR	Arg1:T4	Arg2:T18
15665864	CPR:4	Y 	INHIBITOR	Arg1:T4	Arg2:T19
15671155	CPR:2	N 	INDIRECT-REGULATOR	Arg1:T2	Arg2:T37
15671155	CPR:3	Y 	ACTIVATOR	Arg1:T6	Arg2:T27
15671155	CPR:3	Y 	ACTIVATOR	Arg1:T6	Arg2:T28
15671155	CPR:4	Y 	INHIBITOR	Arg1:T21	Arg2:T35
15671155	CPR:4	Y 	INHIBITOR	Arg1:T22	Arg2:T35
15671155	CPR:9	Y 	PRODUCT-OF	Arg1:T16	Arg2:T26
15671155	CPR:9	Y 	PRODUCT-OF	Arg1:T16	Arg2:T29
15671155	CPR:9	Y 	PRODUCT-OF	Arg1:T16	Arg2:T30
15671155	CPR:9	Y 	PRODUCT-OF	Arg1:T16	Arg2:T36
15671155	CPR:9	Y 	PRODUCT-OF	Arg1:T18	Arg2:T32
15671155	CPR:9	Y 	PRODUCT-OF	Arg1:T18	Arg2:T33
15671155	CPR:9	Y 	SUBSTRATE	Arg1:T10	Arg2:T26
15671155	CPR:9	Y 	SUBSTRATE	Arg1:T10	Arg2:T29
15671155	CPR:9	Y 	SUBSTRATE	Arg1:T10	Arg2:T30
15671155	CPR:9	Y 	SUBSTRATE	Arg1:T10	Arg2:T36
15737409	CPR:2	N 	REGULATOR	Arg1:T14	Arg2:T28
15737409	CPR:2	N 	REGULATOR	Arg1:T14	Arg2:T29
15737409	CPR:2	N 	REGULATOR	Arg1:T14	Arg2:T30
15737409	CPR:2	N 	REGULATOR	Arg1:T14	Arg2:T31
15737409	CPR:2	N 	REGULATOR	Arg1:T20	Arg2:T37
15737409	CPR:2	N 	REGULATOR	Arg1:T3	Arg2:T21
15737409	CPR:3	Y 	ACTIVATOR	Arg1:T15	Arg2:T31
15737409	CPR:9	Y 	SUBSTRATE	Arg1:T17	Arg2:T33
15737409	CPR:9	Y 	SUBSTRATE	Arg1:T17	Arg2:T35
15737409	CPR:9	Y 	SUBSTRATE	Arg1:T18	Arg2:T33
15737409	CPR:9	Y 	SUBSTRATE	Arg1:T18	Arg2:T35
15787205	CPR:2	N 	DIRECT-REGULATOR	Arg1:T3	Arg2:T9
15787205	CPR:2	N 	DIRECT-REGULATOR	Arg1:T4	Arg2:T10
15787205	CPR:2	N 	REGULATOR	Arg1:T2	Arg2:T9
15787205	CPR:2	N 	REGULATOR	Arg1:T7	Arg2:T12
15787205	CPR:2	N 	REGULATOR	Arg1:T7	Arg2:T13
15787205	CPR:4	Y 	INHIBITOR	Arg1:T1	Arg2:T11
15811959	CPR:2	N 	INDIRECT-REGULATOR	Arg1:T1	Arg2:T7
15811959	CPR:2	N 	REGULATOR	Arg1:T4	Arg2:T19
15811959	CPR:2	N 	REGULATOR	Arg1:T4	Arg2:T20
15811959	CPR:3	Y 	INDIRECT-UPREGULATOR	Arg1:T3	Arg2:T8
15811959	CPR:3	Y 	INDIRECT-UPREGULATOR	Arg1:T4	Arg2:T21
15811959	CPR:3	Y 	INDIRECT-UPREGULATOR	Arg1:T4	Arg2:T22
15811959	CPR:3	Y 	UPREGULATOR	Arg1:T4	Arg2:T23
15837926	CPR:1	N 	PART-OF	Arg1:T7	Arg2:T18
15837926	CPR:1	N 	PART-OF	Arg1:T7	Arg2:T19
15837926	CPR:1	N 	PART-OF	Arg1:T7	Arg2:T20
15837926	CPR:9	Y 	SUBSTRATE	Arg1:T2	Arg2:T10
15837926	CPR:9	Y 	SUBSTRATE	Arg1:T2	Arg2:T11
15837926	CPR:9	Y 	SUBSTRATE	Arg1:T2	Arg2:T12
15837926	CPR:9	Y 	SUBSTRATE	Arg1:T3	Arg2:T10
15837926	CPR:9	Y 	SUBSTRATE	Arg1:T3	Arg2:T11
15837926	CPR:9	Y 	SUBSTRATE	Arg1:T3	Arg2:T12
15837926	CPR:9	Y 	SUBSTRATE	Arg1:T4	Arg2:T10
15837926	CPR:9	Y 	SUBSTRATE	Arg1:T4	Arg2:T11
15837926	CPR:9	Y 	SUBSTRATE	Arg1:T8	Arg2:T21
15840827	CPR:1	N 	PART-OF	Arg1:T5	Arg2:T19
15840827	CPR:1	N 	PART-OF	Arg1:T5	Arg2:T23
1600046	CPR:10	N 	NOT	Arg1:T16	Arg2:T26
1600046	CPR:10	N 	NOT	Arg1:T16	Arg2:T27
1600046	CPR:10	N 	NOT	Arg1:T17	Arg2:T26
1600046	CPR:10	N 	NOT	Arg1:T17	Arg2:T27
1600046	CPR:4	Y 	INHIBITOR	Arg1:T11	Arg2:T24
1600046	CPR:4	Y 	INHIBITOR	Arg1:T12	Arg2:T24
1600046	CPR:4	Y 	INHIBITOR	Arg1:T13	Arg2:T24
1600046	CPR:5	Y 	AGONIST	Arg1:T11	Arg2:T25
1600046	CPR:5	Y 	AGONIST	Arg1:T12	Arg2:T25
1600046	CPR:5	Y 	AGONIST	Arg1:T13	Arg2:T25
1600046	CPR:5	Y 	AGONIST	Arg1:T14	Arg2:T27
1600046	CPR:5	Y 	AGONIST	Arg1:T15	Arg2:T27
1600046	CPR:6	Y 	ANTAGONIST	Arg1:T10	Arg2:T23
1600046	CPR:6	Y 	ANTAGONIST	Arg1:T14	Arg2:T26
1600046	CPR:6	Y 	ANTAGONIST	Arg1:T15	Arg2:T26
1600046	CPR:6	Y 	ANTAGONIST	Arg1:T2	Arg2:T19
1600046	CPR:6	Y 	ANTAGONIST	Arg1:T6	Arg2:T23
1600046	CPR:6	Y 	ANTAGONIST	Arg1:T7	Arg2:T23
1600046	CPR:6	Y 	ANTAGONIST	Arg1:T8	Arg2:T23
1600046	CPR:6	Y 	ANTAGONIST	Arg1:T9	Arg2:T23
16018973	CPR:10	N 	NOT	Arg1:T1	Arg2:T8
16018973	CPR:10	N 	NOT	Arg1:T4	Arg2:T13
16018973	CPR:10	N 	NOT	Arg1:T5	Arg2:T15
16018973	CPR:2	N 	DIRECT-REGULATOR	Arg1:T1	Arg2:T7
16018973	CPR:2	N 	REGULATOR	Arg1:T2	Arg2:T9
16018973	CPR:2	N 	REGULATOR	Arg1:T3	Arg2:T9
16018973	CPR:2	N 	REGULATOR	Arg1:T4	Arg2:T12
16018973	CPR:2	N 	REGULATOR	Arg1:T5	Arg2:T14
16018973	CPR:2	N 	REGULATOR	Arg1:T6	Arg2:T16
16018973	CPR:3	Y 	INDIRECT-UPREGULATOR	Arg1:T1	Arg2:T10
16232421	CPR:10	N 	NOT	Arg1:T21	Arg2:T37
16232421	CPR:10	N 	NOT	Arg1:T21	Arg2:T38
16232421	CPR:9	Y 	PRODUCT-OF	Arg1:T17	Arg2:T33
16232421	CPR:9	Y 	PRODUCT-OF	Arg1:T17	Arg2:T34
16232421	CPR:9	Y 	PRODUCT-OF	Arg1:T19	Arg2:T35
16232421	CPR:9	Y 	PRODUCT-OF	Arg1:T19	Arg2:T36
16232421	CPR:9	Y 	PRODUCT-OF	Arg1:T20	Arg2:T37
16232421	CPR:9	Y 	PRODUCT-OF	Arg1:T20	Arg2:T38
16232421	CPR:9	Y 	PRODUCT-OF	Arg1:T3	Arg2:T28
16232421	CPR:9	Y 	PRODUCT-OF	Arg1:T4	Arg2:T29
16232421	CPR:9	Y 	PRODUCT-OF	Arg1:T6	Arg2:T30
16232421	CPR:9	Y 	PRODUCT-OF	Arg1:T6	Arg2:T31
16232421	CPR:9	Y 	PRODUCT-OF	Arg1:T6	Arg2:T32
16262557	CPR:2	N 	REGULATOR	Arg1:T1	Arg2:T9
16262557	CPR:2	N 	REGULATOR	Arg1:T2	Arg2:T9
16262557	CPR:2	N 	REGULATOR	Arg1:T3	Arg2:T9
16262557	CPR:2	N 	REGULATOR	Arg1:T4	Arg2:T9
16262557	CPR:2	N 	REGULATOR	Arg1:T5	Arg2:T9
16262557	CPR:2	N 	REGULATOR	Arg1:T6	Arg2:T9
16292755	CPR:2	N 	INDIRECT-REGULATOR	Arg1:T23	Arg2:T38
16292755	CPR:2	N 	REGULATOR	Arg1:T23	Arg2:T39
16292755	CPR:2	N 	REGULATOR	Arg1:T3	Arg2:T29
16292755	CPR:3	Y 	ACTIVATOR	Arg1:T15	Arg2:T35
16292755	CPR:3	Y 	ACTIVATOR	Arg1:T19	Arg2:T37
16292755	CPR:3	Y 	INDIRECT-UPREGULATOR	Arg1:T15	Arg2:T32
16292755	CPR:3	Y 	INDIRECT-UPREGULATOR	Arg1:T15	Arg2:T33
16292755	CPR:3	Y 	INDIRECT-UPREGULATOR	Arg1:T15	Arg2:T34
16292755	CPR:4	Y 	INDIRECT-DOWNREGULATOR	Arg1:T10	Arg2:T31
16292755	CPR:4	Y 	INDIRECT-DOWNREGULATOR	Arg1:T11	Arg2:T31
16292755	CPR:4	Y 	INDIRECT-DOWNREGULATOR	Arg1:T2	Arg2:T27
16292755	CPR:4	Y 	INDIRECT-DOWNREGULATOR	Arg1:T2	Arg2:T28
16292755	CPR:4	Y 	INDIRECT-DOWNREGULATOR	Arg1:T4	Arg2:T30
16292755	CPR:4	Y 	INHIBITOR	Arg1:T16	Arg2:T36
16292755	CPR:4	Y 	INHIBITOR	Arg1:T17	Arg2:T36
16298345	CPR:2	N 	DIRECT-REGULATOR	Arg1:T10	Arg2:T11
16298345	CPR:2	N 	DIRECT-REGULATOR	Arg1:T10	Arg2:T12
16298345	CPR:2	N 	DIRECT-REGULATOR	Arg1:T4	Arg2:T17
16298345	CPR:2	N 	DIRECT-REGULATOR	Arg1:T5	Arg2:T17
16298345	CPR:2	N 	DIRECT-REGULATOR	Arg1:T6	Arg2:T18
16298345	CPR:2	N 	DIRECT-REGULATOR	Arg1:T7	Arg2:T21
16298345	CPR:2	N 	DIRECT-REGULATOR	Arg1:T8	Arg2:T21
16298345	CPR:6	Y 	ANTAGONIST	Arg1:T1	Arg2:T14
16298345	CPR:6	Y 	ANTAGONIST	Arg1:T1	Arg2:T15
16298345	CPR:6	Y 	ANTAGONIST	Arg1:T2	Arg2:T13
16298345	CPR:6	Y 	ANTAGONIST	Arg1:T3	Arg2:T13
16298345	CPR:6	Y 	ANTAGONIST	Arg1:T7	Arg2:T22
16316409	CPR:2	N 	DIRECT-REGULATOR	Arg1:T2	Arg2:T15
16316409	CPR:2	N 	DIRECT-REGULATOR	Arg1:T3	Arg2:T15
16316409	CPR:2	N 	DIRECT-REGULATOR	Arg1:T4	Arg2:T15
16316409	CPR:2	N 	INDIRECT-REGULATOR	Arg1:T2	Arg2:T16
16316409	CPR:2	N 	INDIRECT-REGULATOR	Arg1:T3	Arg2:T16
16316409	CPR:2	N 	INDIRECT-REGULATOR	Arg1:T4	Arg2:T16
16316409	CPR:3	Y 	INDIRECT-UPREGULATOR	Arg1:T7	Arg2:T33
16322797	CPR:2	N 	REGULATOR	Arg1:T2	Arg2:T19
16322797	CPR:2	N 	REGULATOR	Arg1:T3	Arg2:T20
16322797	CPR:2	N 	REGULATOR	Arg1:T9	Arg2:T22
16322797	CPR:2	N 	REGULATOR	Arg1:T9	Arg2:T23
16322797	CPR:2	N 	REGULATOR	Arg1:T9	Arg2:T24
16322797	CPR:2	N 	REGULATOR	Arg1:T9	Arg2:T25
16322797	CPR:3	Y 	INDIRECT-UPREGULATOR	Arg1:T7	Arg2:T21
16325050	CPR:2	N 	INDIRECT-REGULATOR	Arg1:T1	Arg2:T12
16325050	CPR:2	N 	INDIRECT-REGULATOR	Arg1:T2	Arg2:T12
16325050	CPR:2	N 	INDIRECT-REGULATOR	Arg1:T5	Arg2:T24
16325050	CPR:2	N 	INDIRECT-REGULATOR	Arg1:T5	Arg2:T25
16325050	CPR:2	N 	INDIRECT-REGULATOR	Arg1:T7	Arg2:T26
16325050	CPR:2	N 	INDIRECT-REGULATOR	Arg1:T8	Arg2:T26
16325050	CPR:2	N 	INDIRECT-REGULATOR	Arg1:T9	Arg2:T11
16325050	CPR:2	N 	REGULATOR	Arg1:T10	Arg2:T29
16344985	CPR:10	N 	NOT	Arg1:T13	Arg2:T32
16344985	CPR:10	N 	NOT	Arg1:T5	Arg2:T29
16344985	CPR:2	N 	REGULATOR	Arg1:T12	Arg2:T31
16344985	CPR:4	Y 	INHIBITOR	Arg1:T16	Arg2:T31
16344985	CPR:4	Y 	INHIBITOR	Arg1:T18	Arg2:T35
16344985	CPR:4	Y 	INHIBITOR	Arg1:T19	Arg2:T31
16344985	CPR:4	Y 	INHIBITOR	Arg1:T25	Arg2:T36
16344985	CPR:4	Y 	INHIBITOR	Arg1:T6	Arg2:T30
16344985	CPR:9	Y 	PRODUCT-OF	Arg1:T28	Arg2:T36
16344985	CPR:9	Y 	SUBSTRATE	Arg1:T27	Arg2:T36
16359899	CPR:2	N 	INDIRECT-REGULATOR	Arg1:T3	Arg2:T11
16359899	CPR:2	N 	INDIRECT-REGULATOR	Arg1:T3	Arg2:T12
16359899	CPR:3	Y 	INDIRECT-UPREGULATOR	Arg1:T1	Arg2:T10
16359899	CPR:3	Y 	INDIRECT-UPREGULATOR	Arg1:T1	Arg2:T9
16371234	CPR:4	Y 	INHIBITOR	Arg1:T4	Arg2:T24
16371234	CPR:4	Y 	INHIBITOR	Arg1:T5	Arg2:T25
16371234	CPR:9	Y 	PRODUCT-OF	Arg1:T16	Arg2:T48
16371234	CPR:9	Y 	PRODUCT-OF	Arg1:T16	Arg2:T49
16371234	CPR:9	Y 	PRODUCT-OF	Arg1:T6	Arg2:T33
16371234	CPR:9	Y 	PRODUCT-OF	Arg1:T6	Arg2:T34
16371234	CPR:9	Y 	PRODUCT-OF	Arg1:T6	Arg2:T35
16425993	CPR:4	Y 	INHIBITOR	Arg1:T3	Arg2:T21
16425993	CPR:4	Y 	INHIBITOR	Arg1:T3	Arg2:T23
16425993	CPR:4	Y 	INHIBITOR	Arg1:T3	Arg2:T24
16425993	CPR:4	Y 	INHIBITOR	Arg1:T4	Arg2:T21
16425993	CPR:4	Y 	INHIBITOR	Arg1:T4	Arg2:T23
16425993	CPR:4	Y 	INHIBITOR	Arg1:T4	Arg2:T24
16425993	CPR:4	Y 	INHIBITOR	Arg1:T5	Arg2:T21
16425993	CPR:4	Y 	INHIBITOR	Arg1:T5	Arg2:T23
16425993	CPR:4	Y 	INHIBITOR	Arg1:T5	Arg2:T24
16425993	CPR:4	Y 	INHIBITOR	Arg1:T6	Arg2:T25
16425993	CPR:4	Y 	INHIBITOR	Arg1:T6	Arg2:T26
16425993	CPR:4	Y 	INHIBITOR	Arg1:T6	Arg2:T27
16425993	CPR:4	Y 	INHIBITOR	Arg1:T6	Arg2:T28
16425993	CPR:4	Y 	INHIBITOR	Arg1:T6	Arg2:T29
16596248	CPR:2	N 	INDIRECT-REGULATOR	Arg1:T7	Arg2:T13
16596248	CPR:2	N 	REGULATOR	Arg1:T1	Arg2:T10
16596248	CPR:2	N 	REGULATOR	Arg1:T1	Arg2:T11
16596248	CPR:2	N 	REGULATOR	Arg1:T5	Arg2:T10
16596248	CPR:2	N 	REGULATOR	Arg1:T5	Arg2:T11
16596248	CPR:4	Y 	INDIRECT-DOWNREGULATOR	Arg1:T2	Arg2:T9
1665782	CPR:2	N 	DIRECT-REGULATOR	Arg1:T15	Arg2:T26
1665782	CPR:2	N 	DIRECT-REGULATOR	Arg1:T1	Arg2:T26
1665782	CPR:2	N 	DIRECT-REGULATOR	Arg1:T3	Arg2:T18
1665782	CPR:2	N 	DIRECT-REGULATOR	Arg1:T4	Arg2:T18
1665782	CPR:2	N 	DIRECT-REGULATOR	Arg1:T5	Arg2:T18
1665782	CPR:2	N 	REGULATOR	Arg1:T17	Arg2:T27
1665782	CPR:4	Y 	INHIBITOR	Arg1:T6	Arg2:T19
1665782	CPR:5	Y 	AGONIST	Arg1:T11	Arg2:T25
1665782	CPR:5	Y 	AGONIST	Arg1:T9	Arg2:T25
1666997	CPR:10	N 	NOT	Arg1:T10	Arg2:T24
1666997	CPR:10	N 	NOT	Arg1:T10	Arg2:T25
1666997	CPR:10	N 	NOT	Arg1:T15	Arg2:T29
1666997	CPR:10	N 	NOT	Arg1:T9	Arg2:T24
1666997	CPR:10	N 	NOT	Arg1:T9	Arg2:T25
1666997	CPR:2	N 	DIRECT-REGULATOR	Arg1:T12	Arg2:T26
1666997	CPR:2	N 	DIRECT-REGULATOR	Arg1:T13	Arg2:T26
1666997	CPR:2	N 	DIRECT-REGULATOR	Arg1:T5	Arg2:T23
1666997	CPR:2	N 	DIRECT-REGULATOR	Arg1:T6	Arg2:T23
1666997	CPR:2	N 	DIRECT-REGULATOR	Arg1:T7	Arg2:T23
1666997	CPR:2	N 	REGULATOR	Arg1:T1	Arg2:T18
1666997	CPR:2	N 	REGULATOR	Arg1:T2	Arg2:T18
1666997	CPR:6	Y 	ANTAGONIST	Arg1:T14	Arg2:T28
16675639	CPR:2	N 	DIRECT-REGULATOR	Arg1:T19	Arg2:T40
16675639	CPR:2	N 	DIRECT-REGULATOR	Arg1:T24	Arg2:T41
16675639	CPR:2	N 	DIRECT-REGULATOR	Arg1:T24	Arg2:T42
16675639	CPR:4	Y 	INHIBITOR	Arg1:T18	Arg2:T36
16675639	CPR:4	Y 	INHIBITOR	Arg1:T18	Arg2:T37
16675639	CPR:4	Y 	INHIBITOR	Arg1:T18	Arg2:T38
16675639	CPR:4	Y 	INHIBITOR	Arg1:T18	Arg2:T39
16675639	CPR:6	Y 	ANTAGONIST	Arg1:T4	Arg2:T35
16675639	CPR:6	Y 	ANTAGONIST	Arg1:T5	Arg2:T35
16675639	CPR:9	Y 	SUBSTRATE	Arg1:T22	Arg2:T41
16675639	CPR:9	Y 	SUBSTRATE	Arg1:T23	Arg2:T42
16763553	CPR:2	N 	DIRECT-REGULATOR	Arg1:T14	Arg2:T26
16763553	CPR:2	N 	DIRECT-REGULATOR	Arg1:T14	Arg2:T27
16763553	CPR:2	N 	DIRECT-REGULATOR	Arg1:T15	Arg2:T26
16763553	CPR:2	N 	DIRECT-REGULATOR	Arg1:T15	Arg2:T27
16763553	CPR:3	Y 	INDIRECT-UPREGULATOR	Arg1:T14	Arg2:T28
16763553	CPR:3	Y 	INDIRECT-UPREGULATOR	Arg1:T14	Arg2:T29
16763553	CPR:3	Y 	INDIRECT-UPREGULATOR	Arg1:T15	Arg2:T28
16763553	CPR:3	Y 	INDIRECT-UPREGULATOR	Arg1:T15	Arg2:T29
16763553	CPR:9	Y 	PRODUCT-OF	Arg1:T7	Arg2:T22
16763553	CPR:9	Y 	PRODUCT-OF	Arg1:T7	Arg2:T23
16763553	CPR:9	Y 	SUBSTRATE	Arg1:T8	Arg2:T22
16763553	CPR:9	Y 	SUBSTRATE	Arg1:T8	Arg2:T23
16769115	CPR:3	Y 	UPREGULATOR	Arg1:T1	Arg2:T11
16775509	CPR:6	Y 	ANTAGONIST	Arg1:T5	Arg2:T11
16775509	CPR:6	Y 	ANTAGONIST	Arg1:T7	Arg2:T14
16782282	CPR:2	N 	INDIRECT-REGULATOR	Arg1:T4	Arg2:T23
16782282	CPR:2	N 	INDIRECT-REGULATOR	Arg1:T4	Arg2:T24
16782282	CPR:2	N 	REGULATOR	Arg1:T6	Arg2:T25
16782282	CPR:2	N 	REGULATOR	Arg1:T6	Arg2:T26
16782438	CPR:4	Y 	INDIRECT-DOWNREGULATOR	Arg1:T3	Arg2:T17
16782438	CPR:4	Y 	INHIBITOR	Arg1:T12	Arg2:T25
16782438	CPR:4	Y 	INHIBITOR	Arg1:T12	Arg2:T26
16782438	CPR:4	Y 	INHIBITOR	Arg1:T3	Arg2:T16
16782438	CPR:4	Y 	INHIBITOR	Arg1:T4	Arg2:T18
16782438	CPR:4	Y 	INHIBITOR	Arg1:T6	Arg2:T19
16784786	CPR:9	Y 	SUBSTRATE	Arg1:T29	Arg2:T48
16819260	CPR:10	N 	NOT	Arg1:T7	Arg2:T17
16819260	CPR:10	N 	NOT	Arg1:T7	Arg2:T18
16819260	CPR:10	N 	NOT	Arg1:T8	Arg2:T17
16819260	CPR:10	N 	NOT	Arg1:T8	Arg2:T18
16819260	CPR:10	N 	NOT	Arg1:T9	Arg2:T17
16819260	CPR:10	N 	NOT	Arg1:T9	Arg2:T18
16819260	CPR:2	N 	DIRECT-REGULATOR	Arg1:T1	Arg2:T13
16819260	CPR:2	N 	DIRECT-REGULATOR	Arg1:T1	Arg2:T19
16819260	CPR:2	N 	DIRECT-REGULATOR	Arg1:T7	Arg2:T15
16819260	CPR:2	N 	DIRECT-REGULATOR	Arg1:T7	Arg2:T16
16819260	CPR:2	N 	DIRECT-REGULATOR	Arg1:T8	Arg2:T15
16819260	CPR:2	N 	DIRECT-REGULATOR	Arg1:T8	Arg2:T16
16819260	CPR:2	N 	DIRECT-REGULATOR	Arg1:T9	Arg2:T15
16819260	CPR:2	N 	DIRECT-REGULATOR	Arg1:T9	Arg2:T16
16819260	CPR:3	Y 	ACTIVATOR	Arg1:T1	Arg2:T13
16819260	CPR:3	Y 	ACTIVATOR	Arg1:T1	Arg2:T19
16828882	CPR:2	N 	DIRECT-REGULATOR	Arg1:T6	Arg2:T22
16828882	CPR:2	N 	DIRECT-REGULATOR	Arg1:T6	Arg2:T23
16828882	CPR:2	N 	INDIRECT-REGULATOR	Arg1:T11	Arg2:T30
16828882	CPR:4	Y 	INDIRECT-DOWNREGULATOR	Arg1:T10	Arg2:T29
16828882	CPR:4	Y 	INDIRECT-DOWNREGULATOR	Arg1:T6	Arg2:T20
16829128	CPR:2	N 	REGULATOR	Arg1:T6	Arg2:T16
16829128	CPR:2	N 	REGULATOR	Arg1:T7	Arg2:T16
16829128	CPR:2	N 	REGULATOR	Arg1:T8	Arg2:T16
16829128	CPR:3	Y 	ACTIVATOR	Arg1:T1	Arg2:T10
16829128	CPR:3	Y 	ACTIVATOR	Arg1:T1	Arg2:T11
16829128	CPR:3	Y 	ACTIVATOR	Arg1:T3	Arg2:T12
16829128	CPR:3	Y 	ACTIVATOR	Arg1:T6	Arg2:T14
16829128	CPR:3	Y 	ACTIVATOR	Arg1:T6	Arg2:T15
16829128	CPR:3	Y 	ACTIVATOR	Arg1:T7	Arg2:T14
16829128	CPR:3	Y 	ACTIVATOR	Arg1:T7	Arg2:T15
16829128	CPR:3	Y 	ACTIVATOR	Arg1:T8	Arg2:T14
16829128	CPR:3	Y 	ACTIVATOR	Arg1:T8	Arg2:T15
16829128	CPR:4	Y 	INHIBITOR	Arg1:T4	Arg2:T13
16855093	CPR:4	Y 	INHIBITOR	Arg1:T13	Arg2:T21
16855093	CPR:4	Y 	INHIBITOR	Arg1:T13	Arg2:T22
16855093	CPR:4	Y 	INHIBITOR	Arg1:T13	Arg2:T23
16855093	CPR:6	Y 	ANTAGONIST	Arg1:T13	Arg2:T24
16855093	CPR:6	Y 	ANTAGONIST	Arg1:T13	Arg2:T25
16855093	CPR:6	Y 	ANTAGONIST	Arg1:T9	Arg2:T20
16855093	CPR:9	Y 	SUBSTRATE	Arg1:T16	Arg2:T27
16855093	CPR:9	Y 	SUBSTRATE	Arg1:T16	Arg2:T28
16855093	CPR:9	Y 	SUBSTRATE	Arg1:T2	Arg2:T17
1687367	CPR:10	N 	NOT	Arg1:T3	Arg2:T21
1687367	CPR:2	N 	DIRECT-REGULATOR	Arg1:T4	Arg2:T22
1687367	CPR:2	N 	DIRECT-REGULATOR	Arg1:T5	Arg2:T22
1687367	CPR:2	N 	DIRECT-REGULATOR	Arg1:T6	Arg2:T23
16874462	CPR:9	Y 	PRODUCT-OF	Arg1:T4	Arg2:T12
16874462	CPR:9	Y 	PRODUCT-OF	Arg1:T4	Arg2:T14
16874462	CPR:9	Y 	PRODUCT-OF	Arg1:T5	Arg2:T12
16874462	CPR:9	Y 	PRODUCT-OF	Arg1:T5	Arg2:T14
16874462	CPR:9	Y 	SUBSTRATE	Arg1:T11	Arg2:T26
16874462	CPR:9	Y 	SUBSTRATE	Arg1:T2	Arg2:T13
16874462	CPR:9	Y 	SUBSTRATE	Arg1:T3	Arg2:T12
16874462	CPR:9	Y 	SUBSTRATE	Arg1:T3	Arg2:T14
16874462	CPR:9	Y 	SUBSTRATE	Arg1:T7	Arg2:T22
16874462	CPR:9	Y 	SUBSTRATE	Arg1:T9	Arg2:T23
16893531	CPR:4	Y 	INHIBITOR	Arg1:T1	Arg2:T23
16893531	CPR:4	Y 	INHIBITOR	Arg1:T1	Arg2:T24
16893531	CPR:4	Y 	INHIBITOR	Arg1:T6	Arg2:T25
16917142	CPR:2	N 	DIRECT-REGULATOR	Arg1:T11	Arg2:T30
16917142	CPR:2	N 	DIRECT-REGULATOR	Arg1:T12	Arg2:T30
16917142	CPR:2	N 	REGULATOR	Arg1:T9	Arg2:T26
16917142	CPR:4	Y 	INHIBITOR	Arg1:T4	Arg2:T24
16917142	CPR:5	Y 	AGONIST	Arg1:T11	Arg2:T31
16917142	CPR:6	Y 	ANTAGONIST	Arg1:T11	Arg2:T31
16917142	CPR:6	Y 	ANTAGONIST	Arg1:T4	Arg2:T23
16926278	CPR:1	N 	PART-OF	Arg1:T10	Arg2:T35
16926278	CPR:1	N 	PART-OF	Arg1:T11	Arg2:T35
16926278	CPR:1	N 	PART-OF	Arg1:T18	Arg2:T51
16926278	CPR:1	N 	PART-OF	Arg1:T18	Arg2:T52
16926278	CPR:1	N 	PART-OF	Arg1:T18	Arg2:T54
16926278	CPR:1	N 	PART-OF	Arg1:T18	Arg2:T56
16926278	CPR:1	N 	PART-OF	Arg1:T1	Arg2:T27
16926278	CPR:1	N 	PART-OF	Arg1:T20	Arg2:T57
16926278	CPR:1	N 	PART-OF	Arg1:T20	Arg2:T58
16926278	CPR:1	N 	PART-OF	Arg1:T23	Arg2:T60
16926278	CPR:1	N 	PART-OF	Arg1:T23	Arg2:T61
16926278	CPR:1	N 	PART-OF	Arg1:T2	Arg2:T27
16926278	CPR:2	N 	DIRECT-REGULATOR	Arg1:T15	Arg2:T44
16926278	CPR:2	N 	DIRECT-REGULATOR	Arg1:T16	Arg2:T46
16926278	CPR:2	N 	DIRECT-REGULATOR	Arg1:T17	Arg2:T49
16926278	CPR:2	N 	DIRECT-REGULATOR	Arg1:T4	Arg2:T31
16926278	CPR:2	N 	DIRECT-REGULATOR	Arg1:T4	Arg2:T33
16926278	CPR:2	N 	DIRECT-REGULATOR	Arg1:T5	Arg2:T31
16926278	CPR:2	N 	DIRECT-REGULATOR	Arg1:T5	Arg2:T33
16926278	CPR:2	N 	DIRECT-REGULATOR	Arg1:T6	Arg2:T31
16926278	CPR:2	N 	DIRECT-REGULATOR	Arg1:T6	Arg2:T33
16926278	CPR:2	N 	DIRECT-REGULATOR	Arg1:T7	Arg2:T31
16926278	CPR:2	N 	DIRECT-REGULATOR	Arg1:T7	Arg2:T33
16926278	CPR:2	N 	DIRECT-REGULATOR	Arg1:T8	Arg2:T33
16926278	CPR:2	N 	REGULATOR	Arg1:T12	Arg2:T35
16926278	CPR:2	N 	REGULATOR	Arg1:T21	Arg2:T59
16926278	CPR:2	N 	REGULATOR	Arg1:T21	Arg2:T60
16926278	CPR:2	N 	REGULATOR	Arg1:T21	Arg2:T61
16926278	CPR:2	N 	REGULATOR	Arg1:T22	Arg2:T59
16926278	CPR:2	N 	REGULATOR	Arg1:T22	Arg2:T60
16926278	CPR:2	N 	REGULATOR	Arg1:T22	Arg2:T61
16926278	CPR:2	N 	REGULATOR	Arg1:T24	Arg2:T59
16926278	CPR:2	N 	REGULATOR	Arg1:T24	Arg2:T60
16926278	CPR:2	N 	REGULATOR	Arg1:T24	Arg2:T61
16926278	CPR:3	Y 	INDIRECT-UPREGULATOR	Arg1:T15	Arg2:T45
16926278	CPR:3	Y 	INDIRECT-UPREGULATOR	Arg1:T15	Arg2:T46
16926278	CPR:9	Y 	SUBSTRATE	Arg1:T19	Arg2:T25
16926278	CPR:9	Y 	SUBSTRATE	Arg1:T19	Arg2:T40
16926278	CPR:9	Y 	SUBSTRATE	Arg1:T3	Arg2:T30
16938288	CPR:10	N 	NOT	Arg1:T1	Arg2:T12
16938288	CPR:10	N 	NOT	Arg1:T2	Arg2:T12
16938288	CPR:2	N 	INDIRECT-REGULATOR	Arg1:T8	Arg2:T30
16938288	CPR:3	Y 	ACTIVATOR	Arg1:T11	Arg2:T38
16938288	CPR:3	Y 	ACTIVATOR	Arg1:T7	Arg2:T21
16938288	CPR:3	Y 	INDIRECT-UPREGULATOR	Arg1:T4	Arg2:T14
16938288	CPR:4	Y 	DOWNREGULATOR	Arg1:T11	Arg2:T37
16938288	CPR:4	Y 	INDIRECT-DOWNREGULATOR	Arg1:T10	Arg2:T36
16938288	CPR:4	Y 	INDIRECT-DOWNREGULATOR	Arg1:T5	Arg2:T17
16938288	CPR:4	Y 	INDIRECT-DOWNREGULATOR	Arg1:T5	Arg2:T18
16938288	CPR:4	Y 	INDIRECT-DOWNREGULATOR	Arg1:T7	Arg2:T20
16938288	CPR:4	Y 	INDIRECT-DOWNREGULATOR	Arg1:T9	Arg2:T34
16938288	CPR:5	Y 	AGONIST	Arg1:T3	Arg2:T19
16938288	CPR:5	Y 	AGONIST	Arg1:T3	Arg2:T26
16938288	CPR:6	Y 	ANTAGONIST	Arg1:T1	Arg2:T13
16938288	CPR:6	Y 	ANTAGONIST	Arg1:T2	Arg2:T13
16938288	CPR:6	Y 	ANTAGONIST	Arg1:T3	Arg2:T28
16938288	CPR:6	Y 	ANTAGONIST	Arg1:T3	Arg2:T32
16938288	CPR:6	Y 	ANTAGONIST	Arg1:T4	Arg2:T15
16957773	CPR:9	Y 	SUBSTRATE	Arg1:T5	Arg2:T17
16957773	CPR:9	Y 	SUBSTRATE	Arg1:T5	Arg2:T18
16957773	CPR:9	Y 	SUBSTRATE	Arg1:T6	Arg2:T19
16971132	CPR:4	Y 	INHIBITOR	Arg1:T1	Arg2:T7
16971132	CPR:4	Y 	INHIBITOR	Arg1:T2	Arg2:T7
16971132	CPR:4	Y 	INHIBITOR	Arg1:T3	Arg2:T7
16971132	CPR:4	Y 	INHIBITOR	Arg1:T4	Arg2:T12
16973729	CPR:2	N 	REGULATOR	Arg1:T1	Arg2:T7
16973729	CPR:2	N 	REGULATOR	Arg1:T1	Arg2:T8
16973729	CPR:2	N 	REGULATOR	Arg1:T2	Arg2:T7
16973729	CPR:2	N 	REGULATOR	Arg1:T2	Arg2:T8
16988497	CPR:2	N 	INDIRECT-REGULATOR	Arg1:T4	Arg2:T26
16988497	CPR:2	N 	INDIRECT-REGULATOR	Arg1:T4	Arg2:T27
16988497	CPR:2	N 	INDIRECT-REGULATOR	Arg1:T5	Arg2:T26
16988497	CPR:2	N 	INDIRECT-REGULATOR	Arg1:T5	Arg2:T27
16988497	CPR:3	Y 	INDIRECT-UPREGULATOR	Arg1:T1	Arg2:T21
16988497	CPR:3	Y 	INDIRECT-UPREGULATOR	Arg1:T1	Arg2:T22
16988497	CPR:3	Y 	INDIRECT-UPREGULATOR	Arg1:T2	Arg2:T21
16988497	CPR:3	Y 	INDIRECT-UPREGULATOR	Arg1:T2	Arg2:T22
16988497	CPR:4	Y 	INDIRECT-DOWNREGULATOR	Arg1:T14	Arg2:T18
16988497	CPR:4	Y 	INDIRECT-DOWNREGULATOR	Arg1:T14	Arg2:T19
16988497	CPR:4	Y 	INDIRECT-DOWNREGULATOR	Arg1:T15	Arg2:T18
16988497	CPR:4	Y 	INDIRECT-DOWNREGULATOR	Arg1:T15	Arg2:T19
16988497	CPR:4	Y 	INDIRECT-DOWNREGULATOR	Arg1:T16	Arg2:T18
16988497	CPR:4	Y 	INDIRECT-DOWNREGULATOR	Arg1:T16	Arg2:T19
16988497	CPR:4	Y 	INDIRECT-DOWNREGULATOR	Arg1:T17	Arg2:T18
16988497	CPR:4	Y 	INDIRECT-DOWNREGULATOR	Arg1:T17	Arg2:T19
16988497	CPR:4	Y 	INDIRECT-DOWNREGULATOR	Arg1:T3	Arg2:T24
16988497	CPR:4	Y 	INDIRECT-DOWNREGULATOR	Arg1:T3	Arg2:T25
17013809	CPR:2	N 	REGULATOR	Arg1:T2	Arg2:T10
17013809	CPR:2	N 	REGULATOR	Arg1:T2	Arg2:T11
17023173	CPR:4	Y 	INHIBITOR	Arg1:T2	Arg2:T9
17065601	CPR:9	Y 	SUBSTRATE	Arg1:T19	Arg2:T25
17090056	CPR:9	Y 	SUBSTRATE	Arg1:T17	Arg2:T31
17090056	CPR:9	Y 	SUBSTRATE	Arg1:T18	Arg2:T31
17098734	CPR:9	Y 	PRODUCT-OF	Arg1:T10	Arg2:T22
17098734	CPR:9	Y 	PRODUCT-OF	Arg1:T9	Arg2:T20
17098734	CPR:9	Y 	PRODUCT-OF	Arg1:T9	Arg2:T21
17110146	CPR:2	N 	REGULATOR	Arg1:T14	Arg2:T39
17110146	CPR:2	N 	REGULATOR	Arg1:T15	Arg2:T39
17110146	CPR:2	N 	REGULATOR	Arg1:T16	Arg2:T39
17110146	CPR:3	Y 	ACTIVATOR	Arg1:T13	Arg2:T36
17110146	CPR:3	Y 	ACTIVATOR	Arg1:T13	Arg2:T37
17110146	CPR:3	Y 	ACTIVATOR	Arg1:T13	Arg2:T38
17110146	CPR:4	Y 	INHIBITOR	Arg1:T10	Arg2:T33
17110146	CPR:4	Y 	INHIBITOR	Arg1:T11	Arg2:T33
17125913	CPR:10	N 	NOT	Arg1:T7	Arg2:T32
17125913	CPR:2	N 	DIRECT-REGULATOR	Arg1:T6	Arg2:T18
17125913	CPR:2	N 	DIRECT-REGULATOR	Arg1:T6	Arg2:T23
17125913	CPR:2	N 	DIRECT-REGULATOR	Arg1:T8	Arg2:T18
17125913	CPR:2	N 	DIRECT-REGULATOR	Arg1:T8	Arg2:T23
17125913	CPR:2	N 	REGULATOR	Arg1:T13	Arg2:T43
17125913	CPR:2	N 	REGULATOR	Arg1:T1	Arg2:T22
17125913	CPR:3	Y 	ACTIVATOR	Arg1:T1	Arg2:T14
17125913	CPR:3	Y 	ACTIVATOR	Arg1:T1	Arg2:T16
17125913	CPR:3	Y 	ACTIVATOR	Arg1:T1	Arg2:T17
17125913	CPR:3	Y 	ACTIVATOR	Arg1:T1	Arg2:T19
17125913	CPR:3	Y 	ACTIVATOR	Arg1:T1	Arg2:T20
17125913	CPR:3	Y 	ACTIVATOR	Arg1:T1	Arg2:T21
17125913	CPR:3	Y 	ACTIVATOR	Arg1:T9	Arg2:T34
17125913	CPR:3	Y 	ACTIVATOR	Arg1:T9	Arg2:T35
17125913	CPR:3	Y 	INDIRECT-UPREGULATOR	Arg1:T10	Arg2:T39
17125913	CPR:3	Y 	INDIRECT-UPREGULATOR	Arg1:T10	Arg2:T40
17125913	CPR:3	Y 	INDIRECT-UPREGULATOR	Arg1:T10	Arg2:T41
17125913	CPR:4	Y 	INDIRECT-DOWNREGULATOR	Arg1:T7	Arg2:T31
17202804	CPR:10	N 	NOT	Arg1:T7	Arg2:T45
17202804	CPR:2	N 	REGULATOR	Arg1:T19	Arg2:T58
17202804	CPR:2	N 	REGULATOR	Arg1:T22	Arg2:T28
17202804	CPR:2	N 	REGULATOR	Arg1:T22	Arg2:T29
17202804	CPR:2	N 	REGULATOR	Arg1:T22	Arg2:T62
17202804	CPR:2	N 	REGULATOR	Arg1:T22	Arg2:T63
17202804	CPR:2	N 	REGULATOR	Arg1:T22	Arg2:T64
17202804	CPR:2	N 	REGULATOR	Arg1:T22	Arg2:T65
17202804	CPR:2	N 	REGULATOR	Arg1:T22	Arg2:T66
17202804	CPR:2	N 	REGULATOR	Arg1:T25	Arg2:T68
17202804	CPR:2	N 	REGULATOR	Arg1:T2	Arg2:T31
17202804	CPR:2	N 	REGULATOR	Arg1:T2	Arg2:T32
17202804	CPR:2	N 	REGULATOR	Arg1:T4	Arg2:T39
17202804	CPR:2	N 	REGULATOR	Arg1:T5	Arg2:T42
17202804	CPR:2	N 	REGULATOR	Arg1:T5	Arg2:T43
17202804	CPR:2	N 	REGULATOR	Arg1:T8	Arg2:T47
17202804	CPR:3	Y 	ACTIVATOR	Arg1:T26	Arg2:T69
17202804	CPR:3	Y 	ACTIVATOR	Arg1:T3	Arg2:T34
17202804	CPR:3	Y 	ACTIVATOR	Arg1:T5	Arg2:T41
17202804	CPR:3	Y 	ACTIVATOR	Arg1:T6	Arg2:T45
17202804	CPR:4	Y 	DOWNREGULATOR	Arg1:T3	Arg2:T35
17202804	CPR:4	Y 	DOWNREGULATOR	Arg1:T3	Arg2:T36
17202804	CPR:6	Y 	ANTAGONIST	Arg1:T25	Arg2:T69
17218486	CPR:2	N 	REGULATOR	Arg1:T11	Arg2:T47
17218486	CPR:2	N 	REGULATOR	Arg1:T11	Arg2:T48
17218486	CPR:2	N 	REGULATOR	Arg1:T12	Arg2:T47
17218486	CPR:2	N 	REGULATOR	Arg1:T12	Arg2:T48
17218486	CPR:2	N 	REGULATOR	Arg1:T13	Arg2:T47
17218486	CPR:2	N 	REGULATOR	Arg1:T13	Arg2:T48
17218486	CPR:2	N 	REGULATOR	Arg1:T14	Arg2:T47
17218486	CPR:2	N 	REGULATOR	Arg1:T14	Arg2:T48
17218486	CPR:2	N 	REGULATOR	Arg1:T15	Arg2:T47
17218486	CPR:2	N 	REGULATOR	Arg1:T15	Arg2:T48
17218486	CPR:2	N 	REGULATOR	Arg1:T16	Arg2:T47
17218486	CPR:2	N 	REGULATOR	Arg1:T16	Arg2:T48
17218486	CPR:2	N 	REGULATOR	Arg1:T18	Arg2:T47
17218486	CPR:2	N 	REGULATOR	Arg1:T18	Arg2:T48
17218486	CPR:2	N 	REGULATOR	Arg1:T28	Arg2:T36
17218486	CPR:2	N 	REGULATOR	Arg1:T29	Arg2:T36
17218486	CPR:2	N 	REGULATOR	Arg1:T30	Arg2:T36
17218486	CPR:2	N 	REGULATOR	Arg1:T32	Arg2:T54
17218486	CPR:2	N 	REGULATOR	Arg1:T33	Arg2:T54
17218486	CPR:2	N 	REGULATOR	Arg1:T35	Arg2:T54
17218486	CPR:3	Y 	ACTIVATOR	Arg1:T1	Arg2:T37
17218486	CPR:3	Y 	ACTIVATOR	Arg1:T1	Arg2:T38
17218486	CPR:3	Y 	ACTIVATOR	Arg1:T1	Arg2:T39
17218486	CPR:3	Y 	ACTIVATOR	Arg1:T22	Arg2:T49
17218486	CPR:3	Y 	ACTIVATOR	Arg1:T23	Arg2:T49
17218486	CPR:3	Y 	ACTIVATOR	Arg1:T25	Arg2:T53
17218486	CPR:3	Y 	ACTIVATOR	Arg1:T26	Arg2:T53
17218486	CPR:5	Y 	AGONIST-ACTIVATOR	Arg1:T3	Arg2:T40
17218486	CPR:5	Y 	AGONIST-ACTIVATOR	Arg1:T4	Arg2:T41
17218486	CPR:5	Y 	AGONIST-ACTIVATOR	Arg1:T5	Arg2:T43
17218486	CPR:5	Y 	AGONIST-ACTIVATOR	Arg1:T5	Arg2:T44
17218486	CPR:5	Y 	AGONIST	Arg1:T4	Arg2:T42
17218486	CPR:5	Y 	AGONIST	Arg1:T5	Arg2:T45
17221210	CPR:3	Y 	INDIRECT-UPREGULATOR	Arg1:T8	Arg2:T23
17221210	CPR:3	Y 	INDIRECT-UPREGULATOR	Arg1:T8	Arg2:T24
17228881	CPR:10	N 	NOT	Arg1:T16	Arg2:T37
17228881	CPR:4	Y 	INHIBITOR	Arg1:T10	Arg2:T28
17228881	CPR:4	Y 	INHIBITOR	Arg1:T1	Arg2:T26
17228881	CPR:4	Y 	INHIBITOR	Arg1:T21	Arg2:T26
17228881	CPR:4	Y 	INHIBITOR	Arg1:T22	Arg2:T26
17228881	CPR:4	Y 	INHIBITOR	Arg1:T23	Arg2:T26
17228881	CPR:4	Y 	INHIBITOR	Arg1:T24	Arg2:T40
17228881	CPR:4	Y 	INHIBITOR	Arg1:T25	Arg2:T40
17228881	CPR:4	Y 	INHIBITOR	Arg1:T2	Arg2:T26
17228881	CPR:4	Y 	INHIBITOR	Arg1:T3	Arg2:T26
17228881	CPR:4	Y 	INHIBITOR	Arg1:T4	Arg2:T26
17228881	CPR:4	Y 	INHIBITOR	Arg1:T5	Arg2:T26
17228881	CPR:4	Y 	INHIBITOR	Arg1:T6	Arg2:T26
17228881	CPR:4	Y 	INHIBITOR	Arg1:T7	Arg2:T26
17228881	CPR:4	Y 	INHIBITOR	Arg1:T8	Arg2:T27
17228881	CPR:4	Y 	INHIBITOR	Arg1:T9	Arg2:T27
17228881	CPR:9	Y 	SUBSTRATE_PRODUCT-OF	Arg1:T11	Arg2:T29
17228881	CPR:9	Y 	SUBSTRATE_PRODUCT-OF	Arg1:T12	Arg2:T29
17228881	CPR:9	Y 	SUBSTRATE_PRODUCT-OF	Arg1:T13	Arg2:T30
17229090	CPR:9	Y 	PRODUCT-OF	Arg1:T3	Arg2:T24
17229090	CPR:9	Y 	PRODUCT-OF	Arg1:T3	Arg2:T28
17234158	CPR:2	N 	REGULATOR	Arg1:T7	Arg2:T10
17234158	CPR:2	N 	REGULATOR	Arg1:T8	Arg2:T10
17234158	CPR:4	Y 	INDIRECT-DOWNREGULATOR	Arg1:T1	Arg2:T11
17234158	CPR:4	Y 	INDIRECT-DOWNREGULATOR	Arg1:T2	Arg2:T11
17234158	CPR:4	Y 	INDIRECT-DOWNREGULATOR	Arg1:T3	Arg2:T11
17234158	CPR:4	Y 	INDIRECT-DOWNREGULATOR	Arg1:T4	Arg2:T12
17234158	CPR:4	Y 	INDIRECT-DOWNREGULATOR	Arg1:T4	Arg2:T14
17234158	CPR:4	Y 	INDIRECT-DOWNREGULATOR	Arg1:T5	Arg2:T17
17234158	CPR:4	Y 	INDIRECT-DOWNREGULATOR	Arg1:T5	Arg2:T18
17234158	CPR:4	Y 	INDIRECT-DOWNREGULATOR	Arg1:T5	Arg2:T19
17234158	CPR:4	Y 	INDIRECT-DOWNREGULATOR	Arg1:T5	Arg2:T20
17234158	CPR:4	Y 	INDIRECT-DOWNREGULATOR	Arg1:T5	Arg2:T21
17234158	CPR:4	Y 	INDIRECT-DOWNREGULATOR	Arg1:T6	Arg2:T22
17234158	CPR:4	Y 	INDIRECT-DOWNREGULATOR	Arg1:T9	Arg2:T25
17234158	CPR:4	Y 	INHIBITOR	Arg1:T5	Arg2:T19
17234158	CPR:4	Y 	INHIBITOR	Arg1:T5	Arg2:T20
17234158	CPR:4	Y 	INHIBITOR	Arg1:T5	Arg2:T21
17234158	CPR:4	Y 	INHIBITOR	Arg1:T6	Arg2:T23
17256745	CPR:2	N 	REGULATOR	Arg1:T10	Arg2:T31
17256745	CPR:9	Y 	PRODUCT-OF	Arg1:T3	Arg2:T21
17256745	CPR:9	Y 	PRODUCT-OF	Arg1:T3	Arg2:T32
17256745	CPR:9	Y 	PRODUCT-OF	Arg1:T5	Arg2:T21
17256745	CPR:9	Y 	PRODUCT-OF	Arg1:T5	Arg2:T32
17256745	CPR:9	Y 	SUBSTRATE	Arg1:T2	Arg2:T21
17256745	CPR:9	Y 	SUBSTRATE	Arg1:T2	Arg2:T32
17256745	CPR:9	Y 	SUBSTRATE	Arg1:T9	Arg2:T30
17290783	CPR:9	Y 	PRODUCT-OF	Arg1:T3	Arg2:T9
17290783	CPR:9	Y 	SUBSTRATE	Arg1:T2	Arg2:T9
1730582	CPR:1	N 	PART-OF	Arg1:T19	Arg2:T37
1730582	CPR:1	N 	PART-OF	Arg1:T20	Arg2:T37
1730582	CPR:1	N 	PART-OF	Arg1:T24	Arg2:T39
1730582	CPR:1	N 	PART-OF	Arg1:T24	Arg2:T40
1730582	CPR:1	N 	PART-OF	Arg1:T25	Arg2:T40
1730582	CPR:1	N 	PART-OF	Arg1:T2	Arg2:T32
1730582	CPR:1	N 	PART-OF	Arg1:T3	Arg2:T32
1730582	CPR:1	N 	PART-OF	Arg1:T4	Arg2:T33
1730582	CPR:1	N 	PART-OF	Arg1:T4	Arg2:T34
1730582	CPR:1	N 	PART-OF	Arg1:T5	Arg2:T34
1730582	CPR:2	N 	DIRECT-REGULATOR	Arg1:T18	Arg2:T37
1730582	CPR:2	N 	DIRECT-REGULATOR	Arg1:T1	Arg2:T32
1730582	CPR:2	N 	DIRECT-REGULATOR	Arg1:T6	Arg2:T31
1730582	CPR:2	N 	DIRECT-REGULATOR	Arg1:T6	Arg2:T36
1730582	CPR:4	Y 	INHIBITOR	Arg1:T16	Arg2:T31
1730582	CPR:4	Y 	INHIBITOR	Arg1:T16	Arg2:T36
1730582	CPR:4	Y 	INHIBITOR	Arg1:T17	Arg2:T31
1730582	CPR:4	Y 	INHIBITOR	Arg1:T17	Arg2:T36
1730582	CPR:4	Y 	INHIBITOR	Arg1:T30	Arg2:T44
17311416	CPR:2	N 	REGULATOR	Arg1:T22	Arg2:T43
17311416	CPR:2	N 	REGULATOR	Arg1:T22	Arg2:T44
17311416	CPR:2	N 	REGULATOR	Arg1:T22	Arg2:T45
17311416	CPR:2	N 	REGULATOR	Arg1:T25	Arg2:T46
17311416	CPR:9	Y 	SUBSTRATE	Arg1:T15	Arg2:T40
17311416	CPR:9	Y 	SUBSTRATE	Arg1:T15	Arg2:T41
17311416	CPR:9	Y 	SUBSTRATE	Arg1:T15	Arg2:T42
17311416	CPR:9	Y 	SUBSTRATE	Arg1:T16	Arg2:T40
17311416	CPR:9	Y 	SUBSTRATE	Arg1:T16	Arg2:T41
17311416	CPR:9	Y 	SUBSTRATE	Arg1:T16	Arg2:T42
17311416	CPR:9	Y 	SUBSTRATE	Arg1:T17	Arg2:T40
17311416	CPR:9	Y 	SUBSTRATE	Arg1:T17	Arg2:T41
17311416	CPR:9	Y 	SUBSTRATE	Arg1:T17	Arg2:T42
17311416	CPR:9	Y 	SUBSTRATE	Arg1:T18	Arg2:T28
17311416	CPR:9	Y 	SUBSTRATE	Arg1:T18	Arg2:T30
17311416	CPR:9	Y 	SUBSTRATE	Arg1:T18	Arg2:T31
17311416	CPR:9	Y 	SUBSTRATE	Arg1:T18	Arg2:T32
17311416	CPR:9	Y 	SUBSTRATE	Arg1:T18	Arg2:T33
17311416	CPR:9	Y 	SUBSTRATE	Arg1:T18	Arg2:T34
17311416	CPR:9	Y 	SUBSTRATE	Arg1:T18	Arg2:T35
17311416	CPR:9	Y 	SUBSTRATE	Arg1:T18	Arg2:T36
17311416	CPR:9	Y 	SUBSTRATE	Arg1:T18	Arg2:T37
17311416	CPR:9	Y 	SUBSTRATE	Arg1:T18	Arg2:T38
17311416	CPR:9	Y 	SUBSTRATE	Arg1:T18	Arg2:T39
17311416	CPR:9	Y 	SUBSTRATE	Arg1:T19	Arg2:T40
17311416	CPR:9	Y 	SUBSTRATE	Arg1:T19	Arg2:T41
17311416	CPR:9	Y 	SUBSTRATE	Arg1:T19	Arg2:T42
17311416	CPR:9	Y 	SUBSTRATE	Arg1:T21	Arg2:T28
17311416	CPR:9	Y 	SUBSTRATE	Arg1:T21	Arg2:T30
17311416	CPR:9	Y 	SUBSTRATE	Arg1:T21	Arg2:T31
17311416	CPR:9	Y 	SUBSTRATE	Arg1:T21	Arg2:T32
17311416	CPR:9	Y 	SUBSTRATE	Arg1:T21	Arg2:T33
17311416	CPR:9	Y 	SUBSTRATE	Arg1:T21	Arg2:T34
17311416	CPR:9	Y 	SUBSTRATE	Arg1:T21	Arg2:T35
17311416	CPR:9	Y 	SUBSTRATE	Arg1:T21	Arg2:T36
17311416	CPR:9	Y 	SUBSTRATE	Arg1:T21	Arg2:T37
17311416	CPR:9	Y 	SUBSTRATE	Arg1:T21	Arg2:T38
17311416	CPR:9	Y 	SUBSTRATE	Arg1:T21	Arg2:T39
17311416	CPR:9	Y 	SUBSTRATE	Arg1:T23	Arg2:T28
17311416	CPR:9	Y 	SUBSTRATE	Arg1:T23	Arg2:T30
17311416	CPR:9	Y 	SUBSTRATE	Arg1:T23	Arg2:T31
17311416	CPR:9	Y 	SUBSTRATE	Arg1:T23	Arg2:T32
17311416	CPR:9	Y 	SUBSTRATE	Arg1:T23	Arg2:T33
17311416	CPR:9	Y 	SUBSTRATE	Arg1:T23	Arg2:T34
17311416	CPR:9	Y 	SUBSTRATE	Arg1:T23	Arg2:T36
17311416	CPR:9	Y 	SUBSTRATE	Arg1:T23	Arg2:T37
17311416	CPR:9	Y 	SUBSTRATE	Arg1:T23	Arg2:T38
17311416	CPR:9	Y 	SUBSTRATE	Arg1:T23	Arg2:T39
17319904	CPR:2	N 	REGULATOR	Arg1:T11	Arg2:T27
17319904	CPR:2	N 	REGULATOR	Arg1:T11	Arg2:T28
17319904	CPR:2	N 	REGULATOR	Arg1:T2	Arg2:T19
17319904	CPR:2	N 	REGULATOR	Arg1:T2	Arg2:T20
17319904	CPR:2	N 	REGULATOR	Arg1:T2	Arg2:T21
17319904	CPR:3	Y 	INDIRECT-UPREGULATOR	Arg1:T1	Arg2:T12
17319904	CPR:3	Y 	INDIRECT-UPREGULATOR	Arg1:T1	Arg2:T13
17320868	CPR:2	N 	REGULATOR	Arg1:T14	Arg2:T31
17320868	CPR:2	N 	REGULATOR	Arg1:T20	Arg2:T33
17320868	CPR:2	N 	REGULATOR	Arg1:T21	Arg2:T36
17320868	CPR:2	N 	REGULATOR	Arg1:T4	Arg2:T24
17320868	CPR:2	N 	REGULATOR	Arg1:T8	Arg2:T25
17320868	CPR:5	Y 	AGONIST	Arg1:T2	Arg2:T35
17320868	CPR:6	Y 	ANTAGONIST	Arg1:T19	Arg2:T32
17324065	CPR:2	N 	INDIRECT-REGULATOR	Arg1:T4	Arg2:T16
17324065	CPR:2	N 	REGULATOR	Arg1:T3	Arg2:T14
17324065	CPR:3	Y 	ACTIVATOR	Arg1:T10	Arg2:T20
17324065	CPR:3	Y 	ACTIVATOR	Arg1:T2	Arg2:T13
17324065	CPR:3	Y 	ACTIVATOR	Arg1:T5	Arg2:T15
17324065	CPR:3	Y 	ACTIVATOR	Arg1:T5	Arg2:T18
17324065	CPR:3	Y 	ACTIVATOR	Arg1:T6	Arg2:T17
17324065	CPR:3	Y 	ACTIVATOR	Arg1:T7	Arg2:T19
17324065	CPR:3	Y 	ACTIVATOR	Arg1:T9	Arg2:T12
17327402	CPR:9	Y 	PRODUCT-OF	Arg1:T3	Arg2:T16
17327402	CPR:9	Y 	PRODUCT-OF	Arg1:T3	Arg2:T9
17327402	CPR:9	Y 	PRODUCT-OF	Arg1:T5	Arg2:T16
17327402	CPR:9	Y 	PRODUCT-OF	Arg1:T5	Arg2:T9
17327402	CPR:9	Y 	SUBSTRATE	Arg1:T2	Arg2:T16
17327402	CPR:9	Y 	SUBSTRATE	Arg1:T2	Arg2:T9
17333241	CPR:2	N 	INDIRECT-REGULATOR	Arg1:T2	Arg2:T17
17333241	CPR:2	N 	INDIRECT-REGULATOR	Arg1:T2	Arg2:T18
17334413	CPR:2	N 	DIRECT-REGULATOR	Arg1:T1	Arg2:T30
17334413	CPR:2	N 	DIRECT-REGULATOR	Arg1:T1	Arg2:T31
17334413	CPR:2	N 	DIRECT-REGULATOR	Arg1:T1	Arg2:T49
17334413	CPR:2	N 	DIRECT-REGULATOR	Arg1:T1	Arg2:T57
17334413	CPR:2	N 	DIRECT-REGULATOR	Arg1:T1	Arg2:T59
17334413	CPR:4	Y 	INHIBITOR	Arg1:T16	Arg2:T39
17334413	CPR:4	Y 	INHIBITOR	Arg1:T16	Arg2:T40
17334413	CPR:4	Y 	INHIBITOR	Arg1:T16	Arg2:T41
17334413	CPR:5	Y 	AGONIST	Arg1:T20	Arg2:T48
17334413	CPR:5	Y 	AGONIST	Arg1:T21	Arg2:T48
17334413	CPR:6	Y 	ANTAGONIST	Arg1:T22	Arg2:T50
17344208	CPR:1	N 	PART-OF	Arg1:T10	Arg2:T24
17344208	CPR:9	Y 	PRODUCT-OF	Arg1:T4	Arg2:T12
17344208	CPR:9	Y 	PRODUCT-OF	Arg1:T4	Arg2:T19
17344208	CPR:9	Y 	PRODUCT-OF	Arg1:T4	Arg2:T22
17344208	CPR:9	Y 	PRODUCT-OF	Arg1:T4	Arg2:T29
17344208	CPR:9	Y 	PRODUCT-OF	Arg1:T7	Arg2:T15
17344208	CPR:9	Y 	PRODUCT-OF	Arg1:T8	Arg2:T16
17344208	CPR:9	Y 	SUBSTRATE	Arg1:T2	Arg2:T12
17344208	CPR:9	Y 	SUBSTRATE	Arg1:T2	Arg2:T19
17344208	CPR:9	Y 	SUBSTRATE	Arg1:T2	Arg2:T22
17344208	CPR:9	Y 	SUBSTRATE	Arg1:T2	Arg2:T29
17344208	CPR:9	Y 	SUBSTRATE	Arg1:T6	Arg2:T15
17352685	CPR:4	Y 	INHIBITOR	Arg1:T1	Arg2:T12
17352685	CPR:4	Y 	INHIBITOR	Arg1:T2	Arg2:T12
17352685	CPR:4	Y 	INHIBITOR	Arg1:T6	Arg2:T18
17352685	CPR:4	Y 	INHIBITOR	Arg1:T7	Arg2:T18
17352685	CPR:9	Y 	SUBSTRATE	Arg1:T5	Arg2:T15
17367165	CPR:2	N 	DIRECT-REGULATOR	Arg1:T6	Arg2:T25
17367165	CPR:2	N 	REGULATOR	Arg1:T12	Arg2:T34
17367165	CPR:2	N 	REGULATOR	Arg1:T12	Arg2:T35
17367165	CPR:2	N 	REGULATOR	Arg1:T15	Arg2:T20
17367165	CPR:2	N 	REGULATOR	Arg1:T16	Arg2:T20
17367165	CPR:2	N 	REGULATOR	Arg1:T17	Arg2:T20
17367165	CPR:2	N 	REGULATOR	Arg1:T18	Arg2:T20
17367165	CPR:2	N 	REGULATOR	Arg1:T1	Arg2:T21
17367165	CPR:3	Y 	ACTIVATOR	Arg1:T8	Arg2:T23
17379925	CPR:10	N 	NOT	Arg1:T8	Arg2:T24
17379925	CPR:10	N 	NOT	Arg1:T9	Arg2:T24
17379925	CPR:2	N 	INDIRECT-REGULATOR	Arg1:T3	Arg2:T16
17379925	CPR:2	N 	INDIRECT-REGULATOR	Arg1:T3	Arg2:T17
17379925	CPR:9	Y 	SUBSTRATE	Arg1:T10	Arg2:T14
17379925	CPR:9	Y 	SUBSTRATE	Arg1:T10	Arg2:T20
17380207	CPR:9	Y 	PRODUCT-OF	Arg1:T1	Arg2:T6
17380207	CPR:9	Y 	PRODUCT-OF	Arg1:T5	Arg2:T11
17380207	CPR:9	Y 	PRODUCT-OF	Arg1:T5	Arg2:T9
17403555	CPR:2	N 	REGULATOR	Arg1:T3	Arg2:T26
17403555	CPR:2	N 	REGULATOR	Arg1:T3	Arg2:T27
17403555	CPR:2	N 	REGULATOR	Arg1:T3	Arg2:T28
17403555	CPR:2	N 	REGULATOR	Arg1:T4	Arg2:T26
17403555	CPR:2	N 	REGULATOR	Arg1:T4	Arg2:T27
17403555	CPR:2	N 	REGULATOR	Arg1:T4	Arg2:T28
17403555	CPR:6	Y 	ANTAGONIST	Arg1:T16	Arg2:T56
17403555	CPR:6	Y 	ANTAGONIST	Arg1:T17	Arg2:T56
17409318	CPR:0	N 	UNDEFINED	Arg1:T7	Arg2:T27
17409318	CPR:9	Y 	PRODUCT-OF	Arg1:T10	Arg2:T27
17409318	CPR:9	Y 	PRODUCT-OF	Arg1:T11	Arg2:T26
17409318	CPR:9	Y 	PRODUCT-OF	Arg1:T12	Arg2:T28
17409318	CPR:9	Y 	PRODUCT-OF	Arg1:T20	Arg2:T29
17409318	CPR:9	Y 	PRODUCT-OF	Arg1:T2	Arg2:T26
17409318	CPR:9	Y 	PRODUCT-OF	Arg1:T2	Arg2:T28
17409318	CPR:9	Y 	PRODUCT-OF	Arg1:T8	Arg2:T26
17409318	CPR:9	Y 	PRODUCT-OF	Arg1:T8	Arg2:T28
17409318	CPR:9	Y 	SUBSTRATE	Arg1:T11	Arg2:T28
17409318	CPR:9	Y 	SUBSTRATE	Arg1:T12	Arg2:T26
17409318	CPR:9	Y 	SUBSTRATE	Arg1:T19	Arg2:T26
17409318	CPR:9	Y 	SUBSTRATE	Arg1:T19	Arg2:T28
17409318	CPR:9	Y 	SUBSTRATE	Arg1:T23	Arg2:T26
17409318	CPR:9	Y 	SUBSTRATE	Arg1:T23	Arg2:T28
17409318	CPR:9	Y 	SUBSTRATE	Arg1:T9	Arg2:T27
17468175	CPR:2	N 	DIRECT-REGULATOR	Arg1:T13	Arg2:T25
17468175	CPR:2	N 	DIRECT-REGULATOR	Arg1:T2	Arg2:T16
17468175	CPR:2	N 	REGULATOR	Arg1:T3	Arg2:T17
17468175	CPR:2	N 	REGULATOR	Arg1:T9	Arg2:T21
17468175	CPR:5	Y 	AGONIST	Arg1:T15	Arg2:T26
17468175	CPR:5	Y 	AGONIST	Arg1:T1	Arg2:T18
17468175	CPR:5	Y 	AGONIST	Arg1:T8	Arg2:T18
17468175	CPR:6	Y 	ANTAGONIST	Arg1:T15	Arg2:T27
17468175	CPR:6	Y 	ANTAGONIST	Arg1:T1	Arg2:T19
17468175	CPR:6	Y 	ANTAGONIST	Arg1:T8	Arg2:T19
17496727	CPR:10	N 	NOT	Arg1:T3	Arg2:T15
17496727	CPR:10	N 	NOT	Arg1:T4	Arg2:T15
17496727	CPR:2	N 	INDIRECT-REGULATOR	Arg1:T8	Arg2:T16
17496727	CPR:4	Y 	INHIBITOR	Arg1:T2	Arg2:T15
17512091	CPR:10	N 	NOT	Arg1:T19	Arg2:T39
17512091	CPR:10	N 	NOT	Arg1:T20	Arg2:T39
17512091	CPR:10	N 	NOT	Arg1:T2	Arg2:T22
17512091	CPR:10	N 	NOT	Arg1:T3	Arg2:T23
17512091	CPR:2	N 	REGULATOR	Arg1:T6	Arg2:T29
17512091	CPR:2	N 	REGULATOR	Arg1:T7	Arg2:T31
17512091	CPR:2	N 	REGULATOR	Arg1:T7	Arg2:T34
17512091	CPR:3	Y 	ACTIVATOR	Arg1:T7	Arg2:T32
17512091	CPR:3	Y 	ACTIVATOR	Arg1:T7	Arg2:T33
17512091	CPR:3	Y 	INDIRECT-UPREGULATOR	Arg1:T9	Arg2:T35
17512091	CPR:4	Y 	DOWNREGULATOR	Arg1:T6	Arg2:T30
17512091	CPR:4	Y 	INHIBITOR	Arg1:T15	Arg2:T38
17554001	CPR:9	Y 	SUBSTRATE	Arg1:T10	Arg2:T21
17554001	CPR:9	Y 	SUBSTRATE	Arg1:T10	Arg2:T22
17554001	CPR:9	Y 	SUBSTRATE	Arg1:T13	Arg2:T23
17554001	CPR:9	Y 	SUBSTRATE	Arg1:T14	Arg2:T31
17554001	CPR:9	Y 	SUBSTRATE	Arg1:T1	Arg2:T15
17554001	CPR:9	Y 	SUBSTRATE	Arg1:T3	Arg2:T17
17554001	CPR:9	Y 	SUBSTRATE	Arg1:T5	Arg2:T18
17554001	CPR:9	Y 	SUBSTRATE	Arg1:T6	Arg2:T19
17554001	CPR:9	Y 	SUBSTRATE	Arg1:T6	Arg2:T20
17554001	CPR:9	Y 	SUBSTRATE	Arg1:T7	Arg2:T19
17554001	CPR:9	Y 	SUBSTRATE	Arg1:T7	Arg2:T20
17554001	CPR:9	Y 	SUBSTRATE	Arg1:T9	Arg2:T21
17554001	CPR:9	Y 	SUBSTRATE	Arg1:T9	Arg2:T22
17581967	CPR:2	N 	REGULATOR	Arg1:T5	Arg2:T20
17581967	CPR:2	N 	REGULATOR	Arg1:T8	Arg2:T26
17581967	CPR:2	N 	REGULATOR	Arg1:T9	Arg2:T26
17581967	CPR:3	Y 	ACTIVATOR	Arg1:T11	Arg2:T27
17581967	CPR:3	Y 	ACTIVATOR	Arg1:T13	Arg2:T27
17581967	CPR:3	Y 	ACTIVATOR	Arg1:T2	Arg2:T14
17581967	CPR:3	Y 	ACTIVATOR	Arg1:T2	Arg2:T19
17581967	CPR:3	Y 	ACTIVATOR	Arg1:T6	Arg2:T14
17581967	CPR:3	Y 	ACTIVATOR	Arg1:T6	Arg2:T19
17581967	CPR:3	Y 	ACTIVATOR	Arg1:T7	Arg2:T14
17581967	CPR:3	Y 	ACTIVATOR	Arg1:T7	Arg2:T19
17581967	CPR:3	Y 	ACTIVATOR	Arg1:T8	Arg2:T25
17581967	CPR:3	Y 	ACTIVATOR	Arg1:T9	Arg2:T25
17594192	CPR:2	N 	DIRECT-REGULATOR	Arg1:T9	Arg2:T24
17594192	CPR:2	N 	INDIRECT-REGULATOR	Arg1:T8	Arg2:T21
17594192	CPR:2	N 	INDIRECT-REGULATOR	Arg1:T8	Arg2:T22
17594192	CPR:4	Y 	INDIRECT-DOWNREGULATOR	Arg1:T10	Arg2:T26
17594192	CPR:4	Y 	INDIRECT-DOWNREGULATOR	Arg1:T13	Arg2:T28
17594192	CPR:4	Y 	INDIRECT-DOWNREGULATOR	Arg1:T13	Arg2:T29
17594192	CPR:4	Y 	INDIRECT-DOWNREGULATOR	Arg1:T8	Arg2:T23
17594192	CPR:4	Y 	INHIBITOR	Arg1:T1	Arg2:T16
17594192	CPR:4	Y 	INHIBITOR	Arg1:T1	Arg2:T27
17594192	CPR:4	Y 	INHIBITOR	Arg1:T2	Arg2:T17
17594192	CPR:4	Y 	INHIBITOR	Arg1:T3	Arg2:T18
17594192	CPR:4	Y 	INHIBITOR	Arg1:T4	Arg2:T18
17594192	CPR:4	Y 	INHIBITOR	Arg1:T7	Arg2:T16
17594192	CPR:4	Y 	INHIBITOR	Arg1:T7	Arg2:T27
17594192	CPR:4	Y 	INHIBITOR	Arg1:T8	Arg2:T20
17603555	CPR:10	N 	NOT	Arg1:T1	Arg2:T60
17603555	CPR:10	N 	NOT	Arg1:T2	Arg2:T60
17603555	CPR:2	N 	REGULATOR	Arg1:T22	Arg2:T49
17603555	CPR:2	N 	REGULATOR	Arg1:T22	Arg2:T50
17603555	CPR:2	N 	REGULATOR	Arg1:T22	Arg2:T51
17603555	CPR:2	N 	REGULATOR	Arg1:T23	Arg2:T52
17603555	CPR:2	N 	REGULATOR	Arg1:T23	Arg2:T54
17603555	CPR:2	N 	REGULATOR	Arg1:T24	Arg2:T52
17603555	CPR:2	N 	REGULATOR	Arg1:T24	Arg2:T54
17603555	CPR:2	N 	REGULATOR	Arg1:T25	Arg2:T52
17603555	CPR:2	N 	REGULATOR	Arg1:T25	Arg2:T54
17603555	CPR:3	Y 	ACTIVATOR	Arg1:T23	Arg2:T53
17603555	CPR:3	Y 	ACTIVATOR	Arg1:T24	Arg2:T53
17603555	CPR:3	Y 	ACTIVATOR	Arg1:T25	Arg2:T53
17603555	CPR:3	Y 	ACTIVATOR	Arg1:T27	Arg2:T55
17603555	CPR:3	Y 	ACTIVATOR	Arg1:T27	Arg2:T57
17603555	CPR:3	Y 	ACTIVATOR	Arg1:T40	Arg2:T55
17603555	CPR:3	Y 	ACTIVATOR	Arg1:T40	Arg2:T57
17603555	CPR:3	Y 	ACTIVATOR	Arg1:T42	Arg2:T55
17603555	CPR:3	Y 	ACTIVATOR	Arg1:T42	Arg2:T57
17603555	CPR:3	Y 	ACTIVATOR	Arg1:T43	Arg2:T59
17603555	CPR:3	Y 	ACTIVATOR	Arg1:T44	Arg2:T59
17603555	CPR:3	Y 	ACTIVATOR	Arg1:T45	Arg2:T59
17603555	CPR:3	Y 	ACTIVATOR	Arg1:T4	Arg2:T60
17603555	CPR:3	Y 	ACTIVATOR	Arg1:T8	Arg2:T55
17603555	CPR:3	Y 	ACTIVATOR	Arg1:T8	Arg2:T57
17604186	CPR:3	Y 	INDIRECT-UPREGULATOR	Arg1:T1	Arg2:T23
17604186	CPR:4	Y 	INHIBITOR	Arg1:T10	Arg2:T27
17604186	CPR:4	Y 	INHIBITOR	Arg1:T11	Arg2:T28
17604186	CPR:4	Y 	INHIBITOR	Arg1:T20	Arg2:T30
17604186	CPR:4	Y 	INHIBITOR	Arg1:T7	Arg2:T24
17604186	CPR:4	Y 	INHIBITOR	Arg1:T9	Arg2:T26
17604186	CPR:9	Y 	PRODUCT-OF	Arg1:T15	Arg2:T25
17604186	CPR:9	Y 	PRODUCT-OF	Arg1:T15	Arg2:T29
17617661	CPR:2	N 	REGULATOR	Arg1:T1	Arg2:T10
17617661	CPR:2	N 	REGULATOR	Arg1:T1	Arg2:T11
17627474	CPR:10	N 	NOT	Arg1:T9	Arg2:T21
17627474	CPR:4	Y 	INHIBITOR	Arg1:T10	Arg2:T22
17627474	CPR:4	Y 	INHIBITOR	Arg1:T11	Arg2:T22
17632548	CPR:9	Y 	PRODUCT-OF	Arg1:T18	Arg2:T39
17632548	CPR:9	Y 	PRODUCT-OF	Arg1:T18	Arg2:T40
17632548	CPR:9	Y 	SUBSTRATE	Arg1:T21	Arg2:T42
17632548	CPR:9	Y 	SUBSTRATE	Arg1:T21	Arg2:T43
17632548	CPR:9	Y 	SUBSTRATE	Arg1:T21	Arg2:T44
17632548	CPR:9	Y 	SUBSTRATE	Arg1:T22	Arg2:T42
17632548	CPR:9	Y 	SUBSTRATE	Arg1:T22	Arg2:T43
17632548	CPR:9	Y 	SUBSTRATE	Arg1:T22	Arg2:T44
17768678	CPR:4	Y 	INHIBITOR	Arg1:T1	Arg2:T36
17768678	CPR:4	Y 	INHIBITOR	Arg1:T1	Arg2:T39
17768678	CPR:4	Y 	INHIBITOR	Arg1:T1	Arg2:T40
17768678	CPR:4	Y 	INHIBITOR	Arg1:T1	Arg2:T43
17768678	CPR:4	Y 	INHIBITOR	Arg1:T31	Arg2:T42
17768678	CPR:4	Y 	INHIBITOR	Arg1:T32	Arg2:T42
17768678	CPR:4	Y 	INHIBITOR	Arg1:T34	Arg2:T44
17768678	CPR:4	Y 	INHIBITOR	Arg1:T6	Arg2:T36
17768678	CPR:4	Y 	INHIBITOR	Arg1:T6	Arg2:T39
17768678	CPR:4	Y 	INHIBITOR	Arg1:T6	Arg2:T40
17768678	CPR:4	Y 	INHIBITOR	Arg1:T6	Arg2:T43
17768678	CPR:9	Y 	SUBSTRATE	Arg1:T11	Arg2:T37
17768678	CPR:9	Y 	SUBSTRATE	Arg1:T16	Arg2:T38
17869551	CPR:4	Y 	INHIBITOR	Arg1:T31	Arg2:T34
17869551	CPR:4	Y 	INHIBITOR	Arg1:T31	Arg2:T35
17869551	CPR:9	Y 	PRODUCT-OF	Arg1:T11	Arg2:T36
17869551	CPR:9	Y 	PRODUCT-OF	Arg1:T11	Arg2:T37
17869551	CPR:9	Y 	PRODUCT-OF	Arg1:T1	Arg2:T36
17869551	CPR:9	Y 	PRODUCT-OF	Arg1:T1	Arg2:T37
17869551	CPR:9	Y 	PRODUCT-OF	Arg1:T23	Arg2:T36
17869551	CPR:9	Y 	PRODUCT-OF	Arg1:T23	Arg2:T37
17869551	CPR:9	Y 	SUBSTRATE	Arg1:T29	Arg2:T36
17869551	CPR:9	Y 	SUBSTRATE	Arg1:T29	Arg2:T37
17916059	CPR:2	N 	DIRECT-REGULATOR	Arg1:T8	Arg2:T13
17916059	CPR:2	N 	DIRECT-REGULATOR	Arg1:T8	Arg2:T14
17916059	CPR:9	Y 	SUBSTRATE	Arg1:T11	Arg2:T16
17980251	CPR:6	Y 	ANTAGONIST	Arg1:T20	Arg2:T29
17980251	CPR:6	Y 	ANTAGONIST	Arg1:T21	Arg2:T29
17980251	CPR:6	Y 	ANTAGONIST	Arg1:T27	Arg2:T30
17980251	CPR:6	Y 	ANTAGONIST	Arg1:T28	Arg2:T30
18045203	CPR:2	N 	DIRECT-REGULATOR	Arg1:T6	Arg2:T12
18045203	CPR:2	N 	DIRECT-REGULATOR	Arg1:T6	Arg2:T13
18045203	CPR:6	Y 	ANTAGONIST	Arg1:T1	Arg2:T10
18450949	CPR:10	N 	NOT	Arg1:T2	Arg2:T11
18450949	CPR:10	N 	NOT	Arg1:T3	Arg2:T14
18450949	CPR:3	Y 	INDIRECT-UPREGULATOR	Arg1:T1	Arg2:T11
18450949	CPR:3	Y 	INDIRECT-UPREGULATOR	Arg1:T1	Arg2:T12
18450949	CPR:3	Y 	INDIRECT-UPREGULATOR	Arg1:T4	Arg2:T16
18450949	CPR:3	Y 	INDIRECT-UPREGULATOR	Arg1:T5	Arg2:T20
18450949	CPR:5	Y 	AGONIST	Arg1:T1	Arg2:T10
18450949	CPR:5	Y 	AGONIST	Arg1:T5	Arg2:T19
18480678	CPR:2	N 	DIRECT-REGULATOR	Arg1:T24	Arg2:T32
18480678	CPR:2	N 	DIRECT-REGULATOR	Arg1:T26	Arg2:T32
18480678	CPR:2	N 	REGULATOR	Arg1:T9	Arg2:T29
18480678	CPR:4	Y 	INHIBITOR	Arg1:T8	Arg2:T30
18480678	CPR:4	Y 	INHIBITOR	Arg1:T8	Arg2:T31
18480678	CPR:9	Y 	SUBSTRATE	Arg1:T17	Arg2:T30
18480678	CPR:9	Y 	SUBSTRATE	Arg1:T17	Arg2:T31
18593822	CPR:1	N 	PART-OF	Arg1:T1	Arg2:T62
18593822	CPR:1	N 	PART-OF	Arg1:T1	Arg2:T63
18593822	CPR:1	N 	PART-OF	Arg1:T1	Arg2:T64
18593927	CPR:4	Y 	INHIBITOR	Arg1:T3	Arg2:T9
18604229	CPR:2	N 	DIRECT-REGULATOR	Arg1:T6	Arg2:T23
18604229	CPR:2	N 	DIRECT-REGULATOR	Arg1:T7	Arg2:T24
18604229	CPR:2	N 	DIRECT-REGULATOR	Arg1:T8	Arg2:T24
18604229	CPR:2	N 	DIRECT-REGULATOR	Arg1:T9	Arg2:T24
18604229	CPR:2	N 	REGULATOR	Arg1:T21	Arg2:T29
18604229	CPR:2	N 	REGULATOR	Arg1:T22	Arg2:T29
18604229	CPR:4	Y 	INHIBITOR	Arg1:T10	Arg2:T25
18604229	CPR:4	Y 	INHIBITOR	Arg1:T12	Arg2:T27
18620538	CPR:10	N 	NOT	Arg1:T4	Arg2:T10
18620538	CPR:10	N 	NOT	Arg1:T5	Arg2:T12
18620538	CPR:2	N 	DIRECT-REGULATOR	Arg1:T2	Arg2:T9
18620538	CPR:2	N 	DIRECT-REGULATOR	Arg1:T3	Arg2:T9
18620538	CPR:2	N 	DIRECT-REGULATOR	Arg1:T7	Arg2:T11
18620538	CPR:2	N 	DIRECT-REGULATOR	Arg1:T8	Arg2:T14
18655903	CPR:2	N 	REGULATOR	Arg1:T22	Arg2:T43
18655903	CPR:2	N 	REGULATOR	Arg1:T22	Arg2:T53
18655903	CPR:2	N 	REGULATOR	Arg1:T22	Arg2:T57
18655903	CPR:2	N 	REGULATOR	Arg1:T22	Arg2:T67
18655903	CPR:2	N 	REGULATOR	Arg1:T28	Arg2:T43
18655903	CPR:2	N 	REGULATOR	Arg1:T28	Arg2:T53
18655903	CPR:2	N 	REGULATOR	Arg1:T28	Arg2:T57
18655903	CPR:2	N 	REGULATOR	Arg1:T28	Arg2:T67
18655903	CPR:5	Y 	AGONIST	Arg1:T11	Arg2:T48
18655903	CPR:5	Y 	AGONIST	Arg1:T13	Arg2:T50
18655903	CPR:5	Y 	AGONIST	Arg1:T14	Arg2:T51
18655903	CPR:5	Y 	AGONIST	Arg1:T15	Arg2:T52
18655903	CPR:6	Y 	ANTAGONIST	Arg1:T16	Arg2:T54
18655903	CPR:6	Y 	ANTAGONIST	Arg1:T17	Arg2:T54
18655903	CPR:6	Y 	ANTAGONIST	Arg1:T19	Arg2:T58
18655903	CPR:6	Y 	ANTAGONIST	Arg1:T20	Arg2:T58
18655903	CPR:6	Y 	ANTAGONIST	Arg1:T21	Arg2:T58
18655903	CPR:6	Y 	ANTAGONIST	Arg1:T23	Arg2:T60
18655903	CPR:6	Y 	ANTAGONIST	Arg1:T23	Arg2:T61
18655903	CPR:6	Y 	ANTAGONIST	Arg1:T24	Arg2:T60
18655903	CPR:6	Y 	ANTAGONIST	Arg1:T24	Arg2:T61
1868500	CPR:2	N 	INDIRECT-REGULATOR	Arg1:T10	Arg2:T24
1868500	CPR:2	N 	INDIRECT-REGULATOR	Arg1:T10	Arg2:T25
1868500	CPR:2	N 	INDIRECT-REGULATOR	Arg1:T10	Arg2:T26
1868500	CPR:2	N 	INDIRECT-REGULATOR	Arg1:T9	Arg2:T23
1868500	CPR:2	N 	REGULATOR	Arg1:T11	Arg2:T27
1868500	CPR:2	N 	REGULATOR	Arg1:T11	Arg2:T28
1868500	CPR:4	Y 	INDIRECT-DOWNREGULATOR	Arg1:T5	Arg2:T18
1868500	CPR:4	Y 	INDIRECT-DOWNREGULATOR	Arg1:T5	Arg2:T19
1868500	CPR:4	Y 	INDIRECT-DOWNREGULATOR	Arg1:T5	Arg2:T20
1868500	CPR:4	Y 	INDIRECT-DOWNREGULATOR	Arg1:T5	Arg2:T21
1868500	CPR:4	Y 	INDIRECT-DOWNREGULATOR	Arg1:T6	Arg2:T18
1868500	CPR:4	Y 	INDIRECT-DOWNREGULATOR	Arg1:T6	Arg2:T19
1868500	CPR:4	Y 	INDIRECT-DOWNREGULATOR	Arg1:T6	Arg2:T20
1868500	CPR:4	Y 	INDIRECT-DOWNREGULATOR	Arg1:T6	Arg2:T21
1868500	CPR:4	Y 	INDIRECT-DOWNREGULATOR	Arg1:T7	Arg2:T18
1868500	CPR:4	Y 	INDIRECT-DOWNREGULATOR	Arg1:T7	Arg2:T19
1868500	CPR:4	Y 	INDIRECT-DOWNREGULATOR	Arg1:T7	Arg2:T20
1868500	CPR:4	Y 	INDIRECT-DOWNREGULATOR	Arg1:T7	Arg2:T21
1868500	CPR:4	Y 	INDIRECT-DOWNREGULATOR	Arg1:T9	Arg2:T22
1868500	CPR:9	Y 	SUBSTRATE	Arg1:T12	Arg2:T27
1868500	CPR:9	Y 	SUBSTRATE	Arg1:T12	Arg2:T28
18803986	CPR:2	N 	REGULATOR	Arg1:T10	Arg2:T40
18803986	CPR:2	N 	REGULATOR	Arg1:T11	Arg2:T40
18803986	CPR:2	N 	REGULATOR	Arg1:T26	Arg2:T44
18803986	CPR:2	N 	REGULATOR	Arg1:T9	Arg2:T40
18803986	CPR:4	Y 	INHIBITOR	Arg1:T24	Arg2:T41
18803986	CPR:4	Y 	INHIBITOR	Arg1:T24	Arg2:T42
18803986	CPR:4	Y 	INHIBITOR	Arg1:T24	Arg2:T43
18803986	CPR:4	Y 	INHIBITOR	Arg1:T30	Arg2:T52
18803986	CPR:4	Y 	INHIBITOR	Arg1:T30	Arg2:T53
18803986	CPR:4	Y 	INHIBITOR	Arg1:T5	Arg2:T35
18803986	CPR:4	Y 	INHIBITOR	Arg1:T5	Arg2:T37
18803986	CPR:4	Y 	INHIBITOR	Arg1:T5	Arg2:T49
18803986	CPR:4	Y 	INHIBITOR	Arg1:T5	Arg2:T50
18803986	CPR:4	Y 	INHIBITOR	Arg1:T5	Arg2:T51
18803986	CPR:9	Y 	SUBSTRATE	Arg1:T6	Arg2:T36
1881457	CPR:4	Y 	INHIBITOR	Arg1:T11	Arg2:T27
1881457	CPR:4	Y 	INHIBITOR	Arg1:T17	Arg2:T28
1881457	CPR:4	Y 	INHIBITOR	Arg1:T18	Arg2:T28
1881457	CPR:4	Y 	INHIBITOR	Arg1:T20	Arg2:T28
1881457	CPR:4	Y 	INHIBITOR	Arg1:T21	Arg2:T28
1881457	CPR:4	Y 	INHIBITOR	Arg1:T9	Arg2:T27
18973551	CPR:3	Y 	ACTIVATOR	Arg1:T5	Arg2:T26
18973551	CPR:3	Y 	ACTIVATOR	Arg1:T5	Arg2:T27
18973551	CPR:3	Y 	ACTIVATOR	Arg1:T6	Arg2:T26
18973551	CPR:3	Y 	ACTIVATOR	Arg1:T6	Arg2:T27
18973551	CPR:4	Y 	INHIBITOR	Arg1:T7	Arg2:T26
18973551	CPR:4	Y 	INHIBITOR	Arg1:T7	Arg2:T27
18973551	CPR:6	Y 	ANTAGONIST	Arg1:T4	Arg2:T25
18974361	CPR:4	Y 	INHIBITOR	Arg1:T14	Arg2:T26
18974361	CPR:4	Y 	INHIBITOR	Arg1:T15	Arg2:T26
18974361	CPR:4	Y 	INHIBITOR	Arg1:T16	Arg2:T26
18974361	CPR:4	Y 	INHIBITOR	Arg1:T17	Arg2:T26
19023039	CPR:10	N 	NOT	Arg1:T10	Arg2:T19
19023039	CPR:10	N 	NOT	Arg1:T7	Arg2:T19
19023039	CPR:10	N 	NOT	Arg1:T8	Arg2:T19
19023039	CPR:10	N 	NOT	Arg1:T9	Arg2:T19
19023039	CPR:4	Y 	INHIBITOR	Arg1:T10	Arg2:T18
19023039	CPR:4	Y 	INHIBITOR	Arg1:T14	Arg2:T39
19023039	CPR:4	Y 	INHIBITOR	Arg1:T15	Arg2:T39
19023039	CPR:4	Y 	INHIBITOR	Arg1:T16	Arg2:T39
19023039	CPR:4	Y 	INHIBITOR	Arg1:T1	Arg2:T39
19023039	CPR:4	Y 	INHIBITOR	Arg1:T2	Arg2:T39
19023039	CPR:4	Y 	INHIBITOR	Arg1:T3	Arg2:T39
19023039	CPR:4	Y 	INHIBITOR	Arg1:T4	Arg2:T39
19023039	CPR:4	Y 	INHIBITOR	Arg1:T5	Arg2:T39
19023039	CPR:4	Y 	INHIBITOR	Arg1:T6	Arg2:T39
19023039	CPR:4	Y 	INHIBITOR	Arg1:T7	Arg2:T18
19023039	CPR:4	Y 	INHIBITOR	Arg1:T8	Arg2:T18
19023039	CPR:4	Y 	INHIBITOR	Arg1:T9	Arg2:T18
19023039	CPR:6	Y 	ANTAGONIST	Arg1:T11	Arg2:T24
19057128	CPR:3	Y 	ACTIVATOR	Arg1:T3	Arg2:T17
19057128	CPR:3	Y 	ACTIVATOR	Arg1:T3	Arg2:T18
19057128	CPR:3	Y 	ACTIVATOR	Arg1:T6	Arg2:T19
19057128	CPR:3	Y 	ACTIVATOR	Arg1:T6	Arg2:T20
19057128	CPR:3	Y 	INDIRECT-UPREGULATOR	Arg1:T3	Arg2:T17
19057128	CPR:3	Y 	INDIRECT-UPREGULATOR	Arg1:T3	Arg2:T18
19057128	CPR:4	Y 	INDIRECT-DOWNREGULATOR	Arg1:T4	Arg2:T17
19057128	CPR:4	Y 	INDIRECT-DOWNREGULATOR	Arg1:T4	Arg2:T18
19057128	CPR:4	Y 	INHIBITOR	Arg1:T4	Arg2:T17
19057128	CPR:4	Y 	INHIBITOR	Arg1:T4	Arg2:T18
19057128	CPR:4	Y 	INHIBITOR	Arg1:T5	Arg2:T19
19057128	CPR:4	Y 	INHIBITOR	Arg1:T5	Arg2:T20
19057128	CPR:4	Y 	INHIBITOR	Arg1:T7	Arg2:T21
19119014	CPR:2	N 	DIRECT-REGULATOR	Arg1:T18	Arg2:T35
19119014	CPR:2	N 	DIRECT-REGULATOR	Arg1:T19	Arg2:T35
19119014	CPR:2	N 	DIRECT-REGULATOR	Arg1:T2	Arg2:T35
19119014	CPR:2	N 	DIRECT-REGULATOR	Arg1:T3	Arg2:T25
19119014	CPR:2	N 	DIRECT-REGULATOR	Arg1:T4	Arg2:T27
19119014	CPR:4	Y 	INHIBITOR	Arg1:T10	Arg2:T30
19119014	CPR:4	Y 	INHIBITOR	Arg1:T11	Arg2:T30
19119014	CPR:4	Y 	INHIBITOR	Arg1:T12	Arg2:T30
19119014	CPR:4	Y 	INHIBITOR	Arg1:T13	Arg2:T30
19119014	CPR:4	Y 	INHIBITOR	Arg1:T1	Arg2:T24
19119014	CPR:4	Y 	INHIBITOR	Arg1:T1	Arg2:T26
19119014	CPR:4	Y 	INHIBITOR	Arg1:T1	Arg2:T36
19119014	CPR:4	Y 	INHIBITOR	Arg1:T7	Arg2:T24
19119014	CPR:4	Y 	INHIBITOR	Arg1:T7	Arg2:T26
19119014	CPR:4	Y 	INHIBITOR	Arg1:T7	Arg2:T36
19119014	CPR:4	Y 	INHIBITOR	Arg1:T8	Arg2:T24
19119014	CPR:4	Y 	INHIBITOR	Arg1:T8	Arg2:T26
19119014	CPR:4	Y 	INHIBITOR	Arg1:T8	Arg2:T36
19119014	CPR:4	Y 	INHIBITOR	Arg1:T9	Arg2:T24
19119014	CPR:4	Y 	INHIBITOR	Arg1:T9	Arg2:T26
19119014	CPR:4	Y 	INHIBITOR	Arg1:T9	Arg2:T36
19281809	CPR:10	N 	NOT	Arg1:T10	Arg2:T31
19281809	CPR:10	N 	NOT	Arg1:T20	Arg2:T37
19281809	CPR:4	Y 	INDIRECT-DOWNREGULATOR	Arg1:T6	Arg2:T30
19281809	CPR:4	Y 	INHIBITOR	Arg1:T12	Arg2:T33
19281809	CPR:4	Y 	INHIBITOR	Arg1:T12	Arg2:T34
19281809	CPR:4	Y 	INHIBITOR	Arg1:T19	Arg2:T36
19281809	CPR:4	Y 	INHIBITOR	Arg1:T28	Arg2:T38
19281809	CPR:9	Y 	SUBSTRATE	Arg1:T25	Arg2:T32
19281809	CPR:9	Y 	SUBSTRATE	Arg1:T25	Arg2:T35
19293728	CPR:2	N 	INDIRECT-REGULATOR	Arg1:T6	Arg2:T19
19293728	CPR:2	N 	INDIRECT-REGULATOR	Arg1:T6	Arg2:T20
19293728	CPR:4	Y 	INDIRECT-DOWNREGULATOR	Arg1:T2	Arg2:T12
19293728	CPR:4	Y 	INDIRECT-DOWNREGULATOR	Arg1:T3	Arg2:T13
19293728	CPR:4	Y 	INDIRECT-DOWNREGULATOR	Arg1:T5	Arg2:T15
19293728	CPR:4	Y 	INDIRECT-DOWNREGULATOR	Arg1:T6	Arg2:T18
19293728	CPR:5	Y 	AGONIST	Arg1:T2	Arg2:T11
19293728	CPR:6	Y 	ANTAGONIST	Arg1:T4	Arg2:T14
19472276	CPR:9	Y 	SUBSTRATE	Arg1:T4	Arg2:T11
19651196	CPR:3	Y 	ACTIVATOR	Arg1:T10	Arg2:T26
19651196	CPR:3	Y 	ACTIVATOR	Arg1:T11	Arg2:T26
19651196	CPR:3	Y 	ACTIVATOR	Arg1:T12	Arg2:T26
19651196	CPR:3	Y 	ACTIVATOR	Arg1:T13	Arg2:T26
19651196	CPR:3	Y 	ACTIVATOR	Arg1:T7	Arg2:T26
19651196	CPR:3	Y 	ACTIVATOR	Arg1:T8	Arg2:T26
19651196	CPR:3	Y 	ACTIVATOR	Arg1:T9	Arg2:T26
19651196	CPR:4	Y 	INHIBITOR	Arg1:T14	Arg2:T26
19651196	CPR:4	Y 	INHIBITOR	Arg1:T17	Arg2:T27
19651196	CPR:4	Y 	INHIBITOR	Arg1:T17	Arg2:T28
19651196	CPR:4	Y 	INHIBITOR	Arg1:T21	Arg2:T30
19837759	CPR:2	N 	DIRECT-REGULATOR	Arg1:T1	Arg2:T12
19837759	CPR:2	N 	DIRECT-REGULATOR	Arg1:T2	Arg2:T13
19837759	CPR:2	N 	DIRECT-REGULATOR	Arg1:T3	Arg2:T16
19837759	CPR:2	N 	DIRECT-REGULATOR	Arg1:T4	Arg2:T16
19837759	CPR:2	N 	DIRECT-REGULATOR	Arg1:T8	Arg2:T10
19837759	CPR:2	N 	DIRECT-REGULATOR	Arg1:T9	Arg2:T22
19852528	CPR:6	Y 	ANTAGONIST	Arg1:T12	Arg2:T24
19852528	CPR:6	Y 	ANTAGONIST	Arg1:T1	Arg2:T23
19852528	CPR:6	Y 	ANTAGONIST	Arg1:T1	Arg2:T25
20053189	CPR:2	N 	REGULATOR	Arg1:T14	Arg2:T28
20053189	CPR:2	N 	REGULATOR	Arg1:T15	Arg2:T28
20053189	CPR:3	Y 	ACTIVATOR	Arg1:T5	Arg2:T24
20053189	CPR:3	Y 	ACTIVATOR	Arg1:T6	Arg2:T24
20053189	CPR:3	Y 	ACTIVATOR	Arg1:T7	Arg2:T24
20053189	CPR:3	Y 	ACTIVATOR	Arg1:T8	Arg2:T24
20053189	CPR:4	Y 	INDIRECT-DOWNREGULATOR	Arg1:T5	Arg2:T25
20053189	CPR:4	Y 	INDIRECT-DOWNREGULATOR	Arg1:T6	Arg2:T25
20053189	CPR:4	Y 	INDIRECT-DOWNREGULATOR	Arg1:T7	Arg2:T25
20053189	CPR:4	Y 	INDIRECT-DOWNREGULATOR	Arg1:T8	Arg2:T25
20053189	CPR:5	Y 	AGONIST	Arg1:T5	Arg2:T22
20053189	CPR:5	Y 	AGONIST	Arg1:T5	Arg2:T23
20053189	CPR:5	Y 	AGONIST	Arg1:T6	Arg2:T22
20053189	CPR:5	Y 	AGONIST	Arg1:T6	Arg2:T23
20053189	CPR:5	Y 	AGONIST	Arg1:T7	Arg2:T22
20053189	CPR:5	Y 	AGONIST	Arg1:T7	Arg2:T23
20053189	CPR:5	Y 	AGONIST	Arg1:T8	Arg2:T22
20053189	CPR:5	Y 	AGONIST	Arg1:T8	Arg2:T23
20053189	CPR:6	Y 	ANTAGONIST	Arg1:T14	Arg2:T27
20053189	CPR:6	Y 	ANTAGONIST	Arg1:T15	Arg2:T27
20053189	CPR:6	Y 	ANTAGONIST	Arg1:T18	Arg2:T29
20151846	CPR:4	Y 	DOWNREGULATOR	Arg1:T8	Arg2:T15
20496522	CPR:2	N 	REGULATOR	Arg1:T5	Arg2:T7
2125244	CPR:2	N 	DIRECT-REGULATOR	Arg1:T2	Arg2:T10
2125244	CPR:2	N 	DIRECT-REGULATOR	Arg1:T3	Arg2:T11
2125244	CPR:2	N 	DIRECT-REGULATOR	Arg1:T4	Arg2:T11
2125244	CPR:2	N 	DIRECT-REGULATOR	Arg1:T5	Arg2:T12
2125244	CPR:2	N 	DIRECT-REGULATOR	Arg1:T6	Arg2:T16
2125244	CPR:3	Y 	ACTIVATOR	Arg1:T1	Arg2:T7
2125244	CPR:3	Y 	ACTIVATOR	Arg1:T1	Arg2:T8
2125244	CPR:4	Y 	INHIBITOR	Arg1:T1	Arg2:T7
2125244	CPR:4	Y 	INHIBITOR	Arg1:T1	Arg2:T8
2125244	CPR:4	Y 	INHIBITOR	Arg1:T5	Arg2:T13
2125244	CPR:4	Y 	INHIBITOR	Arg1:T5	Arg2:T14
21606412	CPR:2	N 	REGULATOR	Arg1:T2	Arg2:T15
21606412	CPR:2	N 	REGULATOR	Arg1:T2	Arg2:T16
21606412	CPR:2	N 	REGULATOR	Arg1:T2	Arg2:T17
21606412	CPR:4	Y 	INHIBITOR	Arg1:T3	Arg2:T13
21606412	CPR:4	Y 	INHIBITOR	Arg1:T3	Arg2:T14
21606412	CPR:4	Y 	INHIBITOR	Arg1:T3	Arg2:T18
21606412	CPR:4	Y 	INHIBITOR	Arg1:T3	Arg2:T19
21606412	CPR:4	Y 	INHIBITOR	Arg1:T6	Arg2:T13
21606412	CPR:4	Y 	INHIBITOR	Arg1:T6	Arg2:T14
21606412	CPR:4	Y 	INHIBITOR	Arg1:T6	Arg2:T18
21606412	CPR:4	Y 	INHIBITOR	Arg1:T6	Arg2:T19
21606412	CPR:4	Y 	INHIBITOR	Arg1:T7	Arg2:T21
21606412	CPR:4	Y 	INHIBITOR	Arg1:T8	Arg2:T21
22370636	CPR:1	N 	PART-OF	Arg1:T2	Arg2:T13
22370636	CPR:1	N 	PART-OF	Arg1:T2	Arg2:T14
22370636	CPR:4	Y 	INHIBITOR	Arg1:T3	Arg2:T16
22370636	CPR:4	Y 	INHIBITOR	Arg1:T3	Arg2:T17
22447684	CPR:2	N 	INDIRECT-REGULATOR	Arg1:T9	Arg2:T11
22447684	CPR:2	N 	INDIRECT-REGULATOR	Arg1:T9	Arg2:T12
22447684	CPR:2	N 	INDIRECT-REGULATOR	Arg1:T9	Arg2:T13
22447684	CPR:2	N 	INDIRECT-REGULATOR	Arg1:T9	Arg2:T14
22447684	CPR:2	N 	INDIRECT-REGULATOR	Arg1:T9	Arg2:T15
22447684	CPR:2	N 	INDIRECT-REGULATOR	Arg1:T9	Arg2:T16
22447684	CPR:2	N 	INDIRECT-REGULATOR	Arg1:T9	Arg2:T17
22447684	CPR:2	N 	INDIRECT-REGULATOR	Arg1:T9	Arg2:T18
22447684	CPR:2	N 	INDIRECT-REGULATOR	Arg1:T9	Arg2:T19
22447684	CPR:2	N 	INDIRECT-REGULATOR	Arg1:T9	Arg2:T20
22447684	CPR:2	N 	INDIRECT-REGULATOR	Arg1:T9	Arg2:T21
22578098	CPR:1	N 	PART-OF	Arg1:T1	Arg2:T8
22578098	CPR:1	N 	PART-OF	Arg1:T1	Arg2:T9
22578098	CPR:1	N 	PART-OF	Arg1:T2	Arg2:T10
22578098	CPR:1	N 	PART-OF	Arg1:T7	Arg2:T8
2268554	CPR:4	Y 	INHIBITOR	Arg1:T10	Arg2:T24
2268554	CPR:4	Y 	INHIBITOR	Arg1:T10	Arg2:T25
2268554	CPR:4	Y 	INHIBITOR	Arg1:T14	Arg2:T27
2268554	CPR:4	Y 	INHIBITOR	Arg1:T15	Arg2:T27
2268554	CPR:4	Y 	INHIBITOR	Arg1:T16	Arg2:T27
2268554	CPR:4	Y 	INHIBITOR	Arg1:T17	Arg2:T27
2268554	CPR:4	Y 	INHIBITOR	Arg1:T18	Arg2:T28
2268554	CPR:4	Y 	INHIBITOR	Arg1:T19	Arg2:T28
2268554	CPR:4	Y 	INHIBITOR	Arg1:T20	Arg2:T28
2268554	CPR:4	Y 	INHIBITOR	Arg1:T7	Arg2:T23
2268554	CPR:4	Y 	INHIBITOR	Arg1:T8	Arg2:T23
2268554	CPR:4	Y 	INHIBITOR	Arg1:T9	Arg2:T23
2268554	CPR:9	Y 	PRODUCT-OF	Arg1:T6	Arg2:T22
2268554	CPR:9	Y 	PRODUCT-OF	Arg1:T6	Arg2:T26
2268554	CPR:9	Y 	SUBSTRATE	Arg1:T1	Arg2:T22
2268554	CPR:9	Y 	SUBSTRATE	Arg1:T1	Arg2:T26
2268554	CPR:9	Y 	SUBSTRATE	Arg1:T2	Arg2:T22
2268554	CPR:9	Y 	SUBSTRATE	Arg1:T2	Arg2:T26
2268554	CPR:9	Y 	SUBSTRATE	Arg1:T4	Arg2:T22
2268554	CPR:9	Y 	SUBSTRATE	Arg1:T4	Arg2:T26
2268554	CPR:9	Y 	SUBSTRATE	Arg1:T5	Arg2:T22
2268554	CPR:9	Y 	SUBSTRATE	Arg1:T5	Arg2:T26
22709946	CPR:3	Y 	ACTIVATOR	Arg1:T1	Arg2:T9
22722028	CPR:3	Y 	ACTIVATOR	Arg1:T4	Arg2:T13
22722028	CPR:3	Y 	ACTIVATOR	Arg1:T5	Arg2:T13
22722028	CPR:4	Y 	INHIBITOR	Arg1:T1	Arg2:T10
22722028	CPR:4	Y 	INHIBITOR	Arg1:T9	Arg2:T16
22722028	CPR:4	Y 	INHIBITOR	Arg1:T9	Arg2:T17
22722028	CPR:5	Y 	AGONIST	Arg1:T2	Arg2:T11
22722028	CPR:5	Y 	AGONIST	Arg1:T2	Arg2:T12
22749926	CPR:3	Y 	INDIRECT-UPREGULATOR	Arg1:T2	Arg2:T10
22749926	CPR:4	Y 	INDIRECT-DOWNREGULATOR	Arg1:T8	Arg2:T11
22893351	CPR:2	N 	INDIRECT-REGULATOR	Arg1:T1	Arg2:T11
22893351	CPR:2	N 	INDIRECT-REGULATOR	Arg1:T1	Arg2:T12
22893351	CPR:2	N 	INDIRECT-REGULATOR	Arg1:T7	Arg2:T16
22893351	CPR:2	N 	INDIRECT-REGULATOR	Arg1:T7	Arg2:T17
22893351	CPR:2	N 	REGULATOR	Arg1:T6	Arg2:T14
22893351	CPR:2	N 	REGULATOR	Arg1:T6	Arg2:T15
22956632	CPR:2	N 	INDIRECT-REGULATOR	Arg1:T1	Arg2:T11
22956632	CPR:2	N 	INDIRECT-REGULATOR	Arg1:T3	Arg2:T15
22956632	CPR:2	N 	INDIRECT-REGULATOR	Arg1:T3	Arg2:T16
22956632	CPR:2	N 	INDIRECT-REGULATOR	Arg1:T3	Arg2:T17
22956632	CPR:2	N 	INDIRECT-REGULATOR	Arg1:T3	Arg2:T18
22956632	CPR:2	N 	REGULATOR	Arg1:T5	Arg2:T25
22956632	CPR:3	Y 	ACTIVATOR	Arg1:T3	Arg2:T14
22956632	CPR:6	Y 	ANTAGONIST	Arg1:T2	Arg2:T13
22956632	CPR:6	Y 	ANTAGONIST	Arg1:T5	Arg2:T24
22966070	CPR:1	N 	PART-OF	Arg1:T2	Arg2:T19
22966070	CPR:1	N 	PART-OF	Arg1:T5	Arg2:T33
22966070	CPR:1	N 	PART-OF	Arg1:T6	Arg2:T33
22982218	CPR:2	N 	DIRECT-REGULATOR	Arg1:T4	Arg2:T12
22982218	CPR:2	N 	INDIRECT-REGULATOR	Arg1:T7	Arg2:T22
22982218	CPR:3	Y 	ACTIVATOR	Arg1:T4	Arg2:T11
22982218	CPR:3	Y 	INDIRECT-UPREGULATOR	Arg1:T2	Arg2:T10
22982218	CPR:3	Y 	INDIRECT-UPREGULATOR	Arg1:T5	Arg2:T16
22982218	CPR:3	Y 	INDIRECT-UPREGULATOR	Arg1:T5	Arg2:T17
22982218	CPR:3	Y 	INDIRECT-UPREGULATOR	Arg1:T5	Arg2:T18
22982218	CPR:4	Y 	INHIBITOR	Arg1:T1	Arg2:T9
22982218	CPR:4	Y 	INHIBITOR	Arg1:T7	Arg2:T23
22989703	CPR:4	Y 	INDIRECT-DOWNREGULATOR	Arg1:T15	Arg2:T24
22989703	CPR:4	Y 	INDIRECT-DOWNREGULATOR	Arg1:T15	Arg2:T25
23000451	CPR:9	Y 	SUBSTRATE	Arg1:T2	Arg2:T8
23000451	CPR:9	Y 	SUBSTRATE	Arg1:T3	Arg2:T10
23000451	CPR:9	Y 	SUBSTRATE	Arg1:T3	Arg2:T11
23000451	CPR:9	Y 	SUBSTRATE	Arg1:T4	Arg2:T13
23008503	CPR:4	Y 	INDIRECT-DOWNREGULATOR	Arg1:T4	Arg2:T14
23008503	CPR:4	Y 	INHIBITOR	Arg1:T5	Arg2:T21
23008503	CPR:4	Y 	INHIBITOR	Arg1:T6	Arg2:T21
23008503	CPR:4	Y 	INHIBITOR	Arg1:T7	Arg2:T22
23008503	CPR:4	Y 	INHIBITOR	Arg1:T8	Arg2:T22
23019137	CPR:3	Y 	ACTIVATOR	Arg1:T10	Arg2:T32
23019137	CPR:3	Y 	ACTIVATOR	Arg1:T9	Arg2:T32
23019137	CPR:5	Y 	AGONIST	Arg1:T8	Arg2:T32
23019137	CPR:6	Y 	ANTAGONIST	Arg1:T3	Arg2:T13
23019137	CPR:6	Y 	ANTAGONIST	Arg1:T4	Arg2:T13
23042952	CPR:10	N 	NOT	Arg1:T36	Arg2:T45
23042952	CPR:10	N 	NOT	Arg1:T36	Arg2:T46
23042952	CPR:10	N 	NOT	Arg1:T36	Arg2:T47
23042952	CPR:2	N 	INDIRECT-REGULATOR	Arg1:T35	Arg2:T46
23042952	CPR:3	Y 	ACTIVATOR	Arg1:T35	Arg2:T45
23042952	CPR:3	Y 	ACTIVATOR	Arg1:T8	Arg2:T40
23042952	CPR:3	Y 	ACTIVATOR	Arg1:T8	Arg2:T41
23042952	CPR:3	Y 	INDIRECT-UPREGULATOR	Arg1:T35	Arg2:T47
23042952	CPR:3	Y 	INDIRECT-UPREGULATOR	Arg1:T8	Arg2:T42
23042952	CPR:3	Y 	INDIRECT-UPREGULATOR	Arg1:T8	Arg2:T43
23042953	CPR:1	N 	PART-OF	Arg1:T10	Arg2:T16
23042953	CPR:9	Y 	SUBSTRATE	Arg1:T3	Arg2:T13
