10064839	T10	CHEMICAL	1689	1691	DF
10064839	T11	CHEMICAL	1775	1777	DM
10064839	T12	CHEMICAL	1782	1784	DR
10064839	T13	CHEMICAL	1786	1788	DF
10064839	T14	CHEMICAL	1805	1808	PCP
10064839	T15	CHEMICAL	310	312	DM
10064839	T16	CHEMICAL	1871	1874	PCP
10064839	T17	CHEMICAL	162	193	(+)-3-methoxy-N-methylmorphinan
10064839	T18	CHEMICAL	2036	2038	DF
10064839	T19	CHEMICAL	2042	2045	PCP
10064839	T1	CHEMICAL	144	160	Dextromethorphan
10064839	T20	CHEMICAL	2083	2086	PCP
10064839	T21	CHEMICAL	2169	2171	DM
10064839	T22	CHEMICAL	2243	2245	DF
10064839	T23	CHEMICAL	389	409	N-methyl-d-aspartate
10064839	T24	CHEMICAL	411	415	NMDA
10064839	T25	CHEMICAL	431	433	DM
10064839	T26	CHEMICAL	459	461	DM
10064839	T27	CHEMICAL	479	481	DM
10064839	T28	CHEMICAL	493	494	O
10064839	T29	CHEMICAL	517	530	phencyclidine
10064839	T2	CHEMICAL	1257	1259	DR
10064839	T30	CHEMICAL	532	535	PCP
10064839	T31	CHEMICAL	551	562	dextrorphan
10064839	T32	CHEMICAL	564	566	DR
10064839	T33	CHEMICAL	618	621	PCP
10064839	T34	CHEMICAL	195	197	DM
10064839	T35	CHEMICAL	669	679	Dimemorfan
10064839	T36	CHEMICAL	681	711	(+)-3-methyl-N-methylmorphinan
10064839	T37	CHEMICAL	713	715	DF
10064839	T38	CHEMICAL	731	733	DM
10064839	T39	CHEMICAL	830	832	DR
10064839	T3	CHEMICAL	1292	1295	PCP
10064839	T40	CHEMICAL	884	886	DF
10064839	T41	CHEMICAL	914	918	NMDA
10064839	T42	CHEMICAL	926	929	PCP
10064839	T43	CHEMICAL	1000	1002	DF
10064839	T44	CHEMICAL	1039	1041	DM
10064839	T45	CHEMICAL	1046	1048	DR
10064839	T46	CHEMICAL	1064	1066	DF
10064839	T47	CHEMICAL	1068	1070	DM
10064839	T48	CHEMICAL	1076	1078	DR
10064839	T49	CHEMICAL	110	126	dextromethorphan
10064839	T4	CHEMICAL	1327	1329	DF
10064839	T50	CHEMICAL	11	21	dimemorfan
10064839	T51	CHEMICAL	131	142	dextrorphan
10064839	T52	GENE-N	1216	1233	sigma-2 receptors
10064839	T53	GENE-Y	1992	2009	sigma-1 receptors
10064839	T54	GENE-N	894	909	sigma receptors
10064839	T55	GENE-Y	1118	1135	sigma-1 receptors
10064839	T56	GENE-Y	25	41	sigma-1 receptor
10064839	T5	CHEMICAL	1349	1351	DM
10064839	T6	CHEMICAL	1393	1395	DM
10064839	T7	CHEMICAL	1400	1402	DR
10064839	T8	CHEMICAL	1618	1620	DM
10064839	T9	CHEMICAL	1625	1627	DR
10082498	T10	CHEMICAL	618	626	losartan
10082498	T11	CHEMICAL	636	645	valsartan
10082498	T12	CHEMICAL	655	665	irbesartan
10082498	T13	CHEMICAL	710	721	angiotensin
10082498	T14	CHEMICAL	121	132	angiotensin
10082498	T15	CHEMICAL	872	878	Ang II
10082498	T16	CHEMICAL	889	895	Ang II
10082498	T17	CHEMICAL	943	949	Ang II
10082498	T18	CHEMICAL	998	1004	Ang II
10082498	T19	CHEMICAL	1047	1056	valsartan
10082498	T1	CHEMICAL	1232	1242	irbesartan
10082498	T20	CHEMICAL	1067	1077	irbesartan
10082498	T21	CHEMICAL	0	14	Angiotensin II
10082498	T22	GENE-N	1333	1348	Ang II receptor
10082498	T23	GENE-Y	1438	1444	Ang II
10082498	T24	GENE-N	1596	1611	Ang II receptor
10082498	T25	GENE-N	363	378	Ang II receptor
10082498	T26	GENE-Y	704	709	renin
10082498	T27	GENE-Y	710	721	angiotensin
10082498	T28	GENE-Y	121	154	angiotensin (Ang) II AT1 receptor
10082498	T29	GENE-Y	872	878	Ang II
10082498	T2	CHEMICAL	1333	1339	Ang II
10082498	T30	GENE-N	889	904	Ang II receptor
10082498	T31	GENE-Y	943	949	Ang II
10082498	T32	GENE-Y	998	1004	Ang II
10082498	T33	GENE-N	0	23	Angiotensin II receptor
10082498	T34	GENE-Y	88	100	AT1 receptor
10082498	T3	CHEMICAL	1438	1444	Ang II
10082498	T4	CHEMICAL	1548	1558	irbesartan
10082498	T5	CHEMICAL	1596	1602	Ang II
10082498	T6	CHEMICAL	1634	1643	valsartan
10082498	T7	CHEMICAL	1648	1656	losartan
10082498	T8	CHEMICAL	134	137	Ang
10082498	T9	CHEMICAL	363	369	Ang II
10193663	T10	CHEMICAL	448	459	naratriptan
10193663	T11	CHEMICAL	464	475	rizatriptan
10193663	T12	CHEMICAL	597	611	[3H]eletriptan
10193663	T13	CHEMICAL	616	631	[3H]sumatriptan
10193663	T14	CHEMICAL	827	841	[3H]eletriptan
10193663	T15	CHEMICAL	879	894	[3H]sumatriptan
10193663	T16	CHEMICAL	995	1010	[3H]sumatriptan
10193663	T17	CHEMICAL	24	28	5-HT
10193663	T18	CHEMICAL	57	67	eletriptan
10193663	T19	CHEMICAL	84	98	[3H]eletriptan
10193663	T1	CHEMICAL	1242	1256	[3H]eletriptan
10193663	T20	GENE-Y	1175	1181	5-HT1D
10193663	T21	GENE-N	267	281	5-HT receptors
10193663	T22	GENE-Y	1566	1578	human 5-HT1B
10193663	T23	GENE-Y	1580	1586	5-HT1D
10193663	T24	GENE-Y	1592	1598	5-ht1f
10193663	T25	GENE-N	324	333	5-HT1B/1D
10193663	T26	GENE-Y	505	517	human 5-HT1B
10193663	T27	GENE-Y	519	525	5-HT1D
10193663	T28	GENE-Y	539	545	5-ht1f
10193663	T29	GENE-Y	639	663	human recombinant 5-HT1B
10193663	T2	CHEMICAL	1344	1359	[3H]sumatriptan
10193663	T30	GENE-Y	668	674	5-HT1D
10193663	T31	GENE-Y	902	908	5-HT1D
10193663	T32	GENE-Y	1018	1024	5-HT1B
10193663	T33	GENE-Y	110	122	human 5-HT1B
10193663	T34	GENE-Y	127	133	5-HT1D
10193663	T35	GENE-N	24	37	5-HT receptor
10193663	T3	CHEMICAL	267	271	5-HT
10193663	T4	CHEMICAL	1486	1501	[3H]sumatriptan
10193663	T5	CHEMICAL	161	171	eletriptan
10193663	T6	CHEMICAL	404	414	Eletriptan
10193663	T7	CHEMICAL	421	432	sumatriptan
10193663	T8	CHEMICAL	173	250	(R)-3-(1-methyl-2-pyrrolidinylmethyl)-5-[2-(phenylsulphonyl )ethyl]-1H-indole
10193663	T9	CHEMICAL	434	446	zolmitriptan
10193665	T10	CHEMICAL	452	461	serotonin
10193665	T11	CHEMICAL	479	494	triflupromazine
10193665	T12	CHEMICAL	496	508	fluperlapine
10193665	T13	CHEMICAL	510	524	chlorpromazine
10193665	T14	CHEMICAL	530	541	ziprasidone
10193665	T15	CHEMICAL	570	584	norepinephrine
10193665	T16	CHEMICAL	598	612	chlorpromazine
10193665	T17	CHEMICAL	614	622	zotepine
10193665	T18	CHEMICAL	624	639	chlorprothixene
10193665	T19	CHEMICAL	645	654	promazine
10193665	T1	CHEMICAL	178	190	neuroleptics
10193665	T20	CHEMICAL	685	693	dopamine
10193665	T21	CHEMICAL	712	720	pimozide
10193665	T22	CHEMICAL	737	748	ziprasidone
10193665	T23	CHEMICAL	889	901	neuroleptics
10193665	T24	CHEMICAL	27	39	neuroleptics
10193665	T25	CHEMICAL	49	58	monoamine
10193665	T26	GENE-N	260	318	human serotonin, norepinephrine, and dopamine transporters
10193665	T27	GENE-Y	446	473	human serotonin transporter
10193665	T28	GENE-Y	570	596	norepinephrine transporter
10193665	T29	GENE-Y	679	705	human dopamine transporter
10193665	T2	CHEMICAL	228	239	haloperidol
10193665	T30	GENE-N	43	71	human monoamine transporters
10193665	T3	CHEMICAL	266	275	serotonin
10193665	T4	CHEMICAL	277	291	norepinephrine
10193665	T5	CHEMICAL	297	305	dopamine
10193665	T6	CHEMICAL	324	338	[3H]imipramine
10193665	T7	CHEMICAL	340	354	[3H]nisoxetine
10193665	T8	CHEMICAL	360	372	[3H]WIN35428
10193665	T9	CHEMICAL	394	406	neuroleptics
10226872	T10	CHEMICAL	409	418	ketotifen
10226872	T11	CHEMICAL	458	479	disodium cromoglycate
10226872	T12	CHEMICAL	511	522	terbutaline
10226872	T13	CHEMICAL	721	742	disodium cromoglycate
10226872	T14	CHEMICAL	794	805	terbutaline
10226872	T15	CHEMICAL	232	243	terbutaline
10226872	T16	CHEMICAL	1100	1112	isoprenaline
10226872	T17	CHEMICAL	0	21	Disodium cromoglycate
10226872	T18	CHEMICAL	39	50	terbutaline
10226872	T19	GENE-Y	1237	1256	beta 2-adrenoceptor
10226872	T1	CHEMICAL	1325	1336	terbutaline
10226872	T20	GENE-Y	274	293	beta 2-adrenoceptor
10226872	T21	GENE-Y	1796	1815	beta 2-adrenoceptor
10226872	T22	GENE-Y	1868	1887	beta 1-adrenoceptor
10226872	T23	GENE-Y	2119	2138	beta 2-adrenoceptor
10226872	T24	GENE-Y	2263	2282	beta 2-adrenoceptor
10226872	T25	GENE-Y	2329	2348	beta 2-adrenoceptor
10226872	T26	GENE-N	550	567	beta-adrenoceptor
10226872	T27	GENE-Y	204	223	beta 2-adrenoceptor
10226872	T28	GENE-Y	879	898	beta 2-Adrenoceptor
10226872	T29	GENE-N	1074	1091	beta-adrenoceptor
10226872	T2	CHEMICAL	1400	1412	isoprenaline
10226872	T30	GENE-Y	1114	1133	beta 1-adrenoceptor
10226872	T31	GENE-Y	78	97	beta 2-adrenoceptor
10226872	T3	CHEMICAL	1481	1493	isoprenaline
10226872	T4	CHEMICAL	1734	1755	Disodium cromoglycate
10226872	T5	CHEMICAL	1951	1962	terbutaline
10226872	T6	CHEMICAL	2016	2027	terbutaline
10226872	T7	CHEMICAL	2203	2224	disodium cromoglycate
10226872	T8	CHEMICAL	2438	2447	ketotifen
10226872	T9	CHEMICAL	2449	2464	cromolyn sodium
10362188	T10	CHEMICAL	1010	1020	argatroban
10362188	T11	CHEMICAL	1067	1077	argatroban
10362188	T12	CHEMICAL	291	301	argatroban
10362188	T13	CHEMICAL	169	177	novastan
10362188	T14	CHEMICAL	35	45	argatroban
10362188	T15	GENE-Y	329	357	tissue plasminogen activator
10362188	T16	GENE-Y	1775	1778	TPA
10362188	T17	GENE-Y	359	362	TPA
10362188	T18	GENE-Y	428	436	Thrombin
10362188	T19	GENE-Y	607	615	thrombin
10362188	T1	CHEMICAL	1208	1218	argatroban
10362188	T20	GENE-Y	661	664	TPA
10362188	T21	GENE-Y	819	822	TPA
10362188	T22	GENE-Y	271	279	thrombin
10362188	T23	GENE-Y	105	108	TPA
10362188	T24	GENE-Y	182	185	TPA
10362188	T25	GENE-Y	75	103	tissue plasminogen activator
10362188	T2	CHEMICAL	1383	1393	argatroban
10362188	T3	CHEMICAL	1622	1632	argatroban
10362188	T4	CHEMICAL	1656	1666	argatroban
10362188	T5	CHEMICAL	1701	1711	Argatroban
10362188	T6	CHEMICAL	1958	1968	argatroban
10362188	T7	CHEMICAL	535	545	argatroban
10362188	T8	CHEMICAL	769	779	argatroban
10362188	T9	CHEMICAL	793	803	argatroban
10373224	T10	CHEMICAL	1802	1813	candesartan
10373224	T11	CHEMICAL	1889	1900	candesartan
10373224	T12	CHEMICAL	1984	1995	candesartan
10373224	T13	CHEMICAL	2086	2092	Ang II
10373224	T14	CHEMICAL	147	161	angiotensin II
10373224	T15	CHEMICAL	617	628	candesartan
10373224	T16	CHEMICAL	697	711	angiotensin II
10373224	T17	CHEMICAL	713	719	Ang II
10373224	T18	CHEMICAL	751	759	Losartan
10373224	T19	CHEMICAL	761	764	EXP
10373224	T1	CHEMICAL	206	216	irbesartan
10373224	T20	CHEMICAL	770	780	irbesartan
10373224	T21	CHEMICAL	868	874	Ang II
10373224	T22	CHEMICAL	901	912	candesartan
10373224	T23	CHEMICAL	1040	1048	losartan
10373224	T24	CHEMICAL	193	204	candesartan
10373224	T25	CHEMICAL	1050	1060	irbesartan
10373224	T26	CHEMICAL	1066	1069	EXP
10373224	T27	GENE-Y	1389	1395	Ang II
10373224	T28	GENE-N	1516	1522	Ang II
10373224	T29	GENE-Y	1679	1685	Ang II
10373224	T2	CHEMICAL	1338	1349	candesartan
10373224	T30	GENE-N	2086	2092	Ang II
10373224	T31	GENE-N	147	177	angiotensin II type 1 receptor
10373224	T32	GENE-N	697	711	angiotensin II
10373224	T33	GENE-N	713	719	Ang II
10373224	T34	GENE-N	868	874	Ang II
10373224	T35	GENE-Y	35	38	AT1
10373224	T3	CHEMICAL	222	230	losartan
10373224	T4	CHEMICAL	1389	1395	Ang II
10373224	T5	CHEMICAL	1516	1522	Ang II
10373224	T6	CHEMICAL	1613	1624	candesartan
10373224	T7	CHEMICAL	1679	1685	Ang II
10373224	T8	CHEMICAL	257	265	EXP 3174
10373224	T9	CHEMICAL	267	270	EXP
10381787	T10	CHEMICAL	1095	1111	prostaglandin E2
10381787	T11	CHEMICAL	88	97	meloxicam
10381787	T12	GENE-Y	231	253	cyclooxygenase (COX)-2
10381787	T13	GENE-Y	1353	1358	COX-2
10381787	T14	GENE-Y	1414	1419	COX-1
10381787	T15	GENE-Y	1514	1519	COX-1
10381787	T16	GENE-Y	1562	1567	COX-2
10381787	T17	GENE-Y	337	342	COX-2
10381787	T18	GENE-Y	356	361	COX-1
10381787	T19	GENE-Y	869	874	COX-2
10381787	T1	CHEMICAL	1184	1198	thromboxane B2
10381787	T20	GENE-Y	1013	1018	COX-1
10381787	T21	GENE-Y	38	54	cyclooxygenase-1
10381787	T22	GENE-Y	68	84	cyclooxygenase-2
10381787	T2	CHEMICAL	1298	1307	meloxicam
10381787	T3	CHEMICAL	1486	1495	meloxicam
10381787	T4	CHEMICAL	1657	1666	meloxicam
10381787	T5	CHEMICAL	409	418	meloxicam
10381787	T6	CHEMICAL	514	523	meloxicam
10381787	T7	CHEMICAL	168	177	meloxicam
10381787	T8	CHEMICAL	805	821	prostaglandin E2
10381787	T9	CHEMICAL	903	917	thromboxane B2
10432475	T10	CHEMICAL	1545	1554	betaxolol
10432475	T11	CHEMICAL	1559	1569	ICI118,551
10432475	T12	CHEMICAL	1600	1610	fluoxetine
10432475	T13	CHEMICAL	1625	1635	WAY100,635
10432475	T14	CHEMICAL	1640	1649	SB224,289
10432475	T15	CHEMICAL	1688	1692	5-HT
10432475	T16	CHEMICAL	1702	1704	DA
10432475	T17	CHEMICAL	1708	1711	NAD
10432475	T18	CHEMICAL	1732	1742	fluoxetine
10432475	T19	CHEMICAL	1759	1771	(-)-pindolol
10432475	T1	CHEMICAL	264	276	(-)-Pindolol
10432475	T20	CHEMICAL	1812	1816	5-HT
10432475	T21	CHEMICAL	427	435	dopamine
10432475	T22	CHEMICAL	437	439	DA
10432475	T23	CHEMICAL	2069	2081	(-)-pindolol
10432475	T24	CHEMICAL	445	458	noradrenaline
10432475	T25	CHEMICAL	460	463	NAD
10432475	T26	CHEMICAL	472	476	5-HT
10432475	T27	CHEMICAL	631	640	betaxolol
10432475	T28	CHEMICAL	685	695	ICI118,551
10432475	T29	CHEMICAL	730	732	DA
10432475	T2	CHEMICAL	1307	1319	(-)-Pindolol
10432475	T30	CHEMICAL	734	737	NAD
10432475	T31	CHEMICAL	742	746	5-HT
10432475	T32	CHEMICAL	822	834	(-)-pindolol
10432475	T33	CHEMICAL	840	842	DA
10432475	T34	CHEMICAL	847	850	NAD
10432475	T35	CHEMICAL	901	911	WAY100,635
10432475	T36	CHEMICAL	937	949	(-)-pindolol
10432475	T37	CHEMICAL	970	972	DA
10432475	T38	CHEMICAL	977	980	NAD
10432475	T39	CHEMICAL	1028	1037	SB224,289
10432475	T3	CHEMICAL	1362	1366	5-HT
10432475	T40	CHEMICAL	1080	1092	(-)-pindolol
10432475	T41	CHEMICAL	127	139	(-)-pindolol
10432475	T42	CHEMICAL	170	174	5-HT
10432475	T43	CHEMICAL	34	42	dopamine
10432475	T44	CHEMICAL	44	57	noradrenaline
10432475	T45	CHEMICAL	63	72	serotonin
10432475	T46	CHEMICAL	74	78	5-HT
10432475	T47	GENE-Y	1272	1278	5-HT1B
10432475	T48	GENE-N	369	374	(AR)s
10432475	T49	GENE-N	1941	1953	beta 1/2-ARs
10432475	T4	CHEMICAL	1383	1387	5-HT
10432475	T50	GENE-Y	1955	1961	5-HT1A
10432475	T51	GENE-Y	1967	1973	5-HT1B
10432475	T52	GENE-Y	609	618	beta 1-AR
10432475	T53	GENE-Y	663	672	beta 2-AR
10432475	T54	GENE-Y	319	325	5-HT1A
10432475	T55	GENE-Y	873	879	5-HT1A
10432475	T56	GENE-Y	327	333	5-HT1B
10432475	T57	GENE-Y	1009	1015	5-HT1B
10432475	T58	GENE-N	339	368	beta 1/2-adrenergic receptors
10432475	T59	GENE-N	1190	1202	beta 1/2-ARs
10432475	T5	CHEMICAL	1409	1419	fluoxetine
10432475	T60	GENE-Y	1246	1252	5-HT1A
10432475	T61	GENE-Y	234	241	5-HT1A,
10432475	T62	GENE-Y	246	252	5-HT1B
10432475	T6	CHEMICAL	1424	1434	duloxetine
10432475	T7	CHEMICAL	1493	1495	DA
10432475	T8	CHEMICAL	1511	1514	NAD
10432475	T9	CHEMICAL	1531	1543	(-)-pindolol
10439935	T10	CHEMICAL	1899	1907	levodopa
10439935	T11	CHEMICAL	1996	2004	levodopa
10439935	T12	CHEMICAL	383	391	levodopa
10439935	T13	CHEMICAL	440	450	entacapone
10439935	T14	CHEMICAL	620	630	entacapone
10439935	T15	CHEMICAL	115	123	catechol
10439935	T16	CHEMICAL	657	665	levodopa
10439935	T17	CHEMICAL	124	125	O
10439935	T18	CHEMICAL	887	897	entacapone
10439935	T19	CHEMICAL	1010	1020	Entacapone
10439935	T1	CHEMICAL	1079	1087	levodopa
10439935	T20	CHEMICAL	0	10	Entacapone
10439935	T21	GENE-Y	1089	1093	AADC
10439935	T22	GENE-Y	1130	1134	AADC
10439935	T23	GENE-Y	1745	1749	AADC
10439935	T24	GENE-Y	233	268	aromatic L-amino acid decarboxylase
10439935	T25	GENE-Y	280	284	AADC
10439935	T26	GENE-Y	115	143	catechol-O-methyltransferase
10439935	T27	GENE-Y	666	670	AADC
10439935	T28	GENE-Y	145	149	COMT
10439935	T2	CHEMICAL	1121	1129	levodopa
10439935	T3	CHEMICAL	1149	1159	selegiline
10439935	T4	CHEMICAL	1269	1279	entacapone
10439935	T5	CHEMICAL	68	78	Entacapone
10439935	T6	CHEMICAL	1348	1356	levodopa
10439935	T7	CHEMICAL	216	224	levodopa
10439935	T8	CHEMICAL	1736	1744	levodopa
10439935	T9	CHEMICAL	233	254	aromatic L-amino acid
10460702	T10	CHEMICAL	482	486	5-HT
10460702	T11	CHEMICAL	553	569	[3H]L-citrulline
10460702	T12	CHEMICAL	571	580	[3H]L-Cit
10460702	T13	CHEMICAL	624	628	5-HT
10460702	T14	CHEMICAL	658	672	[3H]L-arginine
10460702	T15	CHEMICAL	674	683	[3H]L-Arg
10460702	T16	CHEMICAL	688	697	[3H]L-Cit
10460702	T17	CHEMICAL	770	790	5-nonyloxytryptamine
10460702	T18	CHEMICAL	810	819	[3H]L-Cit
10460702	T19	CHEMICAL	200	212	nitric oxide
10460702	T1	CHEMICAL	1170	1201	L-Nomega -monomethyl-L-arginine
10460702	T20	CHEMICAL	214	216	NO
10460702	T21	CHEMICAL	1103	1115	methiothepin
10460702	T22	CHEMICAL	0	19	5-hydroxytryptamine
10460702	T23	CHEMICAL	39	51	nitric oxide
10460702	T24	GENE-Y	1125	1129	eNOS
10460702	T25	GENE-N	1292	1307	pertussis toxin
10460702	T26	GENE-N	1309	1312	PTX
10460702	T27	GENE-Y	1398	1402	eNOS
10460702	T28	GENE-N	1443	1454	Gi proteins
10460702	T29	GENE-Y	1490	1496	5-HT1B
10460702	T2	CHEMICAL	1203	1209	L-NMMA
10460702	T30	GENE-Y	1506	1510	eNOS
10460702	T31	GENE-Y	1561	1565	eNOS
10460702	T32	GENE-Y	130	163	endothelial nitric oxide synthase
10460702	T33	GENE-N	1647	1661	5-HT receptors
10460702	T34	GENE-Y	1684	1688	eNOS
10460702	T35	GENE-Y	381	385	eNOS
10460702	T36	GENE-N	482	496	5-HT receptors
10460702	T37	GENE-Y	505	509	eNOS
10460702	T38	GENE-Y	165	169	eNOS
10460702	T39	GENE-Y	710	714	eNOS
10460702	T3	CHEMICAL	1215	1247	L-N omega-iminoethyl-L-ornithine
10460702	T40	GENE-Y	745	751	5-HT1B
10460702	T41	GENE-Y	1025	1031	5-HT1B
10460702	T42	GENE-Y	1069	1075	5-HT1B
10460702	T43	GENE-N	1076	1090	5-HT2 receptor
10460702	T44	GENE-Y	27	60	endothelial nitric oxide synthase
10460702	T4	CHEMICAL	1249	1254	L-NIO
10460702	T5	CHEMICAL	1569	1573	5-HT
10460702	T6	CHEMICAL	1647	1651	5-HT
10460702	T7	CHEMICAL	343	362	5-hydroxytryptamine
10460702	T8	CHEMICAL	364	368	5-HT
10460702	T9	CHEMICAL	142	154	nitric oxide
10531013	T10	GENE-N	987	993	kinase
10531013	T11	GENE-Y	994	998	Cds1
10531013	T12	GENE-Y	1018	1022	Chk2
10531013	T13	GENE-N	33	39	kinase
10531013	T14	GENE-Y	40	43	ATM
10531013	T1	CHEMICAL	1115	1123	caffeine
10531013	T2	CHEMICAL	1281	1289	caffeine
10531013	T3	CHEMICAL	391	399	caffeine
10531013	T4	CHEMICAL	482	490	Caffeine
10531013	T5	CHEMICAL	1044	1052	caffeine
10531013	T6	CHEMICAL	0	8	Caffeine
10531013	T7	GENE-Y	1070	1073	ATM
10531013	T8	GENE-N	1074	1080	kinase
10531013	T9	GENE-Y	1148	1151	ATM
10546982	T10	GENE-Y	1388	1392	SERT
10546982	T11	GENE-Y	1553	1557	SERT
10546982	T12	GENE-Y	289	293	SERT
10546982	T13	GENE-Y	558	562	SERT
10546982	T14	GENE-Y	651	655	SERT
10546982	T15	GENE-Y	140	161	serotonin transporter
10546982	T16	GENE-Y	806	810	SERT
10546982	T17	GENE-Y	876	880	SERT
10546982	T18	GENE-Y	163	167	SERT
10546982	T19	GENE-Y	1070	1074	SERT
10546982	T1	CHEMICAL	1486	1495	[3H]-5-HT
10546982	T20	GENE-Y	0	21	Serotonin transporter
10546982	T2	CHEMICAL	370	376	RTI-76
10546982	T3	CHEMICAL	495	501	RTI-76
10546982	T4	CHEMICAL	589	599	Citalopram
10546982	T5	CHEMICAL	622	628	RTI-76
10546982	T6	CHEMICAL	140	149	serotonin
10546982	T7	CHEMICAL	740	746	RTI-76
10546982	T8	CHEMICAL	0	9	Serotonin
10546982	T9	CHEMICAL	69	75	RTI-76
10575283	T10	GENE-N	286	306	cannabinoid receptor
10575283	T11	GENE-Y	2307	2310	CB1
10575283	T12	GENE-Y	458	461	CB1
10575283	T13	GENE-Y	466	469	CB2
10575283	T14	GENE-Y	574	577	CB1
10575283	T15	GENE-N	125	146	cannabinoid receptors
10575283	T16	GENE-Y	748	751	CB1
10575283	T17	GENE-Y	158	161	CB1
10575283	T18	GENE-Y	959	962	CB1
10575283	T1	CHEMICAL	1300	1303	THC
10575283	T2	CHEMICAL	677	703	D 9 - tetrahydrocannabinol
10575283	T3	CHEMICAL	705	708	THC
10575283	T4	CHEMICAL	714	722	nabilone
10575283	T5	GENE-Y	1140	1143	CB2
10575283	T6	GENE-N	1185	1206	cannabinoid receptors
10575283	T7	GENE-N	1258	1279	cannabinoid receptors
10575283	T8	GENE-Y	228	231	CB2
10575283	T9	GENE-Y	1703	1706	CB1
10579749	T10	CHEMICAL	1379	1390	saprisartan
10579749	T11	CHEMICAL	1392	1402	zolasartan
10579749	T12	CHEMICAL	1404	1414	irbesartan
10579749	T13	CHEMICAL	1416	1425	valsartan
10579749	T14	CHEMICAL	1427	1438	telmisartan
10579749	T15	CHEMICAL	1440	1445	E3174
10579749	T16	CHEMICAL	282	293	angiotensin
10579749	T17	CHEMICAL	294	305	aldosterone
10579749	T18	CHEMICAL	406	420	angiotensin II
10579749	T19	CHEMICAL	458	471	angiotensin I
10579749	T1	CHEMICAL	1094	1102	losartan
10579749	T20	CHEMICAL	502	510	Losartan
10579749	T21	CHEMICAL	721	731	eprosartan
10579749	T22	CHEMICAL	749	760	candesartan
10579749	T23	CHEMICAL	762	772	irbesartan
10579749	T24	CHEMICAL	774	785	saprisartan
10579749	T25	CHEMICAL	787	797	tasosartan
10579749	T26	CHEMICAL	799	810	telmisartan
10579749	T27	CHEMICAL	812	821	valsartan
10579749	T28	CHEMICAL	826	836	zolasartan
10579749	T29	CHEMICAL	147	161	angiotensin II
10579749	T2	CHEMICAL	1108	1118	tasosartan
10579749	T30	CHEMICAL	1031	1042	candesartan
10579749	T31	CHEMICAL	1046	1057	telmisartan
10579749	T32	CHEMICAL	1062	1067	E3174
10579749	T33	CHEMICAL	30	44	angiotensin II
10579749	T34	GENE-Y	1219	1222	AT1
10579749	T35	GENE-Y	1507	1510	AT1
10579749	T36	GENE-Y	1710	1713	AT1
10579749	T37	GENE-Y	276	281	renin
10579749	T38	GENE-Y	282	293	angiotensin
10579749	T39	GENE-Y	333	336	AT1
10579749	T3	CHEMICAL	1123	1131	losartan
10579749	T40	GENE-Y	406	420	angiotensin II
10579749	T41	GENE-Y	458	489	angiotensin I converting enzyme
10579749	T42	GENE-Y	561	564	AT1
10579749	T43	GENE-Y	147	183	angiotensin II type 1 (AT1) receptor
10579749	T44	GENE-Y	928	931	AT1
10579749	T45	GENE-N	30	53	angiotensin II receptor
10579749	T4	CHEMICAL	1136	1146	eprosartan
10579749	T5	CHEMICAL	1167	1188	candesartan cilexetil
10579749	T6	CHEMICAL	1298	1306	losartan
10579749	T7	CHEMICAL	1308	1318	tasosartan
10579749	T8	CHEMICAL	1320	1330	eprosartan
10579749	T9	CHEMICAL	1366	1377	candesartan
10637238	T10	CHEMICAL	911	921	Halotestin
10637238	T11	CHEMICAL	944	959	fluoxymesterone
10637238	T12	GENE-Y	1672	1674	ER
10637238	T13	GENE-Y	1698	1700	ER
10637238	T14	GENE-Y	1780	1782	ER
10637238	T15	GENE-Y	1995	1997	ER
10637238	T16	GENE-Y	668	685	estrogen receptor
10637238	T17	GENE-Y	687	689	ER
10637238	T18	GENE-Y	703	705	ER
10637238	T1	CHEMICAL	1187	1203	cyclophosphamide
10637238	T2	CHEMICAL	1205	1217	methotrexate
10637238	T3	CHEMICAL	1219	1231	fluorouracil
10637238	T4	CHEMICAL	1233	1243	prednisone
10637238	T5	CHEMICAL	668	676	estrogen
10637238	T6	CHEMICAL	787	803	cyclophosphamide
10637238	T7	CHEMICAL	805	816	doxorubicin
10637238	T8	CHEMICAL	822	834	fluorouracil
10637238	T9	CHEMICAL	897	906	tamoxifen
10683249	T10	CHEMICAL	453	460	quinone
10683249	T11	CHEMICAL	641	649	quinones
10683249	T12	CHEMICAL	881	885	NADH
10683249	T13	CHEMICAL	891	896	NADPH
10683249	T14	CHEMICAL	943	971	2,6-dichlorophenolindophenol
10683249	T15	CHEMICAL	976	985	menadione
10683249	T16	CHEMICAL	1024	1034	dicoumarol
10683249	T17	CHEMICAL	56	63	NAD(P)H
10683249	T18	CHEMICAL	64	71	quinone
10683249	T19	GENE-N	89	112	Quinone oxidoreductases
10683249	T1	CHEMICAL	89	96	Quinone
10683249	T20	GENE-Y	1215	1219	NQO1
10683249	T21	GENE-N	1225	1229	mNQO
10683249	T22	GENE-N	1404	1408	mNQO
10683249	T23	GENE-N	1480	1484	NQOs
10683249	T24	GENE-N	380	403	quinone oxidoreductases
10683249	T25	GENE-Y	404	437	[NAD(P)H:quinone oxidoreductase 1
10683249	T26	GENE-Y	439	443	NQO1
10683249	T27	GENE-Y	449	477	NRH:quinone oxidoreductase 2
10683249	T28	GENE-Y	479	483	NQO2
10683249	T29	GENE-Y	556	560	NQO1
10683249	T2	CHEMICAL	190	198	quinones
10683249	T30	GENE-N	727	730	NQO
10683249	T31	GENE-N	810	813	NQO
10683249	T32	GENE-N	815	819	mNQO
10683249	T33	GENE-N	826	830	mNQO
10683249	T34	GENE-N	991	995	mNQO
10683249	T35	GENE-Y	1068	1072	NQO1
10683249	T36	GENE-N	56	87	NAD(P)H:quinone oxidoreductases
10683249	T3	CHEMICAL	1316	1332	ammonium sulfate
10683249	T4	CHEMICAL	1352	1356	DEAE
10683249	T5	CHEMICAL	1493	1500	quinone
10683249	T6	CHEMICAL	328	336	quinones
10683249	T7	CHEMICAL	380	387	quinone
10683249	T8	CHEMICAL	405	412	NAD(P)H
10683249	T9	CHEMICAL	413	420	quinone
10688973	T10	CHEMICAL	849	859	sufentanil
10688973	T11	CHEMICAL	905	914	etorphine
10688973	T12	CHEMICAL	1038	1063	naloxone benzoylhydrazone
10688973	T13	GENE-Y	104	114	Nociceptin
10688973	T14	GENE-N	1114	1118	ORL1
10688973	T15	GENE-N	1147	1162	opioid receptor
10688973	T16	GENE-N	1214	1229	opioid receptor
10688973	T17	GENE-Y	220	224	ORL1
10688973	T18	GENE-Y	116	127	orphanin FQ
10688973	T19	GENE-Y	1340	1350	human ORL1
10688973	T1	CHEMICAL	1179	1192	buprenorphine
10688973	T20	GENE-Y	1407	1426	nociceptin receptor
10688973	T21	GENE-N	1436	1451	opioid receptor
10688973	T22	GENE-Y	1526	1545	nociceptin receptor
10688973	T23	GENE-N	1584	1600	opioid receptors
10688973	T24	GENE-N	1649	1665	opioid receptors
10688973	T25	GENE-Y	1696	1715	nociceptin receptor
10688973	T26	GENE-Y	270	274	ORL1
10688973	T27	GENE-N	283	299	opioid receptors
10688973	T28	GENE-Y	1968	1987	nociceptin receptor
10688973	T29	GENE-N	2048	2064	opioid receptors
10688973	T2	CHEMICAL	1241	1256	(-)-quadazocine
10688973	T30	GENE-Y	336	355	nociceptin receptor
10688973	T31	GENE-Y	431	450	nociceptin receptor
10688973	T32	GENE-Y	541	559	mu-opioid receptor
10688973	T33	GENE-Y	777	781	ORL1
10688973	T34	GENE-N	180	195	orphan receptor
10688973	T35	GENE-N	881	896	opioid receptor
10688973	T36	GENE-Y	932	951	nociceptin receptor
10688973	T37	GENE-Y	1008	1026	mu-opioid receptor
10688973	T38	GENE-Y	196	218	opioid receptor-like 1
10688973	T39	GENE-Y	59	69	nociceptin
10688973	T3	CHEMICAL	1723	1738	(+)-quadazocine
10688973	T40	GENE-Y	70	81	orphanin FQ
10688973	T41	GENE-N	86	102	opioid receptors
10688973	T4	CHEMICAL	513	527	[35S]GTPgammaS
10688973	T5	CHEMICAL	578	588	lofentanil
10688973	T6	CHEMICAL	680	690	Lofentanil
10688973	T7	CHEMICAL	733	747	[35S]GTPgammaS
10688973	T8	CHEMICAL	820	831	piperidines
10688973	T9	CHEMICAL	832	844	ohmefentanyl
10697523	T10	CHEMICAL	506	516	leucovorin
10697523	T11	CHEMICAL	520	541	1,2-dimethylhydrazine
10697523	T12	CHEMICAL	607	610	UFT
10697523	T13	CHEMICAL	627	637	leucovorin
10697523	T14	CHEMICAL	735	746	thymidylate
10697523	T15	CHEMICAL	787	796	thymidine
10697523	T16	CHEMICAL	880	883	UFT
10697523	T17	CHEMICAL	889	899	leucovorin
10697523	T18	CHEMICAL	48	58	leucovorin
10697523	T19	CHEMICAL	93	114	1,2-dimethylhydrazine
10697523	T1	CHEMICAL	124	135	Thymidylate
10697523	T20	GENE-Y	124	144	Thymidylate synthase
10697523	T21	GENE-Y	278	298	Thymidylate synthase
10697523	T22	GENE-Y	149	165	thymidine kinase
10697523	T23	GENE-Y	735	755	thymidylate synthase
10697523	T24	GENE-Y	787	803	thymidine kinase
10697523	T2	CHEMICAL	231	252	pyrimidine nucleotide
10697523	T3	CHEMICAL	278	289	Thymidylate
10697523	T4	CHEMICAL	315	349	5-fluorodeoxyuridine monophosphate
10697523	T5	CHEMICAL	149	158	thymidine
10697523	T6	CHEMICAL	406	412	folate
10697523	T7	CHEMICAL	445	471	1-(2-tetrahydrofuryl)-5-FU
10697523	T8	CHEMICAL	477	483	uracil
10697523	T9	CHEMICAL	485	488	UFT
10698696	T10	GENE-N	1404	1407	AZI
10698696	T11	GENE-Y	1452	1455	ODC
10698696	T12	GENE-N	1523	1531	antizyme
10698696	T13	GENE-Y	166	169	ODC
10698696	T14	GENE-Y	405	408	ODC
10698696	T15	GENE-N	621	629	antizyme
10698696	T16	GENE-Y	664	667	ODC
10698696	T17	GENE-N	727	742	26 S proteasome
10698696	T18	GENE-N	744	752	Antizyme
10698696	T19	GENE-N	779	797	antizyme inhibitor
10698696	T1	CHEMICAL	141	150	Ornithine
10698696	T20	GENE-N	799	802	AZI
10698696	T21	GENE-N	834	843	mouse AZI
10698696	T22	GENE-Y	891	900	mouse ODC
10698696	T23	GENE-N	952	955	AZI
10698696	T24	GENE-Y	970	973	ODC
10698696	T25	GENE-Y	1015	1018	ODC
10698696	T26	GENE-N	1024	1032	antizyme
10698696	T27	GENE-Y	1073	1076	ODC
10698696	T28	GENE-N	0	18	Antizyme inhibitor
10698696	T29	GENE-N	119	127	antizyme
10698696	T2	CHEMICAL	243	253	spermidine
10698696	T30	GENE-Y	90	113	ornithine decarboxylase
10698696	T3	CHEMICAL	258	266	spermine
10698696	T4	CHEMICAL	231	241	putrescine
10698696	T5	CHEMICAL	90	99	ornithine
10698696	T6	GENE-Y	141	164	Ornithine decarboxylase
10698696	T7	GENE-N	1159	1162	AZI
10698696	T8	GENE-N	1225	1228	AZI
10698696	T9	GENE-Y	1348	1351	ODC
10742288	T10	CHEMICAL	750	765	dexmedetomidine
10742288	T11	CHEMICAL	770	778	B-HT 920
10742288	T12	CHEMICAL	854	865	rauwolscine
10742288	T13	CHEMICAL	989	1002	noradrenaline
10742288	T14	CHEMICAL	1060	1068	prazosin
10742288	T15	CHEMICAL	1073	1082	doxazosin
10742288	T16	CHEMICAL	1116	1129	noradrenaline
10742288	T17	GENE-N	1241	1256	pertussis toxin
10742288	T18	GENE-Y	1364	1392	human alpha(2A)-adrenoceptor
10742288	T19	GENE-N	1450	1465	pertussis toxin
10742288	T1	CHEMICAL	427	440	noradrenaline
10742288	T20	GENE-N	1476	1491	G(i/o) proteins
10742288	T21	GENE-Y	153	182	Human alpha(2A)-adrenoceptors
10742288	T22	GENE-Y	494	516	alpha(2A)-adrenoceptor
10742288	T23	GENE-N	825	846	alpha(2)-adrenoceptor
10742288	T24	GENE-N	1030	1051	alpha(1)-adrenoceptor
10742288	T25	GENE-Y	38	61	alpha(2A)-adrenoceptors
10742288	T2	CHEMICAL	573	580	A-54741
10742288	T3	CHEMICAL	601	616	dexmedetomidine
10742288	T4	CHEMICAL	624	632	UK-14304
10742288	T5	CHEMICAL	640	648	B-HT 920
10742288	T6	CHEMICAL	656	669	noradrenaline
10742288	T7	CHEMICAL	678	685	A-54741
10742288	T8	CHEMICAL	687	695	UK-14304
10742288	T9	CHEMICAL	700	713	noradrenaline
10796070	T10	CHEMICAL	930	943	dexamethasone
10796070	T11	GENE-Y	1203	1226	glucocorticoid receptor
10796070	T12	GENE-Y	1318	1341	glucocorticoid receptor
10796070	T13	GENE-Y	1435	1458	glucocorticoid receptor
10796070	T14	GENE-Y	1561	1585	glucocorticoid receptors
10796070	T15	GENE-Y	1665	1689	glucocorticoid receptors
10796070	T16	GENE-Y	271	295	glucocorticoid receptors
10796070	T17	GENE-N	407	430	glucocorticoid receptor
10796070	T18	GENE-Y	887	911	Glucocorticoid receptors
10796070	T19	GENE-N	36	60	glucocorticoid receptors
10796070	T1	CHEMICAL	1161	1174	dexamethasone
10796070	T2	CHEMICAL	1238	1244	RU-486
10796070	T3	CHEMICAL	1246	1258	mifepristone
10796070	T4	CHEMICAL	1301	1314	dexamethasone
10796070	T5	CHEMICAL	1374	1387	dexamethasone
10796070	T6	CHEMICAL	239	247	steroids
10796070	T7	CHEMICAL	1840	1848	steroids
10796070	T8	CHEMICAL	655	672	[3H]dexamethasone
10796070	T9	CHEMICAL	757	774	[3H]dexamethasone
10800083	T10	GENE-Y	1399	1403	CD58
10800083	T11	GENE-Y	1591	1595	CD63
10800083	T12	GENE-Y	1623	1626	CR1
10800083	T13	GENE-Y	1991	2005	thrombospondin
10800083	T14	GENE-Y	2094	2108	thrombospondin
10800083	T15	GENE-N	417	431	immunoglobulin
10800083	T16	GENE-Y	452	459	PECAM-1
10800083	T17	GENE-Y	461	465	CD31
10800083	T18	GENE-Y	468	474	ICAM-3
10800083	T19	GENE-Y	476	480	CD50
10800083	T1	CHEMICAL	1300	1301	N
10800083	T20	GENE-N	483	491	CD66acde
10800083	T21	GENE-Y	497	502	CD66b
10800083	T22	GENE-N	511	519	integrin
10800083	T23	GENE-Y	540	544	CD63
10800083	T24	GENE-Y	549	589	urokinase plasminogen activator receptor
10800083	T25	GENE-Y	591	595	CD87
10800083	T26	GENE-N	192	199	lectins
10800083	T27	GENE-N	815	825	FcgammaRII
10800083	T28	GENE-Y	827	831	CD32
10800083	T29	GENE-Y	834	860	complement receptor type 1
10800083	T2	CHEMICAL	747	759	carbohydrate
10800083	T30	GENE-Y	862	866	CD35
10800083	T31	GENE-Y	913	916	C5a
10800083	T32	GENE-Y	918	922	CD88
10800083	T33	GENE-Y	928	936	TNFalpha
10800083	T34	GENE-Y	938	944	CD120b
10800083	T3	CHEMICAL	780	791	sialic acid
10800083	T4	GENE-Y	1234	1238	CD16
10800083	T5	GENE-Y	1240	1244	CD15
10800083	T6	GENE-Y	1249	1255	CD120b
10800083	T7	GENE-Y	1285	1301	aminopeptidase-N
10800083	T8	GENE-Y	1303	1307	CD13
10800083	T9	GENE-Y	1392	1397	LFA-3
10839333	T10	GENE-Y	1251	1253	D2
10839333	T11	GENE-Y	1397	1399	D2
10839333	T12	GENE-Y	1543	1545	D2
10839333	T13	GENE-Y	1644	1646	D2
10839333	T14	GENE-Y	327	342	dopamine type 2
10839333	T15	GENE-Y	1773	1775	D2
10839333	T16	GENE-Y	344	346	D2
10839333	T17	GENE-Y	352	387	serotonin type 2a (5-HT2a) receptor
10839333	T18	GENE-Y	717	719	D2
10839333	T19	GENE-Y	724	730	5-HT2a
10839333	T1	CHEMICAL	1341	1351	quetiapine
10839333	T20	GENE-Y	1158	1167	prolactin
10839333	T21	GENE-Y	145	165	dopamine D2 receptor
10839333	T2	CHEMICAL	189	199	Quetiapine
10839333	T3	CHEMICAL	1507	1517	Quetiapine
10839333	T4	CHEMICAL	327	335	dopamine
10839333	T5	CHEMICAL	352	361	serotonin
10839333	T6	CHEMICAL	677	687	quetiapine
10839333	T7	CHEMICAL	1071	1081	Quetiapine
10839333	T8	CHEMICAL	145	153	dopamine
10839333	T9	CHEMICAL	40	50	quetiapine
10866053	T10	GENE-Y	1581	1594	human insulin
10866053	T11	GENE-Y	1665	1672	insulin
10866053	T12	GENE-Y	1712	1726	IGF-I receptor
10866053	T13	GENE-Y	1772	1785	human insulin
10866053	T14	GENE-Y	1843	1850	insulin
10866053	T15	GENE-Y	2077	2084	insulin
10866053	T16	GENE-Y	2139	2146	insulin
10866053	T17	GENE-Y	2225	2238	human insulin
10866053	T18	GENE-Y	387	394	insulin
10866053	T19	GENE-Y	145	158	human insulin
10866053	T1	CHEMICAL	1807	1817	fatty acid
10866053	T20	GENE-Y	465	472	insulin
10866053	T21	GENE-Y	477	491	IGF-I receptor
10866053	T22	GENE-Y	552	559	insulin
10866053	T23	GENE-Y	575	588	human insulin
10866053	T24	GENE-Y	591	598	insulin
10866053	T25	GENE-Y	621	634	human insulin
10866053	T26	GENE-Y	637	644	insulin
10866053	T27	GENE-Y	676	689	human insulin
10866053	T28	GENE-Y	692	699	insulin
10866053	T29	GENE-Y	761	768	insulin
10866053	T2	CHEMICAL	724	745	epsilon-tetradecanoyl
10866053	T30	GENE-Y	785	792	insulin
10866053	T31	GENE-Y	868	884	insulin receptor
10866053	T32	GENE-Y	973	995	human insulin receptor
10866053	T33	GENE-Y	74	81	insulin
10866053	T3	GENE-Y	1174	1190	insulin receptor
10866053	T4	GENE-Y	1257	1271	IGF-I receptor
10866053	T5	GENE-Y	1293	1309	insulin receptor
10866053	T6	GENE-Y	1340	1347	insulin
10866053	T7	GENE-Y	1384	1397	human insulin
10866053	T8	GENE-Y	1448	1462	IGF-I receptor
10866053	T9	GENE-Y	1514	1521	insulin
10887187	T10	CHEMICAL	895	903	cysteine
10887187	T11	CHEMICAL	34	36	K+
10887187	T12	GENE-Y	1057	1079	2P domain K(+) channel
10887187	T13	GENE-Y	1150	1156	TWIK-2
10887187	T14	GENE-Y	1181	1203	2P domain K(+) channel
10887187	T15	GENE-Y	163	169	TWIK-2
10887187	T16	GENE-Y	261	271	Rat TWIK-2
10887187	T17	GENE-N	70	76	TWIK-2
10887187	T18	GENE-Y	312	324	human TWIK-2
10887187	T19	GENE-Y	469	475	TWIK-2
10887187	T1	CHEMICAL	1067	1071	K(+)
10887187	T20	GENE-Y	594	600	TWIK-2
10887187	T21	GENE-N	102	124	2P domain K(+) channel
10887187	T22	GENE-Y	768	774	TWIK-2
10887187	T23	GENE-Y	819	825	TWIK-2
10887187	T24	GENE-N	914	932	M1P1 external loop
10887187	T25	GENE-Y	974	980	TWIK-2
10887187	T26	GENE-Y	1028	1034	TWIK-2
10887187	T27	GENE-Y	0	6	TWIK-2
10887187	T28	GENE-Y	24	44	2P domain K+ channel
10887187	T2	CHEMICAL	1191	1195	K(+)
10887187	T3	CHEMICAL	393	397	K(+)
10887187	T4	CHEMICAL	452	456	K(+)
10887187	T5	CHEMICAL	112	116	K(+)
10887187	T6	CHEMICAL	804	808	K(+)
10887187	T7	CHEMICAL	854	860	Ba(2+)
10887187	T8	CHEMICAL	862	869	quinine
10887187	T9	CHEMICAL	875	884	quinidine
10917903	T10	CHEMICAL	1526	1538	leukotrienes
10917903	T11	CHEMICAL	1622	1625	GLA
10917903	T12	CHEMICAL	1630	1633	EPA
10917903	T13	CHEMICAL	1716	1718	AA
10917903	T14	CHEMICAL	1799	1801	AA
10917903	T15	CHEMICAL	439	449	fatty acid
10917903	T16	CHEMICAL	489	501	arachidonate
10917903	T17	CHEMICAL	503	505	AA
10917903	T18	CHEMICAL	651	654	GLA
10917903	T19	CHEMICAL	717	719	AA
10917903	T1	CHEMICAL	1154	1157	EPA
10917903	T20	CHEMICAL	198	218	gamma-linolenic acid
10917903	T21	CHEMICAL	808	829	eicosapentaenoic acid
10917903	T22	CHEMICAL	831	834	EPA
10917903	T23	CHEMICAL	904	906	AA
10917903	T24	CHEMICAL	951	954	GLA
10917903	T25	CHEMICAL	959	962	EPA
10917903	T26	CHEMICAL	220	223	GLA
10917903	T27	CHEMICAL	1071	1074	GLA
10917903	T28	CHEMICAL	1079	1082	EPA
10917903	T29	CHEMICAL	12	33	eicosapentaenoic acid
10917903	T2	CHEMICAL	1180	1182	AA
10917903	T30	CHEMICAL	37	57	gamma-linolenic acid
10917903	T31	CHEMICAL	92	108	arachidonic acid
10917903	T32	GENE-Y	844	862	Delta-5-desaturase
10917903	T3	CHEMICAL	1191	1194	EPA
10917903	T4	CHEMICAL	1225	1228	GLA
10917903	T5	CHEMICAL	1230	1257	dihomo-gamma-linolenic acid
10917903	T6	CHEMICAL	1259	1263	DGLA
10917903	T7	CHEMICAL	1429	1432	GLA
10917903	T8	CHEMICAL	1437	1440	EPA
10917903	T9	CHEMICAL	1472	1474	AA
10931813	T10	CHEMICAL	814	823	d-sotalol
10931813	T11	CHEMICAL	911	913	Na
10931813	T12	CHEMICAL	929	942	Isoproterenol
10931813	T13	CHEMICAL	943	957	chromanol 293B
10931813	T14	CHEMICAL	959	968	d-sotalol
10931813	T15	CHEMICAL	13	17	K(+)
10931813	T16	GENE-Y	1563	1569	ATX-II
10931813	T17	GENE-N	1675	1687	K(+) channel
10931813	T18	GENE-N	1875	1880	I(Kr)
10931813	T19	GENE-N	1884	1889	I(Ks)
10931813	T1	CHEMICAL	1202	1212	Nicorandil
10931813	T20	GENE-N	706	711	I(Ks)
10931813	T21	GENE-N	231	243	K(+) channel
10931813	T22	GENE-N	850	855	I(Kr)
10931813	T23	GENE-Y	874	880	ATX-II
10931813	T24	GENE-Y	974	980	ATX-II
10931813	T25	GENE-N	13	25	K(+) channel
10931813	T2	CHEMICAL	1395	1408	isoproterenol
10931813	T3	CHEMICAL	1422	1431	d-sotalol
10931813	T4	CHEMICAL	1503	1513	Nicorandil
10931813	T5	CHEMICAL	1675	1679	K(+)
10931813	T6	CHEMICAL	1937	1939	Na
10931813	T7	CHEMICAL	217	227	nicorandil
10931813	T8	CHEMICAL	726	739	Isoproterenol
10931813	T9	CHEMICAL	231	235	K(+)
10933891	T10	CHEMICAL	334	338	H(+)
10933891	T11	CHEMICAL	1204	1215	bezafibrate
10933891	T12	CHEMICAL	73	84	bezafibrate
10933891	T13	CHEMICAL	89	98	Wy-14,643
10933891	T14	GENE-N	238	257	Uncoupling proteins
10933891	T15	GENE-Y	1248	1253	UCP-3
10933891	T16	GENE-Y	1439	1444	UCP-3
10933891	T17	GENE-Y	1531	1536	UCP-3
10933891	T18	GENE-N	259	263	UCPs
10933891	T19	GENE-Y	541	546	UCP-3
10933891	T1	CHEMICAL	1371	1382	bezafibrate
10933891	T20	GENE-Y	551	556	UCP-2
10933891	T21	GENE-Y	673	682	PPARalpha
10933891	T22	GENE-Y	716	721	UCP-3
10933891	T23	GENE-Y	798	803	UCP-3
10933891	T24	GENE-Y	926	931	UCP-3
10933891	T25	GENE-Y	998	1007	PPARalpha
10933891	T26	GENE-Y	1012	1020	RXRalpha
10933891	T27	GENE-Y	1110	1115	UCP-3
10933891	T28	GENE-Y	1148	1153	UCP-3
10933891	T29	GENE-Y	1155	1160	UCP-2
10933891	T2	CHEMICAL	1386	1395	Wy-14,643
10933891	T30	GENE-Y	0	48	Peroxisome proliferator-activated receptor alpha
10933891	T31	GENE-Y	109	129	uncoupling protein-3
10933891	T32	GENE-Y	50	59	PPARalpha
10933891	T3	CHEMICAL	1562	1573	bezafibrate
10933891	T4	CHEMICAL	1578	1588	Wy-14, 643
10933891	T5	CHEMICAL	1634	1645	fatty acids
10933891	T6	CHEMICAL	1691	1704	triglycerides
10933891	T7	CHEMICAL	511	522	bezafibrate
10933891	T8	CHEMICAL	527	536	Wy-14,643
10933891	T9	CHEMICAL	741	752	bezafibrate
10939639	T10	CHEMICAL	931	940	menadione
10939639	T11	CHEMICAL	1033	1038	Sch B
10939639	T12	CHEMICAL	0	13	Schisandrin B
10939639	T13	CHEMICAL	31	40	menadione
10939639	T14	GENE-N	376	400	alanine aminotransferase
10939639	T15	GENE-Y	649	662	DT-diaphorase
10939639	T16	GENE-Y	664	667	DTD
10939639	T17	GENE-Y	847	850	DTD
10939639	T18	GENE-Y	877	880	DTD
10939639	T19	GENE-Y	1078	1081	DTD
10939639	T1	CHEMICAL	1152	1161	menadione
10939639	T20	GENE-Y	77	90	DT-diaphorase
10939639	T2	CHEMICAL	288	297	menadione
10939639	T3	CHEMICAL	123	136	schisandrin B
10939639	T4	CHEMICAL	428	443	malondialdehyde
10939639	T5	CHEMICAL	138	143	Sch B
10939639	T6	CHEMICAL	480	489	menadione
10939639	T7	CHEMICAL	601	606	Sch B
10939639	T8	CHEMICAL	698	703	Sch B
10939639	T9	CHEMICAL	747	752	Sch B
10942908	T10	CHEMICAL	611	625	pyridostigmine
10942908	T11	CHEMICAL	686	700	pyridostigmine
10942908	T12	CHEMICAL	875	889	pyridostigmine
10942908	T13	CHEMICAL	984	998	pyridostigmine
10942908	T14	CHEMICAL	35	49	pyridostigmine
10942908	T15	GENE-Y	1148	1152	AChE
10942908	T16	GENE-Y	1278	1282	AChE
10942908	T17	GENE-N	1407	1429	Creatine phosphokinase
10942908	T18	GENE-Y	378	392	cholinesterase
10942908	T19	GENE-Y	920	941	butyrylcholinesterase
10942908	T1	CHEMICAL	1377	1391	pyridostigmine
10942908	T20	GENE-Y	943	947	BChE
10942908	T21	GENE-Y	1041	1045	BChE
10942908	T22	GENE-Y	1126	1146	Acetylcholinesterase
10942908	T2	CHEMICAL	1407	1415	Creatine
10942908	T3	CHEMICAL	1490	1504	pyridostigmine
10942908	T4	CHEMICAL	1545	1559	pyridostigmine
10942908	T5	CHEMICAL	1820	1834	pyridostigmine
10942908	T6	CHEMICAL	1932	1947	malondialdehyde
10942908	T7	CHEMICAL	337	351	pyridostigmine
10942908	T8	CHEMICAL	2154	2168	pyridostigmine
10942908	T9	CHEMICAL	171	185	pyridostigmine
11056242	T10	GENE-Y	293	323	monocyte chemotactic protein-1
11056242	T11	GENE-Y	325	330	MCP-1
11056242	T12	GENE-N	497	506	cytokines
11056242	T13	GENE-Y	550	555	MCP-1
11056242	T14	GENE-Y	914	919	MCP-1
11056242	T15	GENE-Y	1098	1102	GnRH
11056242	T16	GENE-Y	29	59	monocyte chemotactic protein-1
11056242	T1	CHEMICAL	233	240	danazol
11056242	T2	CHEMICAL	1182	1189	danazol
11056242	T3	CHEMICAL	1211	1223	testosterone
11056242	T4	CHEMICAL	1236	1249	dexamethasone
11056242	T5	CHEMICAL	511	518	steroid
11056242	T6	CHEMICAL	1077	1094	Buserelin acetate
11056242	T7	GENE-Y	1156	1161	MCP-1
11056242	T8	GENE-Y	245	249	GnRH
11056242	T9	GENE-Y	1372	1377	MCP-1
11146120	T10	CHEMICAL	680	691	propranolol
11146120	T11	CHEMICAL	750	761	clenbuterol
11146120	T12	CHEMICAL	832	843	Clenbuterol
11146120	T13	CHEMICAL	905	911	CB1093
11146120	T14	CHEMICAL	89	98	vitamin D
11146120	T15	GENE-Y	1201	1227	vitamin D nuclear receptor
11146120	T16	GENE-Y	1229	1232	VDR
11146120	T17	GENE-Y	154	173	nerve growth factor
11146120	T18	GENE-Y	1378	1381	VDR
11146120	T19	GENE-Y	1409	1412	NGF
11146120	T1	CHEMICAL	1201	1210	vitamin D
11146120	T20	GENE-Y	1438	1442	AP-1
11146120	T21	GENE-Y	1531	1534	NGF
11146120	T22	GENE-Y	1560	1564	AP-1
11146120	T23	GENE-Y	1621	1624	NGF
11146120	T24	GENE-Y	422	442	beta(2)-adrenoceptor
11146120	T25	GENE-Y	175	178	NGF
11146120	T26	GENE-Y	473	476	NGF
11146120	T27	GENE-Y	545	548	NGF
11146120	T28	GENE-Y	651	654	NGF
11146120	T29	GENE-Y	772	775	AP1
11146120	T2	CHEMICAL	1334	1340	CB1093
11146120	T30	GENE-Y	817	820	NGF
11146120	T31	GENE-Y	866	869	NGF
11146120	T32	GENE-Y	949	952	NGF
11146120	T33	GENE-Y	112	132	beta(2)-adrenoceptor
11146120	T34	GENE-Y	30	49	nerve growth factor
11146120	T35	GENE-Y	89	107	vitamin D receptor
11146120	T3	CHEMICAL	1498	1504	CB1093
11146120	T4	CHEMICAL	1509	1520	clenbuterol
11146120	T5	CHEMICAL	328	340	vitamin D(3)
11146120	T6	CHEMICAL	351	357	CB1093
11146120	T7	CHEMICAL	395	406	clenbuterol
11146120	T8	CHEMICAL	496	507	Clenbuterol
11146120	T9	CHEMICAL	636	647	clenbuterol
11157886	T10	GENE-N	1319	1328	rhodopsin
11157886	T11	GENE-N	1359	1368	rhodopsin
11157886	T12	GENE-N	1603	1612	rhodopsin
11157886	T13	GENE-N	1796	1805	rhodopsin
11157886	T14	GENE-N	487	500	photoreceptor
11157886	T15	GENE-N	615	624	Rhodopsin
11157886	T16	GENE-N	682	691	rhodopsin
11157886	T17	GENE-N	825	834	rhodopsin
11157886	T18	GENE-N	867	876	rhodopsin
11157886	T19	GENE-N	953	967	photoreceptors
11157886	T1	CHEMICAL	1117	1126	halothane
11157886	T20	GENE-N	210	223	photoreceptor
11157886	T21	GENE-N	91	100	rhodopsin
11157886	T2	CHEMICAL	1246	1255	halothane
11157886	T3	CHEMICAL	1500	1509	halothane
11157886	T4	CHEMICAL	312	321	halothane
11157886	T5	CHEMICAL	169	178	halothane
11157886	T6	CHEMICAL	773	782	Halothane
11157886	T7	CHEMICAL	1003	1012	halothane
11157886	T8	CHEMICAL	21	30	halothane
11157886	T9	GENE-N	1285	1294	rhodopsin
11243491	T10	CHEMICAL	1975	1988	noradrenaline
11243491	T11	CHEMICAL	2045	2054	Tricyclic
11243491	T12	CHEMICAL	2056	2069	noradrenaline
11243491	T13	CHEMICAL	2094	2103	serotonin
11243491	T14	CHEMICAL	663	673	imipramine
11243491	T15	CHEMICAL	206	215	serotonin
11243491	T16	CHEMICAL	675	684	tricyclic
11243491	T17	CHEMICAL	687	698	maprotiline
11243491	T18	CHEMICAL	700	712	noradrenline
11243491	T19	CHEMICAL	734	745	venlafaxine
11243491	T1	CHEMICAL	1247	1258	fluvoxamine
11243491	T20	CHEMICAL	753	762	serotonin
11243491	T21	CHEMICAL	767	780	noradrenaline
11243491	T22	CHEMICAL	803	814	fluvoxamine
11243491	T23	CHEMICAL	819	829	sertraline
11243491	T24	CHEMICAL	841	850	serotonin
11243491	T25	CHEMICAL	996	1005	buspirone
11243491	T26	CHEMICAL	1032	1043	anpirtoline
11243491	T27	GENE-N	344	349	5-HT1
11243491	T28	GENE-Y	2209	2215	5-HT1B
11243491	T29	GENE-Y	2251	2257	5-HT1A
11243491	T2	CHEMICAL	1413	1424	Venlafaxine
11243491	T30	GENE-Y	565	571	5-HT1A
11243491	T31	GENE-Y	576	582	5-HT1B
11243491	T32	GENE-Y	959	965	5-HT1A
11243491	T33	GENE-Y	970	976	5-HT1B
11243491	T34	GENE-Y	1015	1021	5-HT1A
11243491	T35	GENE-Y	1045	1051	5-HT1B
11243491	T36	GENE-Y	114	120	5-HT1A
11243491	T37	GENE-Y	125	131	5-HT1B
11243491	T3	CHEMICAL	1509	1518	buspirone
11243491	T4	CHEMICAL	1541	1552	anpirtoline
11243491	T5	CHEMICAL	1652	1662	sertraline
11243491	T6	CHEMICAL	1720	1729	buspirone
11243491	T7	CHEMICAL	1774	1785	fluvoxamine
11243491	T8	CHEMICAL	1842	1851	serotonin
11243491	T9	CHEMICAL	1856	1864	dopamine
11246504	T10	CHEMICAL	1042	1052	amino acid
11246504	T11	CHEMICAL	44	56	nicotinamide
11246504	T12	GENE-N	1093	1096	CYP
11246504	T13	GENE-Y	1112	1119	CYP4A15
11246504	T14	GENE-N	129	152	lauric acid hydroxylase
11246504	T15	GENE-N	921	926	CYP4A
11246504	T16	GENE-Y	1074	1087	human CYP4A11
11246504	T17	GENE-N	0	18	Cytochrome P450 4A
11246504	T1	CHEMICAL	362	373	lauric acid
11246504	T2	CHEMICAL	129	140	lauric acid
11246504	T3	CHEMICAL	567	579	nicotinamide
11246504	T4	CHEMICAL	616	649	nicotinamide-adenine dinucleotide
11246504	T5	CHEMICAL	651	654	NAD
11246504	T6	CHEMICAL	673	676	NAD
11246504	T7	CHEMICAL	677	720	nicotinamide-adenine dinucleotide phosphate
11246504	T8	CHEMICAL	722	726	NADP
11246504	T9	CHEMICAL	1019	1029	nucleotide
11252887	T10	CHEMICAL	0	11	Gemcitabine
11252887	T11	CHEMICAL	16	35	Pemetrexed disodium
11252887	T12	GENE-Y	175	198	dihydrofolate reductase
11252887	T13	GENE-Y	204	249	glycinamide ribonucleotide formyl transferase
11252887	T14	GENE-Y	153	173	thymidylate synthase
11252887	T1	CHEMICAL	63	82	Pemetrexed disodium
11252887	T2	CHEMICAL	175	188	dihydrofolate
11252887	T3	CHEMICAL	204	237	glycinamide ribonucleotide formyl
11252887	T4	CHEMICAL	84	90	Alimta
11252887	T5	CHEMICAL	340	359	Pemetrexed disodium
11252887	T6	CHEMICAL	92	100	LY231514
11252887	T7	CHEMICAL	424	435	gemcitabine
11252887	T8	CHEMICAL	437	443	Gemzar
11252887	T9	CHEMICAL	153	164	thymidylate
11304699	T10	CHEMICAL	129	139	nabumetone
11304699	T11	CHEMICAL	96	105	steroidal
11304699	T12	GENE-N	1284	1332	peroxisome proliferator-activated receptor-delta
11304699	T13	GENE-N	1334	1344	PPAR-delta
11304699	T14	GENE-N	1487	1497	PPAR-delta
11304699	T15	GENE-N	1756	1761	COX-2
11304699	T16	GENE-N	1766	1776	PPAR-delta
11304699	T17	GENE-N	1047	1064	cyclo-oxygenase-2
11304699	T18	GENE-N	1066	1071	COX-2
11304699	T1	CHEMICAL	1214	1217	AOM
11304699	T2	CHEMICAL	152	161	steroidal
11304699	T3	CHEMICAL	1539	1549	nabumetone
11304699	T4	CHEMICAL	1672	1682	nabumetone
11304699	T5	CHEMICAL	296	306	Nabumetone
11304699	T6	CHEMICAL	445	457	azoxymethane
11304699	T7	CHEMICAL	459	462	AOM
11304699	T8	CHEMICAL	489	499	nabumetone
11304699	T9	CHEMICAL	770	780	nabumetone
11309392	T10	GENE-Y	1131	1140	DGK-theta
11309392	T11	GENE-Y	1145	1154	DGK-delta
11309392	T12	GENE-Y	1253	1262	DGK-delta
11309392	T13	GENE-Y	1396	1400	RhoA
11309392	T14	GENE-Y	1410	1419	DGK-theta
11309392	T15	GENE-Y	1594	1608	alpha-thrombin
11309392	T16	GENE-Y	1632	1636	RhoA
11309392	T17	GENE-Y	1773	1782	DGK-theta
11309392	T18	GENE-Y	1806	1820	alpha-thrombin
11309392	T19	GENE-Y	1890	1899	DGK-theta
11309392	T1	CHEMICAL	1225	1243	phosphatidylserine
11309392	T20	GENE-Y	1929	1943	alpha-thrombin
11309392	T21	GENE-Y	2025	2039	alpha-thrombin
11309392	T22	GENE-Y	2069	2078	DGK-theta
11309392	T23	GENE-Y	2293	2302	DGK-theta
11309392	T24	GENE-Y	2342	2351	DGK-delta
11309392	T25	GENE-Y	306	320	alpha-thrombin
11309392	T26	GENE-N	558	579	Diacylglycerol kinase
11309392	T27	GENE-N	581	584	DGK
11309392	T28	GENE-Y	962	976	alpha-thrombin
11309392	T29	GENE-N	1041	1044	DGK
11309392	T2	CHEMICAL	1688	1706	phosphatidylserine
11309392	T30	GENE-Y	64	78	alpha-thrombin
11309392	T31	GENE-Y	8	35	diacylglycerol kinase-theta
11309392	T3	CHEMICAL	415	429	diacylglycerol
11309392	T4	CHEMICAL	507	526	phosphatidylcholine
11309392	T5	CHEMICAL	539	556	phosphatidic acid
11309392	T6	CHEMICAL	558	572	Diacylglycerol
11309392	T7	CHEMICAL	614	628	diacylglycerol
11309392	T8	CHEMICAL	632	649	phosphatidic acid
11309392	T9	CHEMICAL	8	22	diacylglycerol
11318430	T10	GENE-Y	205	228	ornithine decarboxylase
11318430	T1	CHEMICAL	122	147	Nordihydroguaiaretic acid
11318430	T2	CHEMICAL	391	395	NDGA
11318430	T3	CHEMICAL	149	153	NDGA
11318430	T4	CHEMICAL	490	494	NDGA
11318430	T5	CHEMICAL	587	591	NDGA
11318430	T6	CHEMICAL	702	706	NDGA
11318430	T7	CHEMICAL	205	214	ornithine
11318430	T8	CHEMICAL	82	107	nordihydroguaiaretic acid
11318430	T9	GENE-Y	186	200	5-lipoxygenase
11392054	T10	CHEMICAL	822	836	leukotriene B4
11392054	T11	CHEMICAL	838	852	angiotensin II
11392054	T12	CHEMICAL	854	865	vasopressin
11392054	T13	CHEMICAL	867	879	indomethacin
11392054	T14	CHEMICAL	881	889	prazosin
11392054	T15	CHEMICAL	891	902	hydralazine
11392054	T16	CHEMICAL	904	913	clonidine
11392054	T17	CHEMICAL	915	924	reserpine
11392054	T18	CHEMICAL	926	942	prostaglandin I2
11392054	T19	CHEMICAL	944	954	indapamide
11392054	T1	CHEMICAL	1223	1236	orciprenaline
11392054	T20	CHEMICAL	956	966	furosemide
11392054	T21	CHEMICAL	968	978	amlodipine
11392054	T22	CHEMICAL	980	989	verapamil
11392054	T23	CHEMICAL	994	1004	irbesartan
11392054	T24	CHEMICAL	266	269	CO2
11392054	T25	GENE-N	173	191	Carbonic anhydrase
11392054	T26	GENE-Y	1391	1395	CA I
11392054	T27	GENE-Y	1587	1609	human erythrocyte CA I
11392054	T28	GENE-Y	1653	1657	CA I
11392054	T29	GENE-Y	1837	1841	CA I
11392054	T2	CHEMICAL	1248	1260	desmopressin
11392054	T30	GENE-Y	2000	2004	CA I
11392054	T31	GENE-N	193	195	CA
11392054	T32	GENE-Y	402	406	CA I
11392054	T33	GENE-Y	601	605	CA I
11392054	T34	GENE-Y	679	683	CA I
11392054	T35	GENE-Y	838	852	angiotensin II
11392054	T36	GENE-Y	854	865	vasopressin
11392054	T37	GENE-Y	1017	1042	human red blood cell CA I
11392054	T38	GENE-Y	1070	1074	CA I
11392054	T39	GENE-Y	32	52	carbonic anhydrase I
11392054	T3	CHEMICAL	1272	1281	verapamil
11392054	T4	CHEMICAL	1293	1303	irbesartan
11392054	T5	CHEMICAL	1315	1328	acetazolamide
11392054	T6	CHEMICAL	202	206	zinc
11392054	T7	CHEMICAL	767	780	noradrenaline
11392054	T8	CHEMICAL	782	804	prostaglandin F2 alpha
11392054	T9	CHEMICAL	806	820	thromboxane A2
11393267	T10	CHEMICAL	37	52	organophosphate
11393267	T11	GENE-Y	1197	1202	BuChE
11393267	T12	GENE-Y	1268	1273	BuChE
11393267	T13	GENE-Y	1422	1427	BuChE
11393267	T14	GENE-Y	122	143	butyrylcholinesterase
11393267	T15	GENE-Y	534	539	BuChE
11393267	T16	GENE-Y	145	150	BuChE
11393267	T17	GENE-Y	752	757	BuChE
11393267	T18	GENE-Y	189	194	BuChE
11393267	T19	GENE-Y	75	96	butyrylcholinesterase
11393267	T1	CHEMICAL	1103	1108	oxime
11393267	T2	CHEMICAL	225	240	organophosphate
11393267	T3	CHEMICAL	1451	1456	oxime
11393267	T4	CHEMICAL	1541	1546	oxime
11393267	T5	CHEMICAL	383	388	oxime
11393267	T6	CHEMICAL	165	176	pralidoxime
11393267	T7	CHEMICAL	782	787	oxime
11393267	T8	CHEMICAL	875	890	organophosphate
11393267	T9	CHEMICAL	19	24	oxime
11481271	T10	CHEMICAL	1675	1683	BRL44408
11481271	T11	CHEMICAL	1691	1698	ARC 239
11481271	T12	CHEMICAL	1713	1721	prazosin
11481271	T13	CHEMICAL	1981	1992	brimonidine
11481271	T14	CHEMICAL	1994	2007	apraclonidine
11481271	T15	CHEMICAL	2013	2026	oxymetazoline
11481271	T16	CHEMICAL	528	539	brimonidine
11481271	T17	CHEMICAL	541	554	apraclonidine
11481271	T18	CHEMICAL	560	573	oxymetazoline
11481271	T19	CHEMICAL	795	806	brimonidine
11481271	T1	CHEMICAL	1177	1188	brimonidine
11481271	T20	CHEMICAL	884	892	BRL44408
11481271	T21	CHEMICAL	916	922	ARC239
11481271	T22	CHEMICAL	965	973	prazosin
11481271	T23	CHEMICAL	59	70	brimonidine
11481271	T24	GENE-Y	1766	1789	alpha(2A)-adrenoceptors
11481271	T25	GENE-Y	1883	1905	alpha(2A)-adrenoceptor
11481271	T26	GENE-N	1950	1971	alpha(2)-adrenoceptor
11481271	T27	GENE-Y	2148	2170	alpha(2A)-adrenoceptor
11481271	T28	GENE-N	139	160	alpha(2)-adrenoceptor
11481271	T29	GENE-N	497	518	alpha(2)-adrenoceptor
11481271	T2	CHEMICAL	1195	1208	oxymetazoline
11481271	T30	GENE-N	610	631	alpha(2)-adrenoceptor
11481271	T31	GENE-N	701	723	alpha(2)-adrenoceptors
11481271	T32	GENE-N	836	857	alpha(2)-adrenoceptor
11481271	T33	GENE-Y	894	903	alpha(2A)
11481271	T34	GENE-Y	924	933	alpha(2B)
11481271	T35	GENE-Y	939	948	alpha(2C)
11481271	T36	GENE-Y	975	984	alpha(2B)
11481271	T37	GENE-Y	990	999	alpha(2C)
11481271	T38	GENE-N	1025	1046	alpha(2)-adrenoceptor
11481271	T39	GENE-Y	7	29	alpha(2A)-adrenoceptor
11481271	T3	CHEMICAL	1219	1232	apraclonidine
11481271	T4	CHEMICAL	1255	1268	noradrenaline
11481271	T5	CHEMICAL	1379	1387	BRL44408
11481271	T6	CHEMICAL	1389	1395	ARC239
11481271	T7	CHEMICAL	1401	1409	prazosin
11481271	T8	CHEMICAL	1512	1523	brimonidine
11481271	T9	CHEMICAL	1569	1580	brimonidine
11742712	T10	CHEMICAL	685	695	pemetrexed
11742712	T11	CHEMICAL	155	161	folate
11742712	T12	CHEMICAL	0	11	Gemcitabine
11742712	T13	CHEMICAL	16	35	pemetrexed disodium
11742712	T14	GENE-Y	181	201	thymidylate synthase
11742712	T15	GENE-Y	203	226	dihydrofolate reductase
11742712	T16	GENE-Y	232	276	glycinamide ribonucleotide formyltransferase
11742712	T1	CHEMICAL	71	90	Pemetrexed disodium
11742712	T2	CHEMICAL	181	192	thymidylate
11742712	T3	CHEMICAL	203	216	dihydrofolate
11742712	T4	CHEMICAL	232	258	glycinamide ribonucleotide
11742712	T5	CHEMICAL	278	297	Pemetrexed disodium
11742712	T6	CHEMICAL	92	98	ALIMTA
11742712	T7	CHEMICAL	435	446	Gemcitabine
11742712	T8	CHEMICAL	467	488	pyrimidine nucleoside
11742712	T9	CHEMICAL	669	680	gemcitabine
11752472	T10	CHEMICAL	1677	1683	folate
11752472	T11	CHEMICAL	367	385	folylpolyglutamate
11752472	T12	CHEMICAL	431	440	glutamate
11752472	T13	CHEMICAL	457	463	folate
11752472	T14	CHEMICAL	231	237	carbon
11752472	T15	CHEMICAL	239	241	C1
11752472	T16	CHEMICAL	717	726	glutamate
11752472	T17	CHEMICAL	746	759	dihydrofolate
11752472	T18	CHEMICAL	763	779	tetrahydrofolate
11752472	T19	CHEMICAL	884	897	dihydrofolate
11752472	T1	CHEMICAL	188	204	Tetrahydrofolate
11752472	T20	CHEMICAL	0	16	Tetrahydrofolate
11752472	T21	CHEMICAL	86	99	dihydrofolate
11752472	T22	GENE-N	1265	1296	serine hydroxymethyltransferase
11752472	T23	GENE-N	1301	1344	C1-tetrahydrofolate interconverting enzymes
11752472	T24	GENE-N	1422	1426	FPGS
11752472	T25	GENE-N	1615	1619	FPGS
11752472	T26	GENE-Y	331	355	dihydrofolate synthetase
11752472	T27	GENE-Y	357	361	DHFS
11752472	T28	GENE-N	367	396	folylpolyglutamate synthetase
11752472	T29	GENE-N	398	402	FPGS
11752472	T2	CHEMICAL	1190	1232	gamma-glutamyl-conjugated tetrahydrofolate
11752472	T30	GENE-Y	515	519	DHFS
11752472	T31	GENE-N	542	546	FPGS
11752472	T32	GENE-Y	668	672	DHFS
11752472	T33	GENE-Y	676	680	FPGS
11752472	T34	GENE-Y	781	785	DHFS
11752472	T35	GENE-N	930	934	FPGS
11752472	T36	GENE-N	1135	1139	FPGS
11752472	T37	GENE-N	133	162	folylpolyglutamate synthetase
11752472	T38	GENE-Y	86	110	dihydrofolate synthetase
11752472	T3	CHEMICAL	1265	1271	serine
11752472	T4	CHEMICAL	1301	1320	C1-tetrahydrofolate
11752472	T5	CHEMICAL	305	321	tetrahydrofolate
11752472	T6	CHEMICAL	1438	1444	folate
11752472	T7	CHEMICAL	1518	1524	folate
11752472	T8	CHEMICAL	1565	1567	C1
11752472	T9	CHEMICAL	331	344	dihydrofolate
11772142	T10	CHEMICAL	1656	1666	ranitidine
11772142	T11	CHEMICAL	1696	1706	omeprazole
11772142	T12	CHEMICAL	1790	1801	rabeprazole
11772142	T13	CHEMICAL	1991	2002	rabeprazole
11772142	T14	CHEMICAL	2034	2044	ranitidine
11772142	T15	CHEMICAL	2049	2059	omeprazole
11772142	T16	CHEMICAL	2095	2106	rabeprazole
11772142	T17	CHEMICAL	265	276	rabeprazole
11772142	T18	CHEMICAL	2400	2411	Rabeprazole
11772142	T19	CHEMICAL	327	337	omeprazole
11772142	T1	CHEMICAL	1144	1155	rabeprazole
11772142	T20	CHEMICAL	354	364	ranitidine
11772142	T21	CHEMICAL	409	420	rabeprazole
11772142	T22	CHEMICAL	466	476	ranitidine
11772142	T23	CHEMICAL	492	502	omeprazole
11772142	T24	CHEMICAL	524	535	rabeprazole
11772142	T25	CHEMICAL	561	571	omeprazole
11772142	T26	CHEMICAL	781	792	rabeprazole
11772142	T27	CHEMICAL	949	960	rabeprazole
11772142	T28	CHEMICAL	0	11	Rabeprazole
11772142	T29	GENE-Y	2232	2239	gastrin
11772142	T2	CHEMICAL	1161	1175	clarithromycin
11772142	T30	GENE-N	2280	2291	proton pump
11772142	T31	GENE-N	2432	2443	proton pump
11772142	T32	GENE-N	2715	2726	proton pump
11772142	T33	GENE-N	108	127	gastric proton pump
11772142	T3	CHEMICAL	1180	1191	amoxicillin
11772142	T4	CHEMICAL	1233	1244	Rabeprazole
11772142	T5	CHEMICAL	1264	1274	omeprazole
11772142	T6	CHEMICAL	1279	1291	lansoprazole
11772142	T7	CHEMICAL	73	84	Rabeprazole
11772142	T8	CHEMICAL	1421	1432	rabeprazole
11772142	T9	CHEMICAL	1598	1609	rabeprazole
11799102	T10	CHEMICAL	1922	1931	enalapril
11799102	T11	CHEMICAL	2006	2015	Aliskiren
11799102	T12	CHEMICAL	2043	2049	Ang II
11799102	T13	CHEMICAL	2182	2191	enalapril
11799102	T14	CHEMICAL	2193	2202	Aliskiren
11799102	T15	CHEMICAL	2326	2332	Ang II
11799102	T16	CHEMICAL	414	420	SPP100
11799102	T17	CHEMICAL	422	431	Aliskiren
11799102	T18	CHEMICAL	436	446	octanamide
11799102	T19	CHEMICAL	154	174	angiotensin (Ang) II
11799102	T1	CHEMICAL	1189	1195	Ang II
11799102	T20	CHEMICAL	568	574	sodium
11799102	T21	CHEMICAL	729	738	Aliskiren
11799102	T22	CHEMICAL	820	829	enalapril
11799102	T23	CHEMICAL	831	840	Aliskiren
11799102	T24	CHEMICAL	1022	1027	Ang I
11799102	T25	CHEMICAL	1033	1039	Ang II
11799102	T26	CHEMICAL	1066	1075	Aliskiren
11799102	T27	CHEMICAL	0	14	Angiotensin II
11799102	T28	CHEMICAL	110	119	enalapril
11799102	T29	CHEMICAL	74	83	Aliskiren
11799102	T2	CHEMICAL	234	240	Ang II
11799102	T30	CHEMICAL	85	91	SPP100
11799102	T31	GENE-Y	121	126	Renin
11799102	T32	GENE-Y	1189	1195	Ang II
11799102	T33	GENE-Y	234	240	Ang II
11799102	T34	GENE-Y	1348	1353	renin
11799102	T35	GENE-Y	272	277	renin
11799102	T36	GENE-Y	296	301	renin
11799102	T37	GENE-Y	1990	1995	renin
11799102	T38	GENE-Y	2043	2049	Ang II
11799102	T39	GENE-Y	2255	2260	renin
11799102	T3	CHEMICAL	1274	1283	Aliskiren
11799102	T40	GENE-Y	2307	2310	ACE
11799102	T41	GENE-N	2326	2341	Ang II receptor
11799102	T42	GENE-Y	398	403	renin
11799102	T43	GENE-Y	154	174	angiotensin (Ang) II
11799102	T44	GENE-Y	1006	1011	renin
11799102	T45	GENE-Y	1022	1027	Ang I
11799102	T46	GENE-Y	1033	1039	Ang II
11799102	T47	GENE-Y	0	14	Angiotensin II
11799102	T48	GENE-Y	58	63	renin
11799102	T4	CHEMICAL	1407	1416	Aliskiren
11799102	T5	CHEMICAL	1440	1449	Aliskiren
11799102	T6	CHEMICAL	1685	1696	aldosterone
11799102	T7	CHEMICAL	1734	1743	Aliskiren
11799102	T8	CHEMICAL	1766	1775	enalapril
11799102	T9	CHEMICAL	1777	1786	Aliskiren
11808879	T10	GENE-Y	1638	1644	KIR6.2
11808879	T11	GENE-Y	1844	1848	SUR1
11808879	T12	GENE-Y	1860	1866	KIR6.2
11808879	T13	GENE-N	1993	2016	glutamate dehydrogenase
11808879	T14	GENE-Y	2242	2253	glucokinase
11808879	T1	CHEMICAL	1165	1174	diazoxide
11808879	T2	CHEMICAL	1450	1459	Diazoxide
11808879	T3	CHEMICAL	1901	1910	diazoxide
11808879	T4	CHEMICAL	1993	2002	glutamate
11808879	T5	CHEMICAL	917	924	glucose
11808879	T6	CHEMICAL	964	971	glucose
11808879	T7	CHEMICAL	1049	1058	diazoxide
11808879	T8	GENE-Y	219	226	insulin
11808879	T9	GENE-Y	1630	1634	SUR1
11893059	T1	CHEMICAL	362	375	physostigmine
11893059	T2	CHEMICAL	380	387	tacrine
11893059	T3	CHEMICAL	643	666	Donepezil hydrochloride
11893059	T4	CHEMICAL	0	23	Donepezil hydrochloride
11893059	T5	GENE-Y	242	262	acetylcholinesterase
11893059	T6	GENE-Y	264	268	AChE
11893059	T7	GENE-Y	337	341	AChE
11893059	T8	GENE-Y	694	698	AChE
11970990	T10	GENE-N	1423	1427	CD16
11970990	T11	GENE-Y	1437	1440	CD2
11970990	T12	GENE-Y	1464	1473	human CD2
11970990	T13	GENE-Y	1506	1515	alefacept
11970990	T14	GENE-N	1546	1556	Fc gamma R
11970990	T15	GENE-Y	1637	1646	alefacept
11970990	T16	GENE-Y	449	458	Alefacept
11970990	T17	GENE-Y	683	692	alefacept
11970990	T18	GENE-Y	797	806	alefacept
11970990	T19	GENE-Y	854	857	CD2
11970990	T1	CHEMICAL	950	960	amino acid
11970990	T20	GENE-N	865	878	Fc gamma RIII
11970990	T21	GENE-N	880	884	CD16
11970990	T22	GENE-Y	921	930	alefacept
11970990	T23	GENE-N	982	999	IgG1 C(H)2 domain
11970990	T24	GENE-N	1012	1022	Fc gamma R
11970990	T25	GENE-Y	1045	1054	alefacept
11970990	T26	GENE-Y	1110	1119	human CD2
11970990	T27	GENE-N	1124	1128	CD16
11970990	T28	GENE-Y	0	9	Alefacept
11970990	T29	GENE-N	101	105	CD16
11970990	T2	GENE-Y	143	152	Alefacept
11970990	T30	GENE-Y	43	48	LFA-3
11970990	T31	GENE-Y	49	53	IgG1
11970990	T32	GENE-N	78	82	CD16
11970990	T33	GENE-Y	97	100	CD2
11970990	T3	GENE-N	1163	1200	extracellular signal-regulated kinase
11970990	T4	GENE-Y	247	252	LFA-3
11970990	T5	GENE-Y	1279	1283	CD25
11970990	T6	GENE-Y	1307	1317	granzyme B
11970990	T7	GENE-N	266	308	human IgG1 hinge, C(H)2, and C(H)3 domains
11970990	T8	GENE-Y	1386	1389	CD2
11970990	T9	GENE-N	1394	1398	CD16
12046682	T1	CHEMICAL	33	44	Thalidomide
12046682	T2	CHEMICAL	491	502	thalidomide
12046682	T3	CHEMICAL	0	11	Thalidomide
12046682	T4	GENE-Y	203	212	TNF alpha
12063741	T10	CHEMICAL	1	12	Leflunomide
12063741	T11	GENE-Y	353	381	dihydroorotate dehydrogenase
12063741	T1	CHEMICAL	260	271	leflunomide
12063741	T2	CHEMICAL	321	330	A 77 1726
12063741	T3	CHEMICAL	353	367	dihydroorotate
12063741	T4	CHEMICAL	97	108	leflunomide
12063741	T5	CHEMICAL	403	413	pyrimidine
12063741	T6	CHEMICAL	516	527	leflunomide
12063741	T7	CHEMICAL	573	584	leflunomide
12063741	T8	CHEMICAL	922	933	leflunomide
12063741	T9	CHEMICAL	158	167	isoxazole
12080538	T10	CHEMICAL	430	439	tamoxifen
12080538	T11	CHEMICAL	535	552	megestrol acetate
12080538	T12	CHEMICAL	119	127	estrogen
12080538	T13	CHEMICAL	679	688	tamoxifen
12080538	T14	CHEMICAL	725	736	anastrozole
12080538	T15	CHEMICAL	798	807	tamoxifen
12080538	T16	CHEMICAL	941	949	estrogen
12080538	T17	CHEMICAL	149	161	progesterone
12080538	T18	CHEMICAL	995	1006	Fulvestrant
12080538	T19	GENE-Y	1083	1100	estrogen receptor
12080538	T1	CHEMICAL	1083	1091	estrogen
12080538	T20	GENE-Y	278	287	aromatase
12080538	T21	GENE-Y	610	619	aromatase
12080538	T22	GENE-Y	119	136	estrogen receptor
12080538	T23	GENE-Y	741	750	aromatase
12080538	T24	GENE-Y	941	958	estrogen receptor
12080538	T25	GENE-Y	149	170	progesterone receptor
12080538	T2	CHEMICAL	1116	1124	estrogen
12080538	T3	CHEMICAL	1247	1258	fulvestrant
12080538	T4	CHEMICAL	1287	1298	anastrozole
12080538	T5	CHEMICAL	1352	1363	Fulvestrant
12080538	T6	CHEMICAL	244	253	tamoxifen
12080538	T7	CHEMICAL	255	272	megestrol acetate
12080538	T8	CHEMICAL	309	318	tamoxifen
12080538	T9	CHEMICAL	323	340	megestrol acetate
12082550	T10	CHEMICAL	1805	1809	GGPP
12082550	T11	CHEMICAL	1951	1961	lovastatin
12082550	T12	CHEMICAL	2049	2053	GGPP
12082550	T13	CHEMICAL	2085	2095	lovastatin
12082550	T14	CHEMICAL	120	157	3-hydroxy-3-methylglutaryl coenzyme A
12082550	T15	CHEMICAL	417	428	cholesterol
12082550	T16	CHEMICAL	573	583	Lovastatin
12082550	T17	CHEMICAL	609	616	HMG-CoA
12082550	T18	CHEMICAL	159	166	HMG-CoA
12082550	T19	CHEMICAL	898	908	lovastatin
12082550	T1	CHEMICAL	1123	1133	lovastatin
12082550	T20	CHEMICAL	1006	1016	mevalonate
12082550	T21	CHEMICAL	39	49	lovastatin
12082550	T22	GENE-Y	1264	1290	diazepam-binding inhibitor
12082550	T23	GENE-Y	1291	1316	acyl-CoA-binding protein,
12082550	T24	GENE-Y	1321	1353	activated transcription factor 4
12082550	T25	GENE-Y	1358	1362	rhoA
12082550	T26	GENE-Y	1791	1795	rhoA
12082550	T27	GENE-Y	1890	1894	rhoA
12082550	T28	GENE-Y	120	177	3-hydroxy-3-methylglutaryl coenzyme A (HMG-CoA) reductase
12082550	T29	GENE-Y	609	626	HMG-CoA reductase
12082550	T2	CHEMICAL	1264	1272	diazepam
12082550	T3	CHEMICAL	1291	1299	acyl-CoA
12082550	T4	CHEMICAL	1392	1402	mevalonate
12082550	T5	CHEMICAL	1492	1502	lovastatin
12082550	T6	CHEMICAL	1602	1612	mevalonate
12082550	T7	CHEMICAL	1663	1691	geranylgeranyl pyrophosphate
12082550	T8	CHEMICAL	1693	1697	GGPP
12082550	T9	CHEMICAL	1749	1759	lovastatin
12137927	T10	CHEMICAL	711	713	NE
12137927	T11	CHEMICAL	764	775	desipramine
12137927	T12	CHEMICAL	855	857	NE
12137927	T13	CHEMICAL	14	28	norepinephrine
12137927	T14	CHEMICAL	54	68	catecholamines
12137927	T15	CHEMICAL	73	84	desipramine
12137927	T16	GENE-Y	299	302	NET
12137927	T17	GENE-Y	324	349	dopamine beta-hydroxylase
12137927	T18	GENE-Y	360	363	Dbh
12137927	T19	GENE-Y	411	414	NET
12137927	T1	CHEMICAL	210	224	norepinephrine
12137927	T20	GENE-Y	126	129	NET
12137927	T21	GENE-Y	518	538	tyrosine hydroxylase
12137927	T22	GENE-Y	98	124	norepinephrine transporter
12137927	T23	GENE-Y	549	551	Th
12137927	T24	GENE-N	141	155	adrenoreceptor
12137927	T25	GENE-Y	621	624	NET
12137927	T26	GENE-Y	749	752	NET
12137927	T27	GENE-Y	791	794	NET
12137927	T28	GENE-Y	822	825	Dbh
12137927	T29	GENE-Y	896	899	NET
12137927	T2	CHEMICAL	226	228	NE
12137927	T30	GENE-Y	1011	1014	NET
12137927	T31	GENE-Y	14	40	norepinephrine transporter
12137927	T3	CHEMICAL	384	386	NE
12137927	T4	CHEMICAL	443	445	NE
12137927	T5	CHEMICAL	98	112	norepinephrine
12137927	T6	CHEMICAL	577	579	NE
12137927	T7	CHEMICAL	584	592	dopamine
12137927	T8	CHEMICAL	594	596	DA
12137927	T9	CHEMICAL	688	702	catecholamines
12170059	T10	CHEMICAL	1934	1943	glutamate
12170059	T11	CHEMICAL	1955	1967	nitric oxide
12170059	T12	CHEMICAL	109	122	acetylcholine
12170059	T13	CHEMICAL	402	416	norepinephrine
12170059	T14	CHEMICAL	543	557	norepinephrine
12170059	T15	CHEMICAL	810	822	metanicotine
12170059	T16	CHEMICAL	827	835	nicotine
12170059	T17	CHEMICAL	863	877	norepinephrine
12170059	T18	CHEMICAL	935	944	glutamate
12170059	T19	CHEMICAL	970	982	nitric oxide
12170059	T1	CHEMICAL	1188	1196	nicotine
12170059	T20	CHEMICAL	10	23	acetylcholine
12170059	T21	CHEMICAL	54	68	norepinephrine
12170059	T22	GENE-N	1142	1147	nAChR
12170059	T23	GENE-N	185	191	nAChRs
12170059	T24	GENE-N	90	131	Neuronal nicotinic acetylcholine receptor
12170059	T25	GENE-N	1348	1369	nitric oxide synthase
12170059	T26	GENE-Y	1534	1550	alpha(4)beta(2*)
12170059	T27	GENE-Y	1557	1566	alpha(7*)
12170059	T28	GENE-N	1578	1583	nAChR
12170059	T29	GENE-N	1659	1664	nAChR
12170059	T2	CHEMICAL	1201	1213	metanicotine
12170059	T30	GENE-Y	1764	1787	alpha(4)beta(2*) nAChRs
12170059	T31	GENE-N	338	343	nAChR
12170059	T32	GENE-N	133	138	nAChR
12170059	T33	GENE-Y	779	801	alpha(4)beta(2*) nAChR
12170059	T34	GENE-N	841	846	nAChR
12170059	T35	GENE-N	935	953	glutamate receptor
12170059	T36	GENE-N	970	991	nitric oxide synthase
12170059	T37	GENE-N	0	32	Nicotinic acetylcholine receptor
12170059	T3	CHEMICAL	1222	1236	norepinephrine
12170059	T4	CHEMICAL	1323	1332	glutamate
12170059	T5	CHEMICAL	1348	1360	nitric oxide
12170059	T6	CHEMICAL	1424	1438	norepinephrine
12170059	T7	CHEMICAL	1482	1494	metanicotine
12170059	T8	CHEMICAL	1715	1729	norepinephrine
12170059	T9	CHEMICAL	1903	1917	norepinephrine
12180353	T10	CHEMICAL	533	543	Cilostazol
12180353	T11	CHEMICAL	757	767	cilostazol
12180353	T12	CHEMICAL	859	863	cAMP
12180353	T13	CHEMICAL	904	908	cAMP
12180353	T14	CHEMICAL	119	128	OPC-13013
12180353	T15	CHEMICAL	937	947	Cilostazol
12180353	T16	CHEMICAL	1020	1031	cholesterol
12180353	T17	CHEMICAL	20	30	cilostazol
12180353	T18	GENE-N	1224	1239	cytochrome P450
12180353	T19	GENE-Y	276	302	phosphodiesterase (PDE) 3A
12180353	T1	CHEMICAL	32	42	Cilostazol
12180353	T20	GENE-N	319	324	PDE 3
12180353	T21	GENE-N	501	531	adenosine receptors (A1 or A2)
12180353	T22	GENE-N	1016	1019	HDL
12180353	T2	CHEMICAL	135	150	2-oxo-quinoline
12180353	T3	CHEMICAL	1145	1155	Cilostazol
12180353	T4	CHEMICAL	43	117	(6-[4-(1-cyclohexyl-1H-tetrazol-5-yl)butoxy]-3,4-dihydro-2(1H)-quinolinone
12180353	T5	CHEMICAL	1303	1315	erythromycin
12180353	T6	CHEMICAL	1320	1330	omeprazole
12180353	T7	CHEMICAL	410	419	adenosine
12180353	T8	CHEMICAL	463	467	cAMP
12180353	T9	CHEMICAL	501	510	adenosine
12181427	T10	CHEMICAL	1113	1123	cilostazol
12181427	T11	CHEMICAL	1146	1155	milrinone
12181427	T12	CHEMICAL	102	112	cilostazol
12181427	T13	CHEMICAL	46	56	nucleotide
12181427	T14	CHEMICAL	88	97	milrinone
12181427	T15	GENE-Y	1177	1182	PDE3A
12181427	T16	GENE-Y	1215	1219	PDE3
12181427	T17	GENE-Y	1422	1426	PDE3
12181427	T18	GENE-Y	1518	1521	PDE
12181427	T19	GENE-Y	1669	1674	PDE3A
12181427	T1	CHEMICAL	1231	1241	cilostazol
12181427	T20	GENE-Y	330	335	PDE3A
12181427	T21	GENE-Y	386	391	PDE4B
12181427	T22	GENE-Y	213	217	PDE3
12181427	T23	GENE-Y	674	678	PDE3
12181427	T24	GENE-N	754	759	Y751A
12181427	T25	GENE-N	761	766	D950A
12181427	T26	GENE-N	772	778	F1004A
12181427	T27	GENE-Y	867	872	PDE3A
12181427	T28	GENE-Y	1031	1036	PDE3A
12181427	T29	GENE-N	1064	1069	T844A
12181427	T2	CHEMICAL	1246	1255	milrinone
12181427	T30	GENE-N	1071	1076	F972A
12181427	T31	GENE-N	1081	1086	Q975A
12181427	T32	GENE-Y	57	82	phosphodiesterase type 3A
12181427	T3	CHEMICAL	181	191	amino acid
12181427	T4	CHEMICAL	1643	1653	cilostazol
12181427	T5	CHEMICAL	438	445	alanine
12181427	T6	CHEMICAL	625	634	milrinone
12181427	T7	CHEMICAL	639	649	cilostazol
12181427	T8	CHEMICAL	806	815	milrinone
12181427	T9	CHEMICAL	942	952	cilostazol
12217700	T10	CHEMICAL	1964	1967	PLP
12217700	T11	CHEMICAL	1968	1980	5' phosphate
12217700	T12	CHEMICAL	2092	2097	Glc1P
12217700	T13	CHEMICAL	288	307	glucose-1-phosphate
12217700	T14	CHEMICAL	309	314	Glc1P
12217700	T15	CHEMICAL	2458	2467	phosphate
12217700	T16	CHEMICAL	640	645	Glc1P
12217700	T17	CHEMICAL	676	681	Glc1P
12217700	T18	CHEMICAL	792	801	phosphate
12217700	T19	CHEMICAL	838	850	5'-phosphate
12217700	T1	CHEMICAL	1269	1279	6-hydroxyl
12217700	T20	CHEMICAL	874	893	pyridoxal phosphate
12217700	T21	CHEMICAL	895	898	PLP
12217700	T22	CHEMICAL	988	993	Glc1P
12217700	T23	GENE-Y	1201	1205	MalP
12217700	T24	GENE-Y	1547	1551	MalP
12217700	T25	GENE-Y	1684	1688	MalP
12217700	T26	GENE-Y	2087	2091	MalP
12217700	T27	GENE-N	101	127	maltodextrin phosphorylase
12217700	T28	GENE-Y	356	378	glycogen phosphorylase
12217700	T29	GENE-Y	380	382	GP
12217700	T2	CHEMICAL	1289	1294	Glc1P
12217700	T30	GENE-Y	385	389	MalP
12217700	T31	GENE-Y	483	485	GP
12217700	T32	GENE-Y	500	504	MalP
12217700	T33	GENE-N	129	133	MalP
12217700	T34	GENE-Y	635	639	MalP
12217700	T35	GENE-N	769	781	mammalian GP
12217700	T36	GENE-Y	924	928	MalP
12217700	T37	GENE-Y	1027	1029	GP
12217700	T38	GENE-Y	35	78	Escherichia coli maltodextrin phosphorylase
12217700	T3	CHEMICAL	1639	1652	maltotetraose
12217700	T4	CHEMICAL	1660	1673	maltopentaose
12217700	T5	CHEMICAL	240	248	glucosyl
12217700	T6	CHEMICAL	1689	1694	Glc1P
12217700	T7	CHEMICAL	1726	1735	phosphate
12217700	T8	CHEMICAL	1906	1911	Glc1P
12217700	T9	CHEMICAL	1921	1930	phosphate
12383039	T1	CHEMICAL	1162	1181	Fondaparinux sodium
12383039	T2	CHEMICAL	78	97	Fondaparinux sodium
12383039	T3	CHEMICAL	1507	1526	fondaparinux sodium
12383039	T4	CHEMICAL	1771	1790	fondaparinux sodium
12383039	T5	CHEMICAL	473	492	fondaparinux sodium
12383039	T6	CHEMICAL	24	43	fondaparinux sodium
12383039	T7	GENE-Y	204	220	antithrombin III
12383039	T8	GENE-Y	139	148	factor Xa
12409268	T10	CHEMICAL	172	182	isoleucine
12409268	T11	CHEMICAL	56	65	propionic
12409268	T12	GENE-N	1178	1183	Y439C
12409268	T13	GENE-N	1205	1217	IVS12-8T-->A
12409268	T14	GENE-N	1256	1261	T428I
12409268	T15	GENE-Y	1265	1269	PCCB
12409268	T16	GENE-N	1298	1303	T428I
12409268	T17	GENE-N	1447	1452	T428I
12409268	T18	GENE-N	1494	1499	T428I
12409268	T19	GENE-Y	1617	1621	PCCB
12409268	T1	CHEMICAL	184	193	threonine
12409268	T20	GENE-N	1630	1635	T428I
12409268	T21	GENE-Y	1707	1714	betaPCC
12409268	T22	GENE-N	396	421	propionyl-CoA carboxylase
12409268	T23	GENE-N	423	426	PCC
12409268	T24	GENE-Y	428	438	EC 6.4.1.3
12409268	T25	GENE-N	541	544	PCC
12409268	T26	GENE-Y	654	658	PCCA
12409268	T27	GENE-Y	679	683	PCCB
12409268	T28	GENE-N	928	931	PCC
12409268	T29	GENE-N	1014	1017	PCC
12409268	T2	CHEMICAL	199	205	valine
12409268	T30	GENE-Y	22	26	PCCB
12409268	T3	CHEMICAL	207	244	odd-numbered chain length fatty acids
12409268	T4	CHEMICAL	249	260	cholesterol
12409268	T5	CHEMICAL	396	409	propionyl-CoA
12409268	T6	CHEMICAL	443	449	biotin
12409268	T7	CHEMICAL	503	516	propionyl-CoA
12409268	T8	CHEMICAL	520	539	D-methylmalonyl-CoA
12409268	T9	CHEMICAL	160	170	methionine
12445705	T10	CHEMICAL	1579	1581	DA
12445705	T11	CHEMICAL	1603	1612	WAY100635
12445705	T12	CHEMICAL	1639	1649	quetiapine
12445705	T13	CHEMICAL	1669	1672	ACh
12445705	T14	CHEMICAL	1718	1729	iloperidone
12445705	T15	CHEMICAL	1744	1753	melperone
12445705	T16	CHEMICAL	1794	1804	quetiapine
12445705	T17	CHEMICAL	355	364	clozapine
12445705	T18	CHEMICAL	1806	1817	iloperidone
12445705	T19	CHEMICAL	1822	1831	melperone
12445705	T1	CHEMICAL	1203	1213	quetiapine
12445705	T20	CHEMICAL	1856	1858	DA
12445705	T21	CHEMICAL	366	376	olanzapine
12445705	T22	CHEMICAL	1986	1996	quetiapine
12445705	T23	CHEMICAL	2005	2008	ACh
12445705	T24	CHEMICAL	378	389	risperidone
12445705	T25	CHEMICAL	394	405	ziprasidone
12445705	T26	CHEMICAL	432	443	haloperidol
12445705	T27	CHEMICAL	459	468	clozapine
12445705	T28	CHEMICAL	473	484	ziprasidone
12445705	T29	CHEMICAL	524	533	WAY100635
12445705	T2	CHEMICAL	1274	1276	DA
12445705	T30	CHEMICAL	235	243	dopamine
12445705	T31	CHEMICAL	638	640	DA
12445705	T32	CHEMICAL	245	247	DA
12445705	T33	CHEMICAL	714	723	WAY100635
12445705	T34	CHEMICAL	743	752	clozapine
12445705	T35	CHEMICAL	770	773	ACh
12445705	T36	CHEMICAL	253	266	acetylcholine
12445705	T37	CHEMICAL	820	830	quetiapine
12445705	T38	CHEMICAL	832	843	iloperidone
12445705	T39	CHEMICAL	848	857	melperone
12445705	T3	CHEMICAL	1384	1387	ACh
12445705	T40	CHEMICAL	922	924	DA
12445705	T41	CHEMICAL	929	932	ACh
12445705	T42	CHEMICAL	268	271	ACh
12445705	T43	CHEMICAL	1001	1011	Quetiapine
12445705	T44	CHEMICAL	1024	1035	iloperidone
12445705	T45	CHEMICAL	1054	1063	melperone
12445705	T46	CHEMICAL	1087	1089	DA
12445705	T47	CHEMICAL	1094	1097	ACh
12445705	T48	CHEMICAL	1146	1157	Iloperidone
12445705	T49	CHEMICAL	1173	1182	melperone
12445705	T4	CHEMICAL	1408	1417	WAY100635
12445705	T50	CHEMICAL	107	120	acetylcholine
12445705	T51	CHEMICAL	30	40	quetiapine
12445705	T52	CHEMICAL	42	53	iloperidone
12445705	T53	CHEMICAL	59	68	melperone
12445705	T54	CHEMICAL	94	102	dopamine
12445705	T55	GENE-Y	1906	1914	5-HT(1A)
12445705	T56	GENE-Y	1943	1951	5-HT(1A)
12445705	T57	GENE-Y	505	513	5-HT(1A)
12445705	T58	GENE-Y	547	555	5-HT(1A)
12445705	T59	GENE-Y	677	685	5-HT(2A)
12445705	T5	CHEMICAL	1458	1460	DA
12445705	T60	GENE-Y	690	694	D(2)
12445705	T61	GENE-Y	859	867	5-HT(2A)
12445705	T62	GENE-Y	868	872	D(2)
12445705	T63	GENE-Y	983	991	5-HT(1A)
12445705	T64	GENE-Y	170	176	5-HT1A
12445705	T6	CHEMICAL	1464	1467	ACh
12445705	T7	CHEMICAL	1498	1508	quetiapine
12445705	T8	CHEMICAL	1522	1533	iloperidone
12445705	T9	CHEMICAL	1550	1559	melperone
12545144	T10	CHEMICAL	695	705	retigabine
12545144	T11	CHEMICAL	737	746	AWD21-360
12545144	T12	CHEMICAL	833	843	retigabine
12545144	T13	CHEMICAL	142	151	potassium
12545144	T14	CHEMICAL	45	55	retigabine
12545144	T15	GENE-N	171	178	KCNQ2/3
12545144	T16	GENE-N	183	190	KCNQ3/5
12545144	T17	GENE-N	132	159	M-current potassium channel
12545144	T1	CHEMICAL	1075	1084	AWD21-360
12545144	T2	CHEMICAL	1134	1144	retigabine
12545144	T3	CHEMICAL	1367	1377	retigabine
12545144	T4	CHEMICAL	201	211	Retigabine
12545144	T5	CHEMICAL	1752	1762	retigabine
12545144	T6	CHEMICAL	243	244	N
12545144	T7	CHEMICAL	403	413	retigabine
12545144	T8	CHEMICAL	98	108	retigabine
12545144	T9	CHEMICAL	589	599	retigabine
12588370	T10	GENE-Y	1766	1771	COX-2
12588370	T11	GENE-Y	153	169	cyclooxygenase-2
12588370	T12	GENE-Y	413	418	COX-2
12588370	T13	GENE-Y	481	486	COX-2
12588370	T14	GENE-Y	171	176	COX-2
12588370	T15	GENE-Y	655	660	COX-2
12588370	T16	GENE-N	733	736	COX
12588370	T17	GENE-Y	777	782	COX-2
12588370	T18	GENE-Y	915	920	COX-2
12588370	T19	GENE-Y	1047	1052	COX-2
12588370	T1	CHEMICAL	1345	1358	dexamethasone
12588370	T20	GENE-N	1069	1072	COX
12588370	T21	GENE-Y	10	26	cyclooxygenase-2
12588370	T2	CHEMICAL	1620	1633	dexamethasone
12588370	T3	CHEMICAL	430	439	celecoxib
12588370	T4	CHEMICAL	748	758	diclofenac
12588370	T5	GENE-Y	1188	1193	COX-2
12588370	T6	GENE-Y	1213	1218	COX-2
12588370	T7	GENE-N	1237	1240	COX
12588370	T8	GENE-Y	1454	1459	COX-2
12588370	T9	GENE-N	1478	1481	COX
12623106	T10	CHEMICAL	378	392	norepinephrine
12623106	T11	CHEMICAL	555	560	(11)C
12623106	T12	CHEMICAL	118	193	(R,R) and (S,S) enantiomers of 2-[(2-methoxyphenoxy)phenylmethyl]morpholine
12623106	T13	CHEMICAL	195	200	MeNER
12623106	T14	CHEMICAL	1096	1115	(S,S)-[(11)C]-MeNER
12623106	T15	CHEMICAL	86	100	norepinephrine
12623106	T16	GENE-Y	1517	1520	NET
12623106	T17	GENE-Y	1607	1610	NET
12623106	T18	GENE-Y	378	404	norepinephrine transporter
12623106	T19	GENE-Y	406	409	NET
12623106	T1	CHEMICAL	1138	1152	norepinephrine
12623106	T20	GENE-Y	464	467	NET
12623106	T21	GENE-Y	926	929	NET
12623106	T22	GENE-Y	1003	1006	NET
12623106	T23	GENE-Y	86	112	norepinephrine transporter
12623106	T2	CHEMICAL	1174	1184	reboxetine
12623106	T3	CHEMICAL	1188	1199	desipramine
12623106	T4	CHEMICAL	1284	1292	dopamine
12623106	T5	CHEMICAL	231	240	carbon-11
12623106	T6	CHEMICAL	1297	1306	serotonin
12623106	T7	CHEMICAL	1402	1421	(S,S)-[(11)C]-MeNER
12623106	T8	CHEMICAL	1522	1541	(S,S)-[(11)C]-MeNER
12623106	T9	CHEMICAL	328	338	reboxetine
12657913	T10	CHEMICAL	1872	1883	haloperidol
12657913	T11	CHEMICAL	338	349	haloperidol
12657913	T12	CHEMICAL	362	373	haloperidol
12657913	T13	CHEMICAL	428	439	haloperidol
12657913	T14	CHEMICAL	475	487	Promethazine
12657913	T15	CHEMICAL	518	536	homochlorcyclizine
12657913	T16	CHEMICAL	210	222	promethazine
12657913	T17	CHEMICAL	669	681	promethazine
12657913	T18	CHEMICAL	685	703	homochlorcyclizine
12657913	T19	CHEMICAL	227	245	homochlorcyclizine
12657913	T1	CHEMICAL	1234	1245	haloperidol
12657913	T20	CHEMICAL	913	924	haloperidol
12657913	T21	CHEMICAL	937	948	haloperidol
12657913	T22	CHEMICAL	956	968	promethazine
12657913	T23	CHEMICAL	0	9	Histamine
12657913	T24	CHEMICAL	123	134	haloperidol
12657913	T25	CHEMICAL	147	158	haloperidol
12657913	T26	CHEMICAL	35	47	promethazine
12657913	T27	CHEMICAL	52	70	homochlorcyclizine
12657913	T28	GENE-Y	279	285	CYP2D6
12657913	T29	GENE-Y	175	196	histamine H1-receptor
12657913	T2	CHEMICAL	1258	1269	haloperidol
12657913	T30	GENE-Y	1817	1823	CYP2D6
12657913	T31	GENE-Y	0	21	Histamine H1-receptor
12657913	T3	CHEMICAL	1277	1295	homochlorcyclizine
12657913	T4	CHEMICAL	175	184	histamine
12657913	T5	CHEMICAL	1690	1702	promethazine
12657913	T6	CHEMICAL	1707	1725	homochlorcyclizine
12657913	T7	CHEMICAL	1747	1758	haloperidol
12657913	T8	CHEMICAL	1771	1782	haloperidol
12657913	T9	CHEMICAL	1848	1859	haloperidol
12679340	T10	CHEMICAL	990	993	Asn
12679340	T11	CHEMICAL	999	1002	Asn
12679340	T12	CHEMICAL	1008	1011	Cys
12679340	T13	CHEMICAL	1021	1024	Glu
12679340	T14	CHEMICAL	1062	1071	ornithine
12679340	T15	CHEMICAL	1125	1131	lysine
12679340	T16	CHEMICAL	1166	1169	Lys
12679340	T17	CHEMICAL	1175	1178	Lys
12679340	T18	CHEMICAL	1184	1187	Lys
12679340	T19	CHEMICAL	1197	1200	Lys
12679340	T1	CHEMICAL	1276	1285	ornithine
12679340	T20	CHEMICAL	95	104	ornithine
12679340	T21	GENE-Y	1266	1272	OTCase
12679340	T22	GENE-Y	1293	1301	arginase
12679340	T23	GENE-Y	353	359	OTCase
12679340	T24	GENE-Y	381	389	arginase
12679340	T25	GENE-Y	242	272	ornithine carbamoyltransferase
12679340	T26	GENE-Y	763	771	arginase
12679340	T27	GENE-Y	840	851	epiarginase
12679340	T28	GENE-Y	923	929	OTCase
12679340	T29	GENE-Y	274	280	OTCase
12679340	T2	CHEMICAL	1377	1386	ornithine
12679340	T30	GENE-Y	286	294	arginase
12679340	T31	GENE-Y	1106	1114	arginase
12679340	T32	GENE-Y	0	17	Yeast epiarginase
12679340	T33	GENE-Y	130	138	arginase
12679340	T34	GENE-Y	95	125	ornithine carbamoyltransferase
12679340	T3	CHEMICAL	218	227	ornithine
12679340	T4	CHEMICAL	232	240	arginine
12679340	T5	CHEMICAL	242	251	ornithine
12679340	T6	CHEMICAL	777	786	cysteines
12679340	T7	CHEMICAL	794	795	C
12679340	T8	CHEMICAL	953	962	ornithine
12679340	T9	CHEMICAL	981	984	Asp
12692940	T10	CHEMICAL	1092	1097	CysLT
12692940	T11	CHEMICAL	24	45	cysteinyl leukotriene
12692940	T12	CHEMICAL	58	76	pranlukast hydrate
12692940	T13	GENE-Y	720	724	IL-4
12692940	T14	GENE-Y	730	739	TNF-alpha
12692940	T15	GENE-Y	819	823	IL-5
12692940	T1	CHEMICAL	403	408	CysLT
12692940	T2	CHEMICAL	182	203	cysteinyl leukotriene
12692940	T3	CHEMICAL	503	521	Pranlukast hydrate
12692940	T4	CHEMICAL	525	530	CysLT
12692940	T5	CHEMICAL	615	619	LTD4
12692940	T6	CHEMICAL	640	650	pranlukast
12692940	T7	CHEMICAL	205	210	CysLT
12692940	T8	CHEMICAL	791	801	pranlukast
12692940	T9	CHEMICAL	906	916	pranlukast
12699389	T10	GENE-N	109	139	ATP-dependent drug efflux pump
12699389	T11	GENE-Y	584	603	cytochrome P450 3A4
12699389	T12	GENE-Y	605	611	CYP3A4
12699389	T13	GENE-N	156	160	P-gp
12699389	T14	GENE-N	757	763	ATPase
12699389	T15	GENE-N	1006	1010	P-gp
12699389	T16	GENE-N	1045	1049	P-gp
12699389	T17	GENE-N	23	37	P-glycoprotein
12699389	T1	CHEMICAL	109	112	ATP
12699389	T2	CHEMICAL	637	643	silico
12699389	T3	CHEMICAL	704	717	rhodamine-123
12699389	T4	CHEMICAL	721	731	calcein AM
12699389	T5	GENE-N	1140	1144	P-gp
12699389	T6	GENE-N	220	224	P-gp
12699389	T7	GENE-N	367	371	P-gp
12699389	T8	GENE-N	140	154	P-glycoprotein
12699389	T9	GENE-N	476	480	P-gp
12783542	T10	CHEMICAL	475	479	5TFI
12783542	T11	CHEMICAL	103	147	d,l-2-amino-3-trifluoromethyl pentanoic acid
12783542	T12	CHEMICAL	623	633	Amino acid
12783542	T13	CHEMICAL	684	694	isoleucine
12783542	T14	CHEMICAL	721	725	5TFI
12783542	T15	CHEMICAL	768	772	5TFI
12783542	T16	CHEMICAL	788	797	isoleucyl
12783542	T17	CHEMICAL	896	906	isoleucine
12783542	T18	CHEMICAL	908	912	5TFI
12783542	T19	CHEMICAL	149	153	3TFI
12783542	T1	CHEMICAL	162	213	d,l-2-amino-5,5,5-trifluoro-3-methyl pentanoic acid
12783542	T20	CHEMICAL	1003	1013	isoleucine
12783542	T21	CHEMICAL	17	36	trifluoroisoleucine
12783542	T22	GENE-Y	1176	1181	mIL-2
12783542	T23	GENE-N	1276	1285	cytokines
12783542	T24	GENE-Y	1484	1489	IleRS
12783542	T25	GENE-Y	290	320	murine dihydrofolate reductase
12783542	T26	GENE-Y	322	327	mDHFR
12783542	T27	GENE-Y	780	813	E. coli isoleucyl-tRNA synthetase
12783542	T28	GENE-Y	815	820	IleRS
12783542	T29	GENE-N	950	958	cytokine
12783542	T2	CHEMICAL	1372	1376	3TFI
12783542	T30	GENE-Y	959	979	murine interleukin-2
12783542	T31	GENE-Y	981	986	mIL-2
12783542	T3	CHEMICAL	215	219	5TFI
12783542	T4	CHEMICAL	239	243	5TFI
12783542	T5	CHEMICAL	297	310	dihydrofolate
12783542	T6	CHEMICAL	336	346	isoleucine
12783542	T7	CHEMICAL	91	101	isoleucine
12783542	T8	CHEMICAL	401	405	5TFI
12783542	T9	CHEMICAL	446	456	isoleucine
1280065	T10	GENE-Y	1236	1255	alpha 2-antiplasmin
1280065	T11	GENE-Y	1272	1279	plasmin
1280065	T12	GENE-Y	1283	1288	gp330
1280065	T13	GENE-Y	1382	1387	gp330
1280065	T14	GENE-Y	1419	1430	plasminogen
1280065	T15	GENE-Y	1435	1442	plasmin
1280065	T16	GENE-Y	1446	1451	gp330
1280065	T17	GENE-Y	1519	1526	plasmin
1280065	T18	GENE-Y	1530	1535	gp330
1280065	T19	GENE-Y	1570	1581	plasminogen
1280065	T1	CHEMICAL	1455	1466	benzamidine
1280065	T20	GENE-Y	1585	1590	gp330
1280065	T21	GENE-Y	1635	1646	plasminogen
1280065	T22	GENE-Y	1650	1655	gp330
1280065	T23	GENE-Y	1711	1718	plasmin
1280065	T24	GENE-Y	1812	1819	plasmin
1280065	T25	GENE-Y	359	370	plasminogen
1280065	T26	GENE-Y	444	455	plasminogen
1280065	T27	GENE-Y	495	506	plasminogen
1280065	T28	GENE-Y	156	185	Heymann nephritis autoantigen
1280065	T29	GENE-Y	519	524	gp330
1280065	T2	CHEMICAL	1489	1493	EACA
1280065	T30	GENE-Y	568	575	plasmin
1280065	T31	GENE-Y	579	588	urokinase
1280065	T32	GENE-Y	609	620	plasminogen
1280065	T33	GENE-Y	624	631	plasmin
1280065	T34	GENE-Y	663	674	plasminogen
1280065	T35	GENE-Y	696	701	gp330
1280065	T36	GENE-Y	764	773	urokinase
1280065	T37	GENE-Y	187	192	gp330
1280065	T38	GENE-Y	809	814	gp330
1280065	T39	GENE-Y	877	884	plasmin
1280065	T3	CHEMICAL	292	298	lysine
1280065	T40	GENE-Y	902	907	gp330
1280065	T41	GENE-Y	998	1005	plasmin
1280065	T42	GENE-Y	1009	1014	gp330
1280065	T43	GENE-Y	1077	1082	gp330
1280065	T44	GENE-Y	1116	1123	plasmin
1280065	T45	GENE-Y	112	117	gp330
1280065	T46	GENE-Y	12	19	plasmin
1280065	T47	GENE-Y	32	41	urokinase
1280065	T48	GENE-Y	56	67	plasminogen
1280065	T49	GENE-Y	81	110	Heymann nephritis autoantigen
1280065	T4	CHEMICAL	308	334	epsilon-amino caproic acid
1280065	T5	CHEMICAL	336	340	EACA
1280065	T6	CHEMICAL	400	406	lysine
1280065	T7	GENE-Y	1165	1170	gp330
1280065	T8	GENE-Y	1172	1179	plasmin
1280065	T9	GENE-Y	227	238	plasminogen
12818701	T10	CHEMICAL	1708	1716	BMY-7378
12818701	T11	CHEMICAL	1718	1726	L-765314
12818701	T12	CHEMICAL	500	514	norepinephrine
12818701	T13	CHEMICAL	518	531	pentobarbital
12818701	T14	CHEMICAL	718	730	phentolamine
12818701	T15	CHEMICAL	749	765	phenoxybenzamine
