23318726	CPR:2	N 	REGULATOR	Arg1:T19	Arg2:T34
23318726	CPR:3	Y 	ACTIVATOR	Arg1:T4	Arg2:T26
23318726	CPR:3	Y 	INDIRECT-UPREGULATOR	Arg1:T14	Arg2:T27
23318726	CPR:3	Y 	INDIRECT-UPREGULATOR	Arg1:T14	Arg2:T28
23318726	CPR:3	Y 	INDIRECT-UPREGULATOR	Arg1:T18	Arg2:T21
23318726	CPR:3	Y 	INDIRECT-UPREGULATOR	Arg1:T18	Arg2:T22
23318726	CPR:3	Y 	INDIRECT-UPREGULATOR	Arg1:T18	Arg2:T31
23318726	CPR:3	Y 	INDIRECT-UPREGULATOR	Arg1:T18	Arg2:T32
23318726	CPR:3	Y 	INDIRECT-UPREGULATOR	Arg1:T3	Arg2:T25
23318726	CPR:3	Y 	UPREGULATOR	Arg1:T14	Arg2:T29
23322769	CPR:3	Y 	INDIRECT-UPREGULATOR	Arg1:T2	Arg2:T14
23322769	CPR:3	Y 	INDIRECT-UPREGULATOR	Arg1:T2	Arg2:T15
23322769	CPR:4	Y 	INHIBITOR	Arg1:T2	Arg2:T12
23322769	CPR:4	Y 	INHIBITOR	Arg1:T2	Arg2:T13
23325562	CPR:1	N 	PART-OF	Arg1:T14	Arg2:T39
23325562	CPR:2	N 	INDIRECT-REGULATOR	Arg1:T1	Arg2:T19
23325562	CPR:2	N 	INDIRECT-REGULATOR	Arg1:T2	Arg2:T19
23325562	CPR:2	N 	INDIRECT-REGULATOR	Arg1:T4	Arg2:T23
23325562	CPR:2	N 	INDIRECT-REGULATOR	Arg1:T5	Arg2:T23
23325562	CPR:3	Y 	ACTIVATOR	Arg1:T13	Arg2:T37
23325562	CPR:3	Y 	ACTIVATOR	Arg1:T13	Arg2:T38
23325562	CPR:3	Y 	ACTIVATOR	Arg1:T13	Arg2:T39
23325562	CPR:3	Y 	ACTIVATOR	Arg1:T16	Arg2:T43
23325562	CPR:3	Y 	ACTIVATOR	Arg1:T16	Arg2:T44
23325562	CPR:3	Y 	ACTIVATOR	Arg1:T5	Arg2:T21
23325562	CPR:3	Y 	ACTIVATOR	Arg1:T5	Arg2:T22
23325562	CPR:3	Y 	ACTIVATOR	Arg1:T6	Arg2:T25
23325562	CPR:3	Y 	ACTIVATOR	Arg1:T6	Arg2:T26
23325562	CPR:3	Y 	INDIRECT-UPREGULATOR	Arg1:T3	Arg2:T19
23325562	CPR:3	Y 	INDIRECT-UPREGULATOR	Arg1:T3	Arg2:T20
23325562	CPR:3	Y 	INDIRECT-UPREGULATOR	Arg1:T4	Arg2:T24
23325562	CPR:3	Y 	INDIRECT-UPREGULATOR	Arg1:T5	Arg2:T24
23325562	CPR:4	Y 	INDIRECT-DOWNREGULATOR	Arg1:T1	Arg2:T20
23325562	CPR:4	Y 	INDIRECT-DOWNREGULATOR	Arg1:T2	Arg2:T20
23325562	CPR:4	Y 	INDIRECT-DOWNREGULATOR	Arg1:T5	Arg2:T24
23325562	CPR:4	Y 	INHIBITOR	Arg1:T15	Arg2:T40
23325562	CPR:4	Y 	INHIBITOR	Arg1:T15	Arg2:T41
23325562	CPR:4	Y 	INHIBITOR	Arg1:T1	Arg2:T42
23325562	CPR:4	Y 	INHIBITOR	Arg1:T2	Arg2:T18
23325562	CPR:4	Y 	INHIBITOR	Arg1:T4	Arg2:T21
23325562	CPR:4	Y 	INHIBITOR	Arg1:T4	Arg2:T22
23327877	CPR:2	N 	REGULATOR	Arg1:T10	Arg2:T25
23327877	CPR:2	N 	REGULATOR	Arg1:T10	Arg2:T26
23327877	CPR:2	N 	REGULATOR	Arg1:T7	Arg2:T24
23327877	CPR:2	N 	REGULATOR	Arg1:T8	Arg2:T24
23327877	CPR:2	N 	REGULATOR	Arg1:T9	Arg2:T24
23327877	CPR:9	Y 	SUBSTRATE	Arg1:T11	Arg2:T27
23327877	CPR:9	Y 	SUBSTRATE	Arg1:T11	Arg2:T28
23327877	CPR:9	Y 	SUBSTRATE	Arg1:T12	Arg2:T27
23327877	CPR:9	Y 	SUBSTRATE	Arg1:T12	Arg2:T28
23327877	CPR:9	Y 	SUBSTRATE	Arg1:T13	Arg2:T27
23327877	CPR:9	Y 	SUBSTRATE	Arg1:T13	Arg2:T28
23327877	CPR:9	Y 	SUBSTRATE	Arg1:T14	Arg2:T27
23327877	CPR:9	Y 	SUBSTRATE	Arg1:T14	Arg2:T28
23327877	CPR:9	Y 	SUBSTRATE	Arg1:T15	Arg2:T19
23327877	CPR:9	Y 	SUBSTRATE	Arg1:T15	Arg2:T30
23327877	CPR:9	Y 	SUBSTRATE	Arg1:T16	Arg2:T31
23327877	CPR:9	Y 	SUBSTRATE	Arg1:T16	Arg2:T32
23327877	CPR:9	Y 	SUBSTRATE	Arg1:T17	Arg2:T31
23327877	CPR:9	Y 	SUBSTRATE	Arg1:T17	Arg2:T32
23327877	CPR:9	Y 	SUBSTRATE	Arg1:T1	Arg2:T20
23327877	CPR:9	Y 	SUBSTRATE	Arg1:T2	Arg2:T20
23327877	CPR:9	Y 	SUBSTRATE	Arg1:T4	Arg2:T21
23327993	CPR:2	N 	REGULATOR	Arg1:T4	Arg2:T15
23327993	CPR:2	N 	REGULATOR	Arg1:T4	Arg2:T16
23327993	CPR:2	N 	REGULATOR	Arg1:T8	Arg2:T36
23327993	CPR:2	N 	REGULATOR	Arg1:T8	Arg2:T37
23327993	CPR:3	Y 	ACTIVATOR	Arg1:T8	Arg2:T32
23327993	CPR:3	Y 	ACTIVATOR	Arg1:T8	Arg2:T33
23327993	CPR:3	Y 	ACTIVATOR	Arg1:T8	Arg2:T34
23327993	CPR:3	Y 	ACTIVATOR	Arg1:T8	Arg2:T35
23327993	CPR:4	Y 	INHIBITOR	Arg1:T5	Arg2:T31
23327993	CPR:4	Y 	INHIBITOR	Arg1:T6	Arg2:T31
23330542	CPR:6	Y 	ANTAGONIST	Arg1:T1	Arg2:T6
23330542	CPR:6	Y 	ANTAGONIST	Arg1:T1	Arg2:T7
23330542	CPR:6	Y 	ANTAGONIST	Arg1:T1	Arg2:T8
23333261	CPR:2	N 	REGULATOR	Arg1:T4	Arg2:T19
23333261	CPR:2	N 	REGULATOR	Arg1:T4	Arg2:T20
23333261	CPR:3	Y 	INDIRECT-UPREGULATOR	Arg1:T1	Arg2:T6
23333261	CPR:3	Y 	INDIRECT-UPREGULATOR	Arg1:T1	Arg2:T7
23333261	CPR:3	Y 	INDIRECT-UPREGULATOR	Arg1:T3	Arg2:T16
23333577	CPR:3	Y 	UPREGULATOR	Arg1:T5	Arg2:T30
23333577	CPR:3	Y 	UPREGULATOR	Arg1:T5	Arg2:T31
23333577	CPR:3	Y 	UPREGULATOR	Arg1:T5	Arg2:T32
23333577	CPR:3	Y 	UPREGULATOR	Arg1:T5	Arg2:T33
23333577	CPR:4	Y 	DOWNREGULATOR	Arg1:T5	Arg2:T21
23333577	CPR:4	Y 	DOWNREGULATOR	Arg1:T5	Arg2:T22
23333577	CPR:4	Y 	DOWNREGULATOR	Arg1:T5	Arg2:T23
23333577	CPR:4	Y 	DOWNREGULATOR	Arg1:T5	Arg2:T24
23333577	CPR:4	Y 	DOWNREGULATOR	Arg1:T5	Arg2:T25
23333577	CPR:4	Y 	DOWNREGULATOR	Arg1:T5	Arg2:T26
23333577	CPR:4	Y 	DOWNREGULATOR	Arg1:T5	Arg2:T27
23333577	CPR:4	Y 	DOWNREGULATOR	Arg1:T5	Arg2:T28
23333577	CPR:4	Y 	DOWNREGULATOR	Arg1:T5	Arg2:T29
23333577	CPR:4	Y 	DOWNREGULATOR	Arg1:T9	Arg2:T44
23333577	CPR:4	Y 	DOWNREGULATOR	Arg1:T9	Arg2:T45
23333577	CPR:4	Y 	DOWNREGULATOR	Arg1:T9	Arg2:T46
23333577	CPR:4	Y 	DOWNREGULATOR	Arg1:T9	Arg2:T47
23333577	CPR:4	Y 	INDIRECT-DOWNREGULATOR	Arg1:T6	Arg2:T34
23333577	CPR:4	Y 	INDIRECT-DOWNREGULATOR	Arg1:T6	Arg2:T35
23333577	CPR:4	Y 	INDIRECT-DOWNREGULATOR	Arg1:T6	Arg2:T36
23333577	CPR:4	Y 	INDIRECT-DOWNREGULATOR	Arg1:T6	Arg2:T37
23333577	CPR:4	Y 	INDIRECT-DOWNREGULATOR	Arg1:T6	Arg2:T38
23333577	CPR:4	Y 	INDIRECT-DOWNREGULATOR	Arg1:T6	Arg2:T39
23333577	CPR:4	Y 	INDIRECT-DOWNREGULATOR	Arg1:T6	Arg2:T40
23333577	CPR:4	Y 	INDIRECT-DOWNREGULATOR	Arg1:T6	Arg2:T41
23333577	CPR:4	Y 	INDIRECT-DOWNREGULATOR	Arg1:T6	Arg2:T42
23333577	CPR:4	Y 	INDIRECT-DOWNREGULATOR	Arg1:T6	Arg2:T43
23333577	CPR:4	Y 	INDIRECT-DOWNREGULATOR	Arg1:T8	Arg2:T10
23333577	CPR:4	Y 	INDIRECT-DOWNREGULATOR	Arg1:T8	Arg2:T11
23333577	CPR:4	Y 	INDIRECT-DOWNREGULATOR	Arg1:T8	Arg2:T12
23333577	CPR:4	Y 	INDIRECT-DOWNREGULATOR	Arg1:T8	Arg2:T13
23333577	CPR:4	Y 	INDIRECT-DOWNREGULATOR	Arg1:T8	Arg2:T14
23333577	CPR:4	Y 	INDIRECT-DOWNREGULATOR	Arg1:T8	Arg2:T15
23333577	CPR:4	Y 	INDIRECT-DOWNREGULATOR	Arg1:T8	Arg2:T16
23333577	CPR:4	Y 	INDIRECT-DOWNREGULATOR	Arg1:T8	Arg2:T17
23333577	CPR:4	Y 	INDIRECT-DOWNREGULATOR	Arg1:T8	Arg2:T18
23333577	CPR:4	Y 	INDIRECT-DOWNREGULATOR	Arg1:T8	Arg2:T19
23333577	CPR:4	Y 	INDIRECT-DOWNREGULATOR	Arg1:T8	Arg2:T20
23333901	CPR:2	N 	REGULATOR	Arg1:T1	Arg2:T14
23333901	CPR:2	N 	REGULATOR	Arg1:T1	Arg2:T15
23333901	CPR:2	N 	REGULATOR	Arg1:T4	Arg2:T14
23333901	CPR:2	N 	REGULATOR	Arg1:T4	Arg2:T15
23333901	CPR:2	N 	REGULATOR	Arg1:T5	Arg2:T14
23333901	CPR:2	N 	REGULATOR	Arg1:T5	Arg2:T15
23337256	CPR:2	N 	REGULATOR	Arg1:T6	Arg2:T14
23337256	CPR:2	N 	REGULATOR	Arg1:T6	Arg2:T15
23337256	CPR:2	N 	REGULATOR	Arg1:T6	Arg2:T16
23337256	CPR:2	N 	REGULATOR	Arg1:T6	Arg2:T17
23337256	CPR:6	Y 	ANTAGONIST	Arg1:T8	Arg2:T20
23337256	CPR:6	Y 	ANTAGONIST	Arg1:T8	Arg2:T21
23339625	CPR:3	Y 	ACTIVATOR	Arg1:T10	Arg2:T21
23339625	CPR:3	Y 	ACTIVATOR	Arg1:T11	Arg2:T21
23339625	CPR:3	Y 	ACTIVATOR	Arg1:T12	Arg2:T23
23339625	CPR:3	Y 	ACTIVATOR	Arg1:T1	Arg2:T15
23339625	CPR:3	Y 	ACTIVATOR	Arg1:T1	Arg2:T16
23339625	CPR:3	Y 	ACTIVATOR	Arg1:T1	Arg2:T17
23339625	CPR:3	Y 	ACTIVATOR	Arg1:T2	Arg2:T15
23339625	CPR:3	Y 	ACTIVATOR	Arg1:T2	Arg2:T16
23339625	CPR:3	Y 	ACTIVATOR	Arg1:T2	Arg2:T17
23339625	CPR:3	Y 	ACTIVATOR	Arg1:T3	Arg2:T17
23339625	CPR:3	Y 	ACTIVATOR	Arg1:T4	Arg2:T17
23339625	CPR:3	Y 	ACTIVATOR	Arg1:T8	Arg2:T20
23339625	CPR:3	Y 	ACTIVATOR	Arg1:T9	Arg2:T20
23339625	CPR:9	Y 	SUBSTRATE	Arg1:T1	Arg2:T17
23339625	CPR:9	Y 	SUBSTRATE	Arg1:T2	Arg2:T17
23339625	CPR:9	Y 	SUBSTRATE	Arg1:T3	Arg2:T15
23339625	CPR:9	Y 	SUBSTRATE	Arg1:T3	Arg2:T16
23339625	CPR:9	Y 	SUBSTRATE	Arg1:T3	Arg2:T17
23339625	CPR:9	Y 	SUBSTRATE	Arg1:T4	Arg2:T16
23339625	CPR:9	Y 	SUBSTRATE	Arg1:T4	Arg2:T17
23344961	CPR:2	N 	REGULATOR	Arg1:T1	Arg2:T20
23344961	CPR:2	N 	REGULATOR	Arg1:T1	Arg2:T27
23344961	CPR:2	N 	REGULATOR	Arg1:T3	Arg2:T20
23344961	CPR:2	N 	REGULATOR	Arg1:T3	Arg2:T27
23344961	CPR:2	N 	REGULATOR	Arg1:T5	Arg2:T21
23344961	CPR:2	N 	REGULATOR	Arg1:T5	Arg2:T22
23344961	CPR:3	Y 	INDIRECT-UPREGULATOR	Arg1:T2	Arg2:T19
23344961	CPR:4	Y 	INDIRECT-DOWNREGULATOR	Arg1:T10	Arg2:T28
23344961	CPR:4	Y 	INDIRECT-DOWNREGULATOR	Arg1:T10	Arg2:T29
23344961	CPR:4	Y 	INDIRECT-DOWNREGULATOR	Arg1:T10	Arg2:T30
23344961	CPR:4	Y 	INDIRECT-DOWNREGULATOR	Arg1:T2	Arg2:T18
23344961	CPR:4	Y 	INHIBITOR	Arg1:T7	Arg2:T24
23344961	CPR:4	Y 	INHIBITOR	Arg1:T7	Arg2:T25
23344974	CPR:1	N 	PART-OF	Arg1:T1	Arg2:T2
23344974	CPR:1	N 	PART-OF	Arg1:T1	Arg2:T3
23347038	CPR:1	N 	PART-OF	Arg1:T10	Arg2:T16
23347038	CPR:1	N 	PART-OF	Arg1:T10	Arg2:T18
23347038	CPR:1	N 	PART-OF	Arg1:T6	Arg2:T16
23347038	CPR:1	N 	PART-OF	Arg1:T6	Arg2:T18
23347038	CPR:2	N 	DIRECT-REGULATOR	Arg1:T11	Arg2:T21
23347038	CPR:2	N 	DIRECT-REGULATOR	Arg1:T13	Arg2:T22
23347038	CPR:2	N 	DIRECT-REGULATOR	Arg1:T2	Arg2:T14
23348500	CPR:1	N 	PART-OF	Arg1:T8	Arg2:T27
23348500	CPR:1	N 	PART-OF	Arg1:T9	Arg2:T27
23348500	CPR:2	N 	DIRECT-REGULATOR	Arg1:T10	Arg2:T29
23348500	CPR:2	N 	DIRECT-REGULATOR	Arg1:T11	Arg2:T29
23348500	CPR:2	N 	DIRECT-REGULATOR	Arg1:T1	Arg2:T17
23348500	CPR:2	N 	REGULATOR	Arg1:T3	Arg2:T19
23348500	CPR:2	N 	REGULATOR	Arg1:T3	Arg2:T20
23348500	CPR:2	N 	REGULATOR	Arg1:T4	Arg2:T19
23348500	CPR:3	Y 	ACTIVATOR	Arg1:T1	Arg2:T18
23348500	CPR:7	N 	MODULATOR-ACTIVATOR	Arg1:T10	Arg2:T28
23348500	CPR:7	N 	MODULATOR-ACTIVATOR	Arg1:T11	Arg2:T28
23348500	CPR:7	N 	MODULATOR-ACTIVATOR	Arg1:T12	Arg2:T30
23348500	CPR:7	N 	MODULATOR-ACTIVATOR	Arg1:T13	Arg2:T30
23348500	CPR:7	N 	MODULATOR-ACTIVATOR	Arg1:T14	Arg2:T30
23348500	CPR:7	N 	MODULATOR-ACTIVATOR	Arg1:T2	Arg2:T17
23349501	CPR:3	Y 	INDIRECT-UPREGULATOR	Arg1:T19	Arg2:T22
23349501	CPR:3	Y 	INDIRECT-UPREGULATOR	Arg1:T1	Arg2:T24
23349501	CPR:3	Y 	INDIRECT-UPREGULATOR	Arg1:T1	Arg2:T25
23349501	CPR:3	Y 	INDIRECT-UPREGULATOR	Arg1:T20	Arg2:T22
23349501	CPR:4	Y 	INDIRECT-DOWNREGULATOR	Arg1:T1	Arg2:T23
23350847	CPR:4	Y 	INHIBITOR	Arg1:T1	Arg2:T4
23350847	CPR:4	Y 	INHIBITOR	Arg1:T2	Arg2:T5
23354070	CPR:10	N 	NOT	Arg1:T5	Arg2:T11
23354070	CPR:4	Y 	INHIBITOR	Arg1:T2	Arg2:T10
23354070	CPR:4	Y 	INHIBITOR	Arg1:T3	Arg2:T10
23354070	CPR:4	Y 	INHIBITOR	Arg1:T4	Arg2:T11
23354070	CPR:4	Y 	INHIBITOR	Arg1:T6	Arg2:T13
23354070	CPR:7	N 	MODULATOR	Arg1:T7	Arg2:T14
23357629	CPR:2	N 	DIRECT-REGULATOR	Arg1:T10	Arg2:T20
23357629	CPR:2	N 	DIRECT-REGULATOR	Arg1:T11	Arg2:T20
23357629	CPR:2	N 	DIRECT-REGULATOR	Arg1:T12	Arg2:T20
23357976	CPR:2	N 	REGULATOR	Arg1:T2	Arg2:T14
23357976	CPR:9	Y 	SUBSTRATE_PRODUCT-OF	Arg1:T7	Arg2:T11
23357976	CPR:9	Y 	SUBSTRATE_PRODUCT-OF	Arg1:T7	Arg2:T17
23357976	CPR:9	Y 	SUBSTRATE_PRODUCT-OF	Arg1:T9	Arg2:T11
23357976	CPR:9	Y 	SUBSTRATE_PRODUCT-OF	Arg1:T9	Arg2:T17
23358194	CPR:2	N 	REGULATOR	Arg1:T3	Arg2:T11
23358194	CPR:2	N 	REGULATOR	Arg1:T3	Arg2:T12
23358258	CPR:4	Y 	INHIBITOR	Arg1:T1	Arg2:T7
23358258	CPR:4	Y 	INHIBITOR	Arg1:T1	Arg2:T8
23358258	CPR:4	Y 	INHIBITOR	Arg1:T5	Arg2:T7
23358258	CPR:4	Y 	INHIBITOR	Arg1:T5	Arg2:T8
23360412	CPR:4	Y 	INHIBITOR	Arg1:T19	Arg2:T27
23362262	CPR:3	Y 	ACTIVATOR	Arg1:T3	Arg2:T49
23362262	CPR:4	Y 	INHIBITOR	Arg1:T2	Arg2:T43
23374869	CPR:4	Y 	INHIBITOR	Arg1:T10	Arg2:T26
23374869	CPR:4	Y 	INHIBITOR	Arg1:T10	Arg2:T27
23374869	CPR:4	Y 	INHIBITOR	Arg1:T11	Arg2:T26
23374869	CPR:4	Y 	INHIBITOR	Arg1:T11	Arg2:T27
23374869	CPR:4	Y 	INHIBITOR	Arg1:T12	Arg2:T31
23374869	CPR:4	Y 	INHIBITOR	Arg1:T22	Arg2:T25
23374869	CPR:4	Y 	INHIBITOR	Arg1:T24	Arg2:T32
23374869	CPR:4	Y 	INHIBITOR	Arg1:T4	Arg2:T28
23374869	CPR:4	Y 	INHIBITOR	Arg1:T5	Arg2:T28
23375228	CPR:6	Y 	ANTAGONIST	Arg1:T1	Arg2:T5
23375228	CPR:6	Y 	ANTAGONIST	Arg1:T1	Arg2:T6
23375813	CPR:4	Y 	INHIBITOR	Arg1:T3	Arg2:T7
23375813	CPR:4	Y 	INHIBITOR	Arg1:T5	Arg2:T7
23375813	CPR:4	Y 	INHIBITOR	Arg1:T6	Arg2:T10
23376140	CPR:1	N 	PART-OF	Arg1:T5	Arg2:T21
23376140	CPR:1	N 	PART-OF	Arg1:T7	Arg2:T24
23376140	CPR:2	N 	REGULATOR	Arg1:T8	Arg2:T25
23376140	CPR:3	Y 	ACTIVATOR	Arg1:T3	Arg2:T17
23376140	CPR:3	Y 	ACTIVATOR	Arg1:T9	Arg2:T27
23376140	CPR:3	Y 	INDIRECT-UPREGULATOR	Arg1:T9	Arg2:T28
23376140	CPR:4	Y 	DOWNREGULATOR	Arg1:T9	Arg2:T26
23376161	CPR:10	N 	NOT	Arg1:T9	Arg2:T25
23376161	CPR:4	Y 	INDIRECT-DOWNREGULATOR	Arg1:T10	Arg2:T13
23376161	CPR:4	Y 	INDIRECT-DOWNREGULATOR	Arg1:T10	Arg2:T27
23376161	CPR:4	Y 	INDIRECT-DOWNREGULATOR	Arg1:T7	Arg2:T16
23376161	CPR:4	Y 	INDIRECT-DOWNREGULATOR	Arg1:T7	Arg2:T17
23376161	CPR:4	Y 	INDIRECT-DOWNREGULATOR	Arg1:T7	Arg2:T18
23376161	CPR:4	Y 	INDIRECT-DOWNREGULATOR	Arg1:T7	Arg2:T19
23376161	CPR:4	Y 	INDIRECT-DOWNREGULATOR	Arg1:T7	Arg2:T20
23376161	CPR:4	Y 	INDIRECT-DOWNREGULATOR	Arg1:T7	Arg2:T21
23376161	CPR:4	Y 	INDIRECT-DOWNREGULATOR	Arg1:T7	Arg2:T22
23376161	CPR:4	Y 	INDIRECT-DOWNREGULATOR	Arg1:T7	Arg2:T23
23376161	CPR:4	Y 	INDIRECT-DOWNREGULATOR	Arg1:T9	Arg2:T24
23376161	CPR:4	Y 	INHIBITOR	Arg1:T10	Arg2:T26
23376161	CPR:4	Y 	INHIBITOR	Arg1:T2	Arg2:T14
23376161	CPR:4	Y 	INHIBITOR	Arg1:T4	Arg2:T15
23381968	CPR:2	N 	INDIRECT-REGULATOR	Arg1:T11	Arg2:T19
23381968	CPR:2	N 	INDIRECT-REGULATOR	Arg1:T2	Arg2:T17
23381968	CPR:2	N 	REGULATOR	Arg1:T1	Arg2:T15
23381968	CPR:2	N 	REGULATOR	Arg1:T1	Arg2:T16
23381968	CPR:4	Y 	INHIBITOR	Arg1:T7	Arg2:T17
23381968	CPR:4	Y 	INHIBITOR	Arg1:T7	Arg2:T18
23381968	CPR:4	Y 	INHIBITOR	Arg1:T7	Arg2:T20
23381968	CPR:4	Y 	INHIBITOR	Arg1:T8	Arg2:T18
23381968	CPR:4	Y 	INHIBITOR	Arg1:T8	Arg2:T20
23383423	CPR:1	N 	PART-OF	Arg1:T1	Arg2:T2
23384446	CPR:4	Y 	INHIBITOR	Arg1:T21	Arg2:T39
23384446	CPR:4	Y 	INHIBITOR	Arg1:T22	Arg2:T39
23384446	CPR:4	Y 	INHIBITOR	Arg1:T2	Arg2:T35
23384446	CPR:5	Y 	AGONIST	Arg1:T19	Arg2:T38
23384446	CPR:5	Y 	AGONIST	Arg1:T20	Arg2:T38
23384446	CPR:9	Y 	PRODUCT-OF	Arg1:T11	Arg2:T36
23386390	CPR:2	N 	INDIRECT-REGULATOR	Arg1:T1	Arg2:T10
23386390	CPR:2	N 	INDIRECT-REGULATOR	Arg1:T1	Arg2:T24
23386390	CPR:3	Y 	INDIRECT-UPREGULATOR	Arg1:T8	Arg2:T21
23386390	CPR:3	Y 	INDIRECT-UPREGULATOR	Arg1:T8	Arg2:T22
23386390	CPR:4	Y 	INHIBITOR	Arg1:T9	Arg2:T25
23386702	CPR:10	N 	NOT	Arg1:T10	Arg2:T40
23386702	CPR:10	N 	NOT	Arg1:T11	Arg2:T40
23386702	CPR:10	N 	NOT	Arg1:T12	Arg2:T40
23386702	CPR:10	N 	NOT	Arg1:T13	Arg2:T40
23386702	CPR:10	N 	NOT	Arg1:T15	Arg2:T41
23386702	CPR:10	N 	NOT	Arg1:T16	Arg2:T41
23386702	CPR:10	N 	NOT	Arg1:T17	Arg2:T42
23386702	CPR:10	N 	NOT	Arg1:T18	Arg2:T43
23386702	CPR:10	N 	NOT	Arg1:T18	Arg2:T44
23386702	CPR:10	N 	NOT	Arg1:T9	Arg2:T40
23386702	CPR:4	Y 	INHIBITOR	Arg1:T10	Arg2:T38
23386702	CPR:4	Y 	INHIBITOR	Arg1:T11	Arg2:T38
23386702	CPR:4	Y 	INHIBITOR	Arg1:T12	Arg2:T38
23386702	CPR:4	Y 	INHIBITOR	Arg1:T13	Arg2:T38
23386702	CPR:4	Y 	INHIBITOR	Arg1:T19	Arg2:T45
23386702	CPR:4	Y 	INHIBITOR	Arg1:T26	Arg2:T48
23386702	CPR:4	Y 	INHIBITOR	Arg1:T26	Arg2:T49
23386702	CPR:4	Y 	INHIBITOR	Arg1:T26	Arg2:T50
23386702	CPR:4	Y 	INHIBITOR	Arg1:T36	Arg2:T53
23386702	CPR:4	Y 	INHIBITOR	Arg1:T9	Arg2:T38
23386702	CPR:9	Y 	PRODUCT-OF	Arg1:T1	Arg2:T37
23386702	CPR:9	Y 	PRODUCT-OF	Arg1:T22	Arg2:T39
23386702	CPR:9	Y 	PRODUCT-OF	Arg1:T22	Arg2:T46
23386702	CPR:9	Y 	PRODUCT-OF	Arg1:T23	Arg2:T39
23386702	CPR:9	Y 	PRODUCT-OF	Arg1:T30	Arg2:T37
23386702	CPR:9	Y 	PRODUCT-OF	Arg1:T5	Arg2:T37
23386702	CPR:9	Y 	PRODUCT-OF	Arg1:T8	Arg2:T37
23386702	CPR:9	Y 	SUBSTRATE	Arg1:T20	Arg2:T39
23386702	CPR:9	Y 	SUBSTRATE	Arg1:T20	Arg2:T46
23386702	CPR:9	Y 	SUBSTRATE	Arg1:T21	Arg2:T37
23386702	CPR:9	Y 	SUBSTRATE	Arg1:T24	Arg2:T37
23386702	CPR:9	Y 	SUBSTRATE	Arg1:T26	Arg2:T48
23386702	CPR:9	Y 	SUBSTRATE	Arg1:T26	Arg2:T49
23386702	CPR:9	Y 	SUBSTRATE	Arg1:T26	Arg2:T50
23386702	CPR:9	Y 	SUBSTRATE	Arg1:T27	Arg2:T37
23386702	CPR:9	Y 	SUBSTRATE	Arg1:T28	Arg2:T51
23386702	CPR:9	Y 	SUBSTRATE	Arg1:T28	Arg2:T52
23391485	CPR:3	Y 	INDIRECT-UPREGULATOR	Arg1:T10	Arg2:T12
23391485	CPR:3	Y 	INDIRECT-UPREGULATOR	Arg1:T10	Arg2:T13
23391485	CPR:4	Y 	INDIRECT-DOWNREGULATOR	Arg1:T1	Arg2:T14
23393216	CPR:2	N 	INDIRECT-REGULATOR	Arg1:T4	Arg2:T15
23393216	CPR:2	N 	INDIRECT-REGULATOR	Arg1:T4	Arg2:T16
23393220	CPR:4	Y 	DOWNREGULATOR	Arg1:T5	Arg2:T38
23393220	CPR:4	Y 	INHIBITOR	Arg1:T10	Arg2:T39
23393220	CPR:4	Y 	INHIBITOR	Arg1:T10	Arg2:T40
23393220	CPR:4	Y 	INHIBITOR	Arg1:T10	Arg2:T41
23393220	CPR:4	Y 	INHIBITOR	Arg1:T18	Arg2:T43
23393220	CPR:4	Y 	INHIBITOR	Arg1:T18	Arg2:T44
23393220	CPR:4	Y 	INHIBITOR	Arg1:T28	Arg2:T46
23393220	CPR:4	Y 	INHIBITOR	Arg1:T34	Arg2:T50
23393220	CPR:4	Y 	INHIBITOR	Arg1:T5	Arg2:T37
23393220	CPR:4	Y 	INHIBITOR	Arg1:T9	Arg2:T39
23393220	CPR:4	Y 	INHIBITOR	Arg1:T9	Arg2:T40
23393220	CPR:4	Y 	INHIBITOR	Arg1:T9	Arg2:T41
23393220	CPR:9	Y 	PRODUCT-OF	Arg1:T6	Arg2:T38
23393220	CPR:9	Y 	SUBSTRATE	Arg1:T11	Arg2:T39
23393220	CPR:9	Y 	SUBSTRATE	Arg1:T11	Arg2:T40
23393220	CPR:9	Y 	SUBSTRATE	Arg1:T11	Arg2:T41
23393220	CPR:9	Y 	SUBSTRATE	Arg1:T6	Arg2:T37
23393220	CPR:9	Y 	SUBSTRATE	Arg1:T8	Arg2:T39
23393220	CPR:9	Y 	SUBSTRATE	Arg1:T8	Arg2:T40
23393220	CPR:9	Y 	SUBSTRATE	Arg1:T8	Arg2:T41
23395981	CPR:2	N 	INDIRECT-REGULATOR	Arg1:T2	Arg2:T12
23395981	CPR:2	N 	INDIRECT-REGULATOR	Arg1:T2	Arg2:T13
23395981	CPR:2	N 	INDIRECT-REGULATOR	Arg1:T2	Arg2:T14
23395981	CPR:2	N 	INDIRECT-REGULATOR	Arg1:T9	Arg2:T23
23395981	CPR:2	N 	INDIRECT-REGULATOR	Arg1:T9	Arg2:T24
23395981	CPR:4	Y 	DOWNREGULATOR	Arg1:T6	Arg2:T15
23395981	CPR:4	Y 	DOWNREGULATOR	Arg1:T6	Arg2:T16
23395981	CPR:4	Y 	DOWNREGULATOR	Arg1:T6	Arg2:T17
23395981	CPR:4	Y 	DOWNREGULATOR	Arg1:T6	Arg2:T18
23395981	CPR:4	Y 	DOWNREGULATOR	Arg1:T6	Arg2:T19
23395981	CPR:4	Y 	DOWNREGULATOR	Arg1:T6	Arg2:T20
23395981	CPR:4	Y 	DOWNREGULATOR	Arg1:T6	Arg2:T21
23395981	CPR:4	Y 	DOWNREGULATOR	Arg1:T6	Arg2:T22
23397055	CPR:10	N 	NOT	Arg1:T12	Arg2:T29
23397055	CPR:2	N 	REGULATOR	Arg1:T12	Arg2:T30
23397055	CPR:2	N 	REGULATOR	Arg1:T16	Arg2:T36
23397055	CPR:5	Y 	AGONIST	Arg1:T11	Arg2:T28
23397055	CPR:5	Y 	AGONIST	Arg1:T1	Arg2:T27
23397055	CPR:5	Y 	AGONIST	Arg1:T23	Arg2:T27
23397055	CPR:5	Y 	AGONIST	Arg1:T24	Arg2:T27
23397055	CPR:5	Y 	AGONIST	Arg1:T9	Arg2:T28
23402364	CPR:4	Y 	INHIBITOR	Arg1:T2	Arg2:T37
23402841	CPR:3	Y 	INDIRECT-UPREGULATOR	Arg1:T1	Arg2:T17
23402841	CPR:3	Y 	INDIRECT-UPREGULATOR	Arg1:T1	Arg2:T29
23403203	CPR:2	N 	INDIRECT-REGULATOR	Arg1:T15	Arg2:T27
23403203	CPR:2	N 	INDIRECT-REGULATOR	Arg1:T16	Arg2:T27
23403203	CPR:2	N 	REGULATOR	Arg1:T17	Arg2:T28
23403203	CPR:2	N 	REGULATOR	Arg1:T17	Arg2:T29
23403203	CPR:2	N 	REGULATOR	Arg1:T8	Arg2:T22
23403203	CPR:3	Y 	ACTIVATOR	Arg1:T8	Arg2:T23
23403203	CPR:3	Y 	INDIRECT-UPREGULATOR	Arg1:T6	Arg2:T19
23403203	CPR:4	Y 	INDIRECT-DOWNREGULATOR	Arg1:T12	Arg2:T24
23403203	CPR:4	Y 	INDIRECT-DOWNREGULATOR	Arg1:T3	Arg2:T19
23403203	CPR:4	Y 	INDIRECT-DOWNREGULATOR	Arg1:T7	Arg2:T21
23406315	CPR:1	N 	PART-OF	Arg1:T1	Arg2:T13
23406315	CPR:1	N 	PART-OF	Arg1:T2	Arg2:T13
23406315	CPR:1	N 	PART-OF	Arg1:T8	Arg2:T16
23406315	CPR:1	N 	PART-OF	Arg1:T9	Arg2:T16
23409763	CPR:2	N 	REGULATOR	Arg1:T1	Arg2:T5
23409763	CPR:2	N 	REGULATOR	Arg1:T2	Arg2:T9
23410005	CPR:4	Y 	INHIBITOR	Arg1:T1	Arg2:T7
23410005	CPR:4	Y 	INHIBITOR	Arg1:T1	Arg2:T8
23410005	CPR:4	Y 	INHIBITOR	Arg1:T2	Arg2:T7
23410005	CPR:4	Y 	INHIBITOR	Arg1:T2	Arg2:T8
23410005	CPR:4	Y 	INHIBITOR	Arg1:T3	Arg2:T12
23410005	CPR:4	Y 	INHIBITOR	Arg1:T3	Arg2:T13
23410005	CPR:4	Y 	INHIBITOR	Arg1:T4	Arg2:T14
23410798	CPR:4	Y 	INHIBITOR	Arg1:T14	Arg2:T19
23410798	CPR:4	Y 	INHIBITOR	Arg1:T7	Arg2:T15
23411172	CPR:10	N 	NOT	Arg1:T2	Arg2:T13
23411172	CPR:3	Y 	INDIRECT-UPREGULATOR	Arg1:T4	Arg2:T21
23411172	CPR:3	Y 	INDIRECT-UPREGULATOR	Arg1:T4	Arg2:T22
23411172	CPR:4	Y 	DOWNREGULATOR	Arg1:T6	Arg2:T24
23411172	CPR:4	Y 	INDIRECT-DOWNREGULATOR	Arg1:T2	Arg2:T10
23411246	CPR:9	Y 	SUBSTRATE	Arg1:T6	Arg2:T23
23411246	CPR:9	Y 	SUBSTRATE	Arg1:T6	Arg2:T24
23411246	CPR:9	Y 	SUBSTRATE	Arg1:T6	Arg2:T25
23411246	CPR:9	Y 	SUBSTRATE	Arg1:T6	Arg2:T26
23411272	CPR:3	Y 	UPREGULATOR	Arg1:T2	Arg2:T10
23414235	CPR:4	Y 	INHIBITOR	Arg1:T2	Arg2:T5
23414235	CPR:4	Y 	INHIBITOR	Arg1:T3	Arg2:T16
23414340	CPR:4	Y 	INHIBITOR	Arg1:T17	Arg2:T48
23414340	CPR:4	Y 	INHIBITOR	Arg1:T17	Arg2:T49
23414340	CPR:4	Y 	INHIBITOR	Arg1:T18	Arg2:T48
23414340	CPR:4	Y 	INHIBITOR	Arg1:T18	Arg2:T49
23414340	CPR:4	Y 	INHIBITOR	Arg1:T9	Arg2:T47
23414340	CPR:9	Y 	SUBSTRATE	Arg1:T31	Arg2:T52
23414340	CPR:9	Y 	SUBSTRATE	Arg1:T31	Arg2:T54
23414802	CPR:4	Y 	INHIBITOR	Arg1:T1	Arg2:T7
23414802	CPR:4	Y 	INHIBITOR	Arg1:T1	Arg2:T8
23414802	CPR:4	Y 	INHIBITOR	Arg1:T4	Arg2:T12
23415228	CPR:2	N 	REGULATOR	Arg1:T2	Arg2:T7
23416143	CPR:3	Y 	ACTIVATOR	Arg1:T16	Arg2:T18
23416143	CPR:3	Y 	ACTIVATOR	Arg1:T16	Arg2:T19
23416143	CPR:3	Y 	ACTIVATOR	Arg1:T16	Arg2:T20
23416143	CPR:3	Y 	INDIRECT-UPREGULATOR	Arg1:T10	Arg2:T23
23416143	CPR:3	Y 	INDIRECT-UPREGULATOR	Arg1:T10	Arg2:T24
23418087	CPR:2	N 	REGULATOR	Arg1:T12	Arg2:T29
23418087	CPR:3	Y 	INDIRECT-UPREGULATOR	Arg1:T6	Arg2:T28
23418087	CPR:3	Y 	INDIRECT-UPREGULATOR	Arg1:T8	Arg2:T28
23418087	CPR:4	Y 	INDIRECT-DOWNREGULATOR	Arg1:T9	Arg2:T28
23418087	CPR:9	Y 	SUBSTRATE	Arg1:T21	Arg2:T25
23418087	CPR:9	Y 	SUBSTRATE	Arg1:T21	Arg2:T26
23418087	CPR:9	Y 	SUBSTRATE	Arg1:T21	Arg2:T27
23418087	CPR:9	Y 	SUBSTRATE	Arg1:T21	Arg2:T30
23418087	CPR:9	Y 	SUBSTRATE	Arg1:T21	Arg2:T31
23418087	CPR:9	Y 	SUBSTRATE	Arg1:T21	Arg2:T32
23418087	CPR:9	Y 	SUBSTRATE	Arg1:T21	Arg2:T33
23418674	CPR:5	Y 	AGONIST-ACTIVATOR	Arg1:T2	Arg2:T10
23418674	CPR:5	Y 	AGONIST-ACTIVATOR	Arg1:T3	Arg2:T10
23418674	CPR:5	Y 	AGONIST-ACTIVATOR	Arg1:T4	Arg2:T10
23418674	CPR:5	Y 	AGONIST	Arg1:T4	Arg2:T12
23419638	CPR:10	N 	NOT	Arg1:T3	Arg2:T24
23419638	CPR:10	N 	NOT	Arg1:T3	Arg2:T25
23419638	CPR:2	N 	DIRECT-REGULATOR	Arg1:T20	Arg2:T39
23419638	CPR:2	N 	DIRECT-REGULATOR	Arg1:T4	Arg2:T27
23419638	CPR:2	N 	INDIRECT-REGULATOR	Arg1:T4	Arg2:T28
23419638	CPR:2	N 	REGULATOR	Arg1:T11	Arg2:T26
23419638	CPR:2	N 	REGULATOR	Arg1:T11	Arg2:T30
23419638	CPR:2	N 	REGULATOR	Arg1:T11	Arg2:T31
23419638	CPR:2	N 	REGULATOR	Arg1:T13	Arg2:T26
23419638	CPR:2	N 	REGULATOR	Arg1:T13	Arg2:T30
23419638	CPR:2	N 	REGULATOR	Arg1:T13	Arg2:T31
23419638	CPR:2	N 	REGULATOR	Arg1:T16	Arg2:T26
23419638	CPR:2	N 	REGULATOR	Arg1:T16	Arg2:T30
23419638	CPR:2	N 	REGULATOR	Arg1:T16	Arg2:T31
23419638	CPR:2	N 	REGULATOR	Arg1:T18	Arg2:T26
23419638	CPR:2	N 	REGULATOR	Arg1:T18	Arg2:T30
23419638	CPR:2	N 	REGULATOR	Arg1:T18	Arg2:T31
23419638	CPR:2	N 	REGULATOR	Arg1:T19	Arg2:T26
23419638	CPR:2	N 	REGULATOR	Arg1:T19	Arg2:T30
23419638	CPR:2	N 	REGULATOR	Arg1:T19	Arg2:T31
23419638	CPR:2	N 	REGULATOR	Arg1:T21	Arg2:T26
23419638	CPR:2	N 	REGULATOR	Arg1:T21	Arg2:T30
23419638	CPR:2	N 	REGULATOR	Arg1:T21	Arg2:T31
23419638	CPR:2	N 	REGULATOR	Arg1:T22	Arg2:T41
23419638	CPR:2	N 	REGULATOR	Arg1:T8	Arg2:T26
23419638	CPR:2	N 	REGULATOR	Arg1:T8	Arg2:T30
23419638	CPR:2	N 	REGULATOR	Arg1:T8	Arg2:T31
23419638	CPR:3	Y 	ACTIVATOR	Arg1:T12	Arg2:T34
23419638	CPR:3	Y 	ACTIVATOR	Arg1:T14	Arg2:T34
23419638	CPR:3	Y 	ACTIVATOR	Arg1:T22	Arg2:T40
23419638	CPR:3	Y 	ACTIVATOR	Arg1:T4	Arg2:T27
23419638	CPR:3	Y 	INDIRECT-UPREGULATOR	Arg1:T10	Arg2:T33
23419638	CPR:3	Y 	INDIRECT-UPREGULATOR	Arg1:T12	Arg2:T33
23419638	CPR:3	Y 	INDIRECT-UPREGULATOR	Arg1:T15	Arg2:T35
23419638	CPR:3	Y 	INDIRECT-UPREGULATOR	Arg1:T15	Arg2:T36
23419638	CPR:3	Y 	INDIRECT-UPREGULATOR	Arg1:T9	Arg2:T32
23419638	CPR:3	Y 	UPREGULATOR	Arg1:T14	Arg2:T33
23419638	CPR:3	Y 	UPREGULATOR	Arg1:T15	Arg2:T37
23419638	CPR:3	Y 	UPREGULATOR	Arg1:T15	Arg2:T38
23419638	CPR:3	Y 	UPREGULATOR	Arg1:T17	Arg2:T35
23419638	CPR:3	Y 	UPREGULATOR	Arg1:T17	Arg2:T36
23419638	CPR:3	Y 	UPREGULATOR	Arg1:T17	Arg2:T37
23419638	CPR:3	Y 	UPREGULATOR	Arg1:T17	Arg2:T38
23419638	CPR:4	Y 	INHIBITOR	Arg1:T1	Arg2:T23
23419638	CPR:4	Y 	INHIBITOR	Arg1:T2	Arg2:T23
23419638	CPR:4	Y 	INHIBITOR	Arg1:T6	Arg2:T29
23419638	CPR:4	Y 	INHIBITOR	Arg1:T7	Arg2:T29
23419783	CPR:2	N 	INDIRECT-REGULATOR	Arg1:T5	Arg2:T14
23419783	CPR:2	N 	INDIRECT-REGULATOR	Arg1:T6	Arg2:T15
23422569	CPR:2	N 	INDIRECT-REGULATOR	Arg1:T21	Arg2:T49
23422569	CPR:2	N 	REGULATOR	Arg1:T3	Arg2:T24
23422569	CPR:3	Y 	ACTIVATOR	Arg1:T4	Arg2:T31
23422569	CPR:3	Y 	ACTIVATOR	Arg1:T5	Arg2:T35
23422569	CPR:4	Y 	DOWNREGULATOR	Arg1:T3	Arg2:T25
23422569	CPR:4	Y 	DOWNREGULATOR	Arg1:T3	Arg2:T26
23422569	CPR:4	Y 	DOWNREGULATOR	Arg1:T3	Arg2:T27
23422569	CPR:4	Y 	INDIRECT-DOWNREGULATOR	Arg1:T3	Arg2:T25
23422569	CPR:4	Y 	INDIRECT-DOWNREGULATOR	Arg1:T3	Arg2:T26
23422569	CPR:4	Y 	INDIRECT-DOWNREGULATOR	Arg1:T3	Arg2:T27
23422569	CPR:4	Y 	INHIBITOR	Arg1:T14	Arg2:T47
23422569	CPR:4	Y 	INHIBITOR	Arg1:T15	Arg2:T47
23422569	CPR:4	Y 	INHIBITOR	Arg1:T16	Arg2:T47
23422569	CPR:4	Y 	INHIBITOR	Arg1:T21	Arg2:T50
23422569	CPR:4	Y 	INHIBITOR	Arg1:T6	Arg2:T35
23422569	CPR:9	Y 	PRODUCT-OF	Arg1:T12	Arg2:T45
23422569	CPR:9	Y 	PRODUCT-OF	Arg1:T1	Arg2:T24
23422872	CPR:4	Y 	INHIBITOR	Arg1:T1	Arg2:T3
23423570	CPR:2	N 	REGULATOR	Arg1:T3	Arg2:T10
23423570	CPR:2	N 	REGULATOR	Arg1:T3	Arg2:T11
23423570	CPR:2	N 	REGULATOR	Arg1:T3	Arg2:T8
23423570	CPR:2	N 	REGULATOR	Arg1:T3	Arg2:T9
23423570	CPR:3	Y 	INDIRECT-UPREGULATOR	Arg1:T2	Arg2:T6
23423570	CPR:3	Y 	INDIRECT-UPREGULATOR	Arg1:T3	Arg2:T7
23423570	CPR:3	Y 	INDIRECT-UPREGULATOR	Arg1:T5	Arg2:T18
23423713	CPR:2	N 	INDIRECT-REGULATOR	Arg1:T12	Arg2:T31
23423713	CPR:2	N 	INDIRECT-REGULATOR	Arg1:T12	Arg2:T32
23423713	CPR:2	N 	INDIRECT-REGULATOR	Arg1:T12	Arg2:T33
23423713	CPR:2	N 	INDIRECT-REGULATOR	Arg1:T16	Arg2:T38
23423713	CPR:2	N 	INDIRECT-REGULATOR	Arg1:T18	Arg2:T38
23423713	CPR:2	N 	REGULATOR	Arg1:T23	Arg2:T40
23423713	CPR:2	N 	REGULATOR	Arg1:T23	Arg2:T41
23423713	CPR:2	N 	REGULATOR	Arg1:T6	Arg2:T29
23423713	CPR:3	Y 	ACTIVATOR	Arg1:T14	Arg2:T34
23423713	CPR:3	Y 	ACTIVATOR	Arg1:T14	Arg2:T35
23423713	CPR:3	Y 	ACTIVATOR	Arg1:T14	Arg2:T36
23423713	CPR:3	Y 	INDIRECT-UPREGULATOR	Arg1:T13	Arg2:T34
23423713	CPR:3	Y 	INDIRECT-UPREGULATOR	Arg1:T13	Arg2:T35
23423713	CPR:3	Y 	INDIRECT-UPREGULATOR	Arg1:T13	Arg2:T36
23423713	CPR:3	Y 	INDIRECT-UPREGULATOR	Arg1:T15	Arg2:T34
23423713	CPR:3	Y 	INDIRECT-UPREGULATOR	Arg1:T15	Arg2:T35
23423713	CPR:3	Y 	INDIRECT-UPREGULATOR	Arg1:T15	Arg2:T36
23423713	CPR:3	Y 	INDIRECT-UPREGULATOR	Arg1:T17	Arg2:T34
23423713	CPR:3	Y 	INDIRECT-UPREGULATOR	Arg1:T17	Arg2:T35
23423713	CPR:3	Y 	INDIRECT-UPREGULATOR	Arg1:T17	Arg2:T36
23423713	CPR:3	Y 	INDIRECT-UPREGULATOR	Arg1:T1	Arg2:T24
23423713	CPR:3	Y 	INDIRECT-UPREGULATOR	Arg1:T1	Arg2:T25
23423713	CPR:3	Y 	INDIRECT-UPREGULATOR	Arg1:T20	Arg2:T37
23423713	CPR:3	Y 	INDIRECT-UPREGULATOR	Arg1:T22	Arg2:T39
23423713	CPR:3	Y 	INDIRECT-UPREGULATOR	Arg1:T2	Arg2:T27
23423713	CPR:3	Y 	UPREGULATOR	Arg1:T14	Arg2:T34
23423713	CPR:3	Y 	UPREGULATOR	Arg1:T14	Arg2:T35
23423713	CPR:3	Y 	UPREGULATOR	Arg1:T14	Arg2:T36
23423713	CPR:4	Y 	INDIRECT-DOWNREGULATOR	Arg1:T19	Arg2:T37
23423713	CPR:4	Y 	INDIRECT-DOWNREGULATOR	Arg1:T21	Arg2:T39
23429912	CPR:10	N 	NOT	Arg1:T1	Arg2:T16
23429912	CPR:10	N 	NOT	Arg1:T1	Arg2:T17
23429912	CPR:4	Y 	DOWNREGULATOR	Arg1:T2	Arg2:T20
23429912	CPR:4	Y 	DOWNREGULATOR	Arg1:T2	Arg2:T21
23429912	CPR:4	Y 	DOWNREGULATOR	Arg1:T2	Arg2:T22
23429912	CPR:4	Y 	DOWNREGULATOR	Arg1:T2	Arg2:T23
23429912	CPR:4	Y 	INDIRECT-DOWNREGULATOR	Arg1:T11	Arg2:T13
23429912	CPR:4	Y 	INDIRECT-DOWNREGULATOR	Arg1:T11	Arg2:T14
23429912	CPR:4	Y 	INDIRECT-DOWNREGULATOR	Arg1:T11	Arg2:T32
23429912	CPR:4	Y 	INDIRECT-DOWNREGULATOR	Arg1:T11	Arg2:T33
23429912	CPR:4	Y 	INDIRECT-DOWNREGULATOR	Arg1:T11	Arg2:T34
23429912	CPR:4	Y 	INDIRECT-DOWNREGULATOR	Arg1:T11	Arg2:T36
23429912	CPR:4	Y 	INDIRECT-DOWNREGULATOR	Arg1:T11	Arg2:T37
23429912	CPR:4	Y 	INDIRECT-DOWNREGULATOR	Arg1:T11	Arg2:T38
23429912	CPR:4	Y 	INDIRECT-DOWNREGULATOR	Arg1:T12	Arg2:T40
23429912	CPR:4	Y 	INDIRECT-DOWNREGULATOR	Arg1:T2	Arg2:T19
23429912	CPR:4	Y 	INDIRECT-DOWNREGULATOR	Arg1:T4	Arg2:T26
23429912	CPR:4	Y 	INDIRECT-DOWNREGULATOR	Arg1:T5	Arg2:T28
23429912	CPR:4	Y 	INDIRECT-DOWNREGULATOR	Arg1:T8	Arg2:T30
23434931	CPR:2	N 	INDIRECT-REGULATOR	Arg1:T1	Arg2:T11
23434931	CPR:2	N 	INDIRECT-REGULATOR	Arg1:T1	Arg2:T12
23435367	CPR:2	N 	DIRECT-REGULATOR	Arg1:T5	Arg2:T21
23435367	CPR:3	Y 	INDIRECT-UPREGULATOR	Arg1:T5	Arg2:T19
23435367	CPR:3	Y 	INDIRECT-UPREGULATOR	Arg1:T7	Arg2:T24
23435367	CPR:9	Y 	PRODUCT-OF	Arg1:T1	Arg2:T10
23435367	CPR:9	Y 	PRODUCT-OF	Arg1:T1	Arg2:T11
23435367	CPR:9	Y 	PRODUCT-OF	Arg1:T1	Arg2:T9
23435367	CPR:9	Y 	PRODUCT-OF	Arg1:T2	Arg2:T10
23435367	CPR:9	Y 	PRODUCT-OF	Arg1:T2	Arg2:T11
23435367	CPR:9	Y 	PRODUCT-OF	Arg1:T2	Arg2:T9
23435367	CPR:9	Y 	PRODUCT-OF	Arg1:T8	Arg2:T24
23435910	CPR:2	N 	INDIRECT-REGULATOR	Arg1:T14	Arg2:T24
23435910	CPR:4	Y 	INDIRECT-DOWNREGULATOR	Arg1:T14	Arg2:T23
23435910	CPR:4	Y 	INDIRECT-DOWNREGULATOR	Arg1:T16	Arg2:T25
23435910	CPR:4	Y 	INDIRECT-DOWNREGULATOR	Arg1:T16	Arg2:T26
23435910	CPR:4	Y 	INDIRECT-DOWNREGULATOR	Arg1:T16	Arg2:T27
23435910	CPR:4	Y 	INDIRECT-DOWNREGULATOR	Arg1:T2	Arg2:T20
23435915	CPR:4	Y 	INDIRECT-DOWNREGULATOR	Arg1:T4	Arg2:T24
23435915	CPR:4	Y 	INDIRECT-DOWNREGULATOR	Arg1:T4	Arg2:T25
23435915	CPR:4	Y 	INDIRECT-DOWNREGULATOR	Arg1:T4	Arg2:T26
23435915	CPR:4	Y 	INDIRECT-DOWNREGULATOR	Arg1:T6	Arg2:T28
23435915	CPR:4	Y 	INHIBITOR	Arg1:T4	Arg2:T27
23435915	CPR:4	Y 	INHIBITOR	Arg1:T6	Arg2:T29
23439561	CPR:9	Y 	PRODUCT-OF	Arg1:T3	Arg2:T18
23439561	CPR:9	Y 	PRODUCT-OF	Arg1:T3	Arg2:T25
23439561	CPR:9	Y 	PRODUCT-OF	Arg1:T4	Arg2:T30
23439561	CPR:9	Y 	PRODUCT-OF	Arg1:T5	Arg2:T18
23439561	CPR:9	Y 	PRODUCT-OF	Arg1:T5	Arg2:T25
23439561	CPR:9	Y 	PRODUCT-OF	Arg1:T6	Arg2:T36
23439661	CPR:4	Y 	INHIBITOR	Arg1:T11	Arg2:T15
23439661	CPR:4	Y 	INHIBITOR	Arg1:T1	Arg2:T15
23439661	CPR:4	Y 	INHIBITOR	Arg1:T7	Arg2:T16
23444334	CPR:3	Y 	ACTIVATOR	Arg1:T4	Arg2:T14
23446230	CPR:4	Y 	INDIRECT-DOWNREGULATOR	Arg1:T8	Arg2:T27
23446230	CPR:4	Y 	INHIBITOR	Arg1:T1	Arg2:T12
23446230	CPR:4	Y 	INHIBITOR	Arg1:T8	Arg2:T26
23446230	CPR:9	Y 	PRODUCT-OF	Arg1:T2	Arg2:T10
23446230	CPR:9	Y 	PRODUCT-OF	Arg1:T2	Arg2:T17
23446230	CPR:9	Y 	PRODUCT-OF	Arg1:T4	Arg2:T16
23446230	CPR:9	Y 	PRODUCT-OF	Arg1:T7	Arg2:T10
23446230	CPR:9	Y 	PRODUCT-OF	Arg1:T7	Arg2:T17
23446230	CPR:9	Y 	SUBSTRATE	Arg1:T5	Arg2:T10
23446230	CPR:9	Y 	SUBSTRATE	Arg1:T5	Arg2:T17
23453039	CPR:2	N 	DIRECT-REGULATOR	Arg1:T7	Arg2:T10
23453039	CPR:2	N 	DIRECT-REGULATOR	Arg1:T7	Arg2:T15
23453039	CPR:2	N 	DIRECT-REGULATOR	Arg1:T7	Arg2:T22
23453039	CPR:4	Y 	INDIRECT-DOWNREGULATOR	Arg1:T8	Arg2:T28
23453071	CPR:4	Y 	INHIBITOR	Arg1:T2	Arg2:T10
23453071	CPR:4	Y 	INHIBITOR	Arg1:T2	Arg2:T13
23453071	CPR:4	Y 	INHIBITOR	Arg1:T4	Arg2:T10
23453071	CPR:4	Y 	INHIBITOR	Arg1:T4	Arg2:T13
23453071	CPR:4	Y 	INHIBITOR	Arg1:T6	Arg2:T11
23453071	CPR:4	Y 	INHIBITOR	Arg1:T6	Arg2:T12
23453071	CPR:4	Y 	INHIBITOR	Arg1:T6	Arg2:T14
23453071	CPR:4	Y 	INHIBITOR	Arg1:T6	Arg2:T15
23453071	CPR:4	Y 	INHIBITOR	Arg1:T6	Arg2:T16
23454149	CPR:4	Y 	DOWNREGULATOR	Arg1:T13	Arg2:T23
23454149	CPR:4	Y 	DOWNREGULATOR	Arg1:T13	Arg2:T24
23454149	CPR:4	Y 	DOWNREGULATOR	Arg1:T1	Arg2:T14
23454149	CPR:4	Y 	DOWNREGULATOR	Arg1:T1	Arg2:T15
23454149	CPR:4	Y 	INDIRECT-DOWNREGULATOR	Arg1:T12	Arg2:T18
23454149	CPR:4	Y 	INDIRECT-DOWNREGULATOR	Arg1:T12	Arg2:T19
23454149	CPR:4	Y 	INDIRECT-DOWNREGULATOR	Arg1:T12	Arg2:T20
23454149	CPR:4	Y 	INDIRECT-DOWNREGULATOR	Arg1:T12	Arg2:T21
23454149	CPR:4	Y 	INHIBITOR	Arg1:T11	Arg2:T17
23454149	CPR:4	Y 	INHIBITOR	Arg1:T13	Arg2:T22
23454149	CPR:4	Y 	INHIBITOR	Arg1:T1	Arg2:T16
23454835	CPR:2	N 	REGULATOR	Arg1:T6	Arg2:T11
23455314	CPR:10	N 	NOT	Arg1:T11	Arg2:T22
23455314	CPR:10	N 	NOT	Arg1:T11	Arg2:T23
23455314	CPR:1	N 	PART-OF	Arg1:T12	Arg2:T22
23458730	CPR:10	N 	NOT	Arg1:T3	Arg2:T20
23458730	CPR:4	Y 	INHIBITOR	Arg1:T17	Arg2:T27
23458730	CPR:4	Y 	INHIBITOR	Arg1:T17	Arg2:T28
23458730	CPR:4	Y 	INHIBITOR	Arg1:T2	Arg2:T19
23458730	CPR:4	Y 	INHIBITOR	Arg1:T4	Arg2:T21
23458730	CPR:4	Y 	INHIBITOR	Arg1:T4	Arg2:T22
23458730	CPR:4	Y 	INHIBITOR	Arg1:T6	Arg2:T23
23458730	CPR:4	Y 	INHIBITOR	Arg1:T6	Arg2:T24
23458730	CPR:4	Y 	INHIBITOR	Arg1:T9	Arg2:T25
23458730	CPR:4	Y 	INHIBITOR	Arg1:T9	Arg2:T26
23458730	CPR:9	Y 	SUBSTRATE	Arg1:T18	Arg2:T27
23458730	CPR:9	Y 	SUBSTRATE	Arg1:T18	Arg2:T28
23458730	CPR:9	Y 	SUBSTRATE	Arg1:T5	Arg2:T21
23458730	CPR:9	Y 	SUBSTRATE	Arg1:T5	Arg2:T22
23458730	CPR:9	Y 	SUBSTRATE	Arg1:T7	Arg2:T23
23458730	CPR:9	Y 	SUBSTRATE	Arg1:T7	Arg2:T24
23458730	CPR:9	Y 	SUBSTRATE	Arg1:T8	Arg2:T23
23458730	CPR:9	Y 	SUBSTRATE	Arg1:T8	Arg2:T24
23459167	CPR:2	N 	REGULATOR	Arg1:T10	Arg2:T25
23459167	CPR:2	N 	REGULATOR	Arg1:T10	Arg2:T26
23459167	CPR:2	N 	REGULATOR	Arg1:T10	Arg2:T27
23459167	CPR:2	N 	REGULATOR	Arg1:T10	Arg2:T28
23459167	CPR:2	N 	REGULATOR	Arg1:T9	Arg2:T31
23459167	CPR:2	N 	REGULATOR	Arg1:T9	Arg2:T32
23465612	CPR:4	Y 	INHIBITOR	Arg1:T3	Arg2:T8
23465612	CPR:4	Y 	INHIBITOR	Arg1:T5	Arg2:T9
23466229	CPR:4	Y 	INHIBITOR	Arg1:T1	Arg2:T8
23466229	CPR:4	Y 	INHIBITOR	Arg1:T2	Arg2:T8
23466229	CPR:4	Y 	INHIBITOR	Arg1:T4	Arg2:T7
23466229	CPR:4	Y 	INHIBITOR	Arg1:T5	Arg2:T10
23466229	CPR:4	Y 	INHIBITOR	Arg1:T6	Arg2:T10
23466232	CPR:4	Y 	INHIBITOR	Arg1:T2	Arg2:T13
23466232	CPR:4	Y 	INHIBITOR	Arg1:T3	Arg2:T9
23466232	CPR:4	Y 	INHIBITOR	Arg1:T4	Arg2:T14
23473032	CPR:2	N 	REGULATOR	Arg1:T12	Arg2:T26
23473681	CPR:2	N 	DIRECT-REGULATOR	Arg1:T1	Arg2:T11
23473681	CPR:2	N 	DIRECT-REGULATOR	Arg1:T1	Arg2:T12
23473681	CPR:2	N 	DIRECT-REGULATOR	Arg1:T7	Arg2:T19
23473681	CPR:2	N 	DIRECT-REGULATOR	Arg1:T8	Arg2:T19
23473681	CPR:2	N 	REGULATOR	Arg1:T10	Arg2:T20
23473681	CPR:2	N 	REGULATOR	Arg1:T10	Arg2:T21
23473681	CPR:2	N 	REGULATOR	Arg1:T10	Arg2:T22
23473681	CPR:4	Y 	INHIBITOR	Arg1:T2	Arg2:T13
23473681	CPR:4	Y 	INHIBITOR	Arg1:T2	Arg2:T14
23473681	CPR:4	Y 	INHIBITOR	Arg1:T2	Arg2:T15
23473804	CPR:2	N 	REGULATOR	Arg1:T15	Arg2:T30
23473804	CPR:2	N 	REGULATOR	Arg1:T15	Arg2:T31
23473804	CPR:2	N 	REGULATOR	Arg1:T16	Arg2:T30
23473804	CPR:2	N 	REGULATOR	Arg1:T16	Arg2:T31
23473804	CPR:3	Y 	ACTIVATOR	Arg1:T12	Arg2:T28
23473804	CPR:3	Y 	ACTIVATOR	Arg1:T12	Arg2:T29
23473804	CPR:3	Y 	ACTIVATOR	Arg1:T15	Arg2:T32
23473804	CPR:3	Y 	ACTIVATOR	Arg1:T15	Arg2:T33
23473804	CPR:3	Y 	ACTIVATOR	Arg1:T16	Arg2:T32
23473804	CPR:3	Y 	ACTIVATOR	Arg1:T16	Arg2:T33
23474889	CPR:2	N 	REGULATOR	Arg1:T8	Arg2:T25
23474889	CPR:5	Y 	AGONIST	Arg1:T3	Arg2:T24
23478800	CPR:10	N 	NOT	Arg1:T10	Arg2:T53
23478800	CPR:10	N 	NOT	Arg1:T11	Arg2:T54
23478800	CPR:10	N 	NOT	Arg1:T11	Arg2:T55
23478800	CPR:10	N 	NOT	Arg1:T13	Arg2:T56
23478800	CPR:10	N 	NOT	Arg1:T13	Arg2:T57
23478800	CPR:3	Y 	ACTIVATOR	Arg1:T12	Arg2:T17
23478800	CPR:3	Y 	ACTIVATOR	Arg1:T12	Arg2:T18
23478800	CPR:3	Y 	ACTIVATOR	Arg1:T12	Arg2:T19
23478800	CPR:3	Y 	ACTIVATOR	Arg1:T12	Arg2:T20
23478800	CPR:3	Y 	ACTIVATOR	Arg1:T2	Arg2:T25
23478800	CPR:3	Y 	ACTIVATOR	Arg1:T4	Arg2:T27
23478800	CPR:4	Y 	INHIBITOR	Arg1:T13	Arg2:T58
23478800	CPR:4	Y 	INHIBITOR	Arg1:T1	Arg2:T23
23478800	CPR:4	Y 	INHIBITOR	Arg1:T5	Arg2:T27
23478800	CPR:4	Y 	INHIBITOR	Arg1:T6	Arg2:T32
23478800	CPR:4	Y 	INHIBITOR	Arg1:T9	Arg2:T46
23478800	CPR:4	Y 	INHIBITOR	Arg1:T9	Arg2:T47
23479389	CPR:4	Y 	INHIBITOR	Arg1:T2	Arg2:T8
23479389	CPR:6	Y 	ANTAGONIST	Arg1:T1	Arg2:T5
23479389	CPR:6	Y 	ANTAGONIST	Arg1:T3	Arg2:T9
23481236	CPR:1	N 	PART-OF	Arg1:T1	Arg2:T51
23481236	CPR:1	N 	PART-OF	Arg1:T22	Arg2:T51
23481236	CPR:1	N 	PART-OF	Arg1:T23	Arg2:T51
23481236	CPR:1	N 	PART-OF	Arg1:T24	Arg2:T51
23481236	CPR:1	N 	PART-OF	Arg1:T4	Arg2:T27
23481236	CPR:1	N 	PART-OF	Arg1:T7	Arg2:T31
23481236	CPR:1	N 	PART-OF	Arg1:T8	Arg2:T35
23481236	CPR:2	N 	DIRECT-REGULATOR	Arg1:T10	Arg2:T44
23481236	CPR:2	N 	DIRECT-REGULATOR	Arg1:T11	Arg2:T44
23481236	CPR:2	N 	DIRECT-REGULATOR	Arg1:T12	Arg2:T44
23481236	CPR:2	N 	DIRECT-REGULATOR	Arg1:T13	Arg2:T44
23481236	CPR:2	N 	DIRECT-REGULATOR	Arg1:T14	Arg2:T44
23481236	CPR:2	N 	INDIRECT-REGULATOR	Arg1:T10	Arg2:T43
23481236	CPR:2	N 	INDIRECT-REGULATOR	Arg1:T10	Arg2:T44
23481236	CPR:2	N 	INDIRECT-REGULATOR	Arg1:T11	Arg2:T43
23481236	CPR:2	N 	INDIRECT-REGULATOR	Arg1:T11	Arg2:T44
23481236	CPR:2	N 	INDIRECT-REGULATOR	Arg1:T12	Arg2:T43
23481236	CPR:2	N 	INDIRECT-REGULATOR	Arg1:T12	Arg2:T44
23481236	CPR:2	N 	INDIRECT-REGULATOR	Arg1:T13	Arg2:T43
23481236	CPR:2	N 	INDIRECT-REGULATOR	Arg1:T13	Arg2:T44
23481236	CPR:2	N 	INDIRECT-REGULATOR	Arg1:T14	Arg2:T43
23481236	CPR:2	N 	INDIRECT-REGULATOR	Arg1:T14	Arg2:T44
23481236	CPR:3	Y 	ACTIVATOR	Arg1:T2	Arg2:T27
23481236	CPR:3	Y 	INDIRECT-UPREGULATOR	Arg1:T2	Arg2:T26
23481236	CPR:3	Y 	UPREGULATOR	Arg1:T2	Arg2:T25
23481236	CPR:4	Y 	INDIRECT-DOWNREGULATOR	Arg1:T17	Arg2:T47
23481236	CPR:4	Y 	INDIRECT-DOWNREGULATOR	Arg1:T6	Arg2:T30
23481236	CPR:4	Y 	INHIBITOR	Arg1:T17	Arg2:T46
23481236	CPR:4	Y 	INHIBITOR	Arg1:T6	Arg2:T31
23487168	CPR:5	Y 	AGONIST	Arg1:T1	Arg2:T15
23487168	CPR:6	Y 	ANTAGONIST	Arg1:T1	Arg2:T14
23489521	CPR:3	Y 	INDIRECT-UPREGULATOR	Arg1:T1	Arg2:T2
23489628	CPR:4	Y 	INHIBITOR	Arg1:T1	Arg2:T5
23489628	CPR:4	Y 	INHIBITOR	Arg1:T1	Arg2:T6
23489628	CPR:4	Y 	INHIBITOR	Arg1:T2	Arg2:T11
23489628	CPR:4	Y 	INHIBITOR	Arg1:T2	Arg2:T12
23493374	CPR:2	N 	DIRECT-REGULATOR	Arg1:T17	Arg2:T50
23493374	CPR:2	N 	DIRECT-REGULATOR	Arg1:T1	Arg2:T20
23493374	CPR:2	N 	DIRECT-REGULATOR	Arg1:T2	Arg2:T26
23493374	CPR:2	N 	DIRECT-REGULATOR	Arg1:T7	Arg2:T38
23493374	CPR:3	Y 	INDIRECT-UPREGULATOR	Arg1:T12	Arg2:T43
23493374	CPR:3	Y 	INDIRECT-UPREGULATOR	Arg1:T13	Arg2:T43
23493374	CPR:4	Y 	INDIRECT-DOWNREGULATOR	Arg1:T14	Arg2:T46
23493374	CPR:4	Y 	INDIRECT-DOWNREGULATOR	Arg1:T3	Arg2:T28
23493374	CPR:4	Y 	INDIRECT-DOWNREGULATOR	Arg1:T3	Arg2:T29
23493374	CPR:4	Y 	INDIRECT-DOWNREGULATOR	Arg1:T4	Arg2:T28
23493374	CPR:4	Y 	INDIRECT-DOWNREGULATOR	Arg1:T4	Arg2:T29
23494186	CPR:4	Y 	INHIBITOR	Arg1:T3	Arg2:T11
23494186	CPR:4	Y 	INHIBITOR	Arg1:T4	Arg2:T11
23494186	CPR:4	Y 	INHIBITOR	Arg1:T5	Arg2:T11
23495205	CPR:4	Y 	INHIBITOR	Arg1:T12	Arg2:T19
23495205	CPR:4	Y 	INHIBITOR	Arg1:T12	Arg2:T20
23495205	CPR:4	Y 	INHIBITOR	Arg1:T14	Arg2:T21
23495205	CPR:4	Y 	INHIBITOR	Arg1:T15	Arg2:T17
23495205	CPR:4	Y 	INHIBITOR	Arg1:T15	Arg2:T18
23495205	CPR:4	Y 	INHIBITOR	Arg1:T16	Arg2:T22
23495205	CPR:4	Y 	INHIBITOR	Arg1:T16	Arg2:T23
23495205	CPR:4	Y 	INHIBITOR	Arg1:T1	Arg2:T17
23495205	CPR:4	Y 	INHIBITOR	Arg1:T1	Arg2:T18
23495205	CPR:4	Y 	INHIBITOR	Arg1:T2	Arg2:T17
23495205	CPR:4	Y 	INHIBITOR	Arg1:T2	Arg2:T18
23495205	CPR:4	Y 	INHIBITOR	Arg1:T3	Arg2:T17
23495205	CPR:4	Y 	INHIBITOR	Arg1:T3	Arg2:T18
23497227	CPR:4	Y 	INHIBITOR	Arg1:T2	Arg2:T11
23497227	CPR:4	Y 	INHIBITOR	Arg1:T2	Arg2:T6
23497227	CPR:4	Y 	INHIBITOR	Arg1:T5	Arg2:T12
23500382	CPR:2	N 	INDIRECT-REGULATOR	Arg1:T13	Arg2:T30
23500382	CPR:2	N 	INDIRECT-REGULATOR	Arg1:T13	Arg2:T31
23500382	CPR:2	N 	INDIRECT-REGULATOR	Arg1:T13	Arg2:T32
23500382	CPR:2	N 	INDIRECT-REGULATOR	Arg1:T13	Arg2:T33
23500382	CPR:2	N 	REGULATOR	Arg1:T18	Arg2:T24
23500382	CPR:2	N 	REGULATOR	Arg1:T18	Arg2:T25
23500382	CPR:2	N 	REGULATOR	Arg1:T18	Arg2:T26
23500382	CPR:2	N 	REGULATOR	Arg1:T18	Arg2:T27
23500382	CPR:2	N 	REGULATOR	Arg1:T18	Arg2:T28
23500382	CPR:2	N 	REGULATOR	Arg1:T18	Arg2:T29
23500382	CPR:4	Y 	INDIRECT-DOWNREGULATOR	Arg1:T13	Arg2:T24
23500382	CPR:4	Y 	INDIRECT-DOWNREGULATOR	Arg1:T13	Arg2:T25
23500382	CPR:4	Y 	INDIRECT-DOWNREGULATOR	Arg1:T13	Arg2:T26
23500382	CPR:4	Y 	INDIRECT-DOWNREGULATOR	Arg1:T13	Arg2:T27
23500382	CPR:4	Y 	INDIRECT-DOWNREGULATOR	Arg1:T13	Arg2:T28
23500382	CPR:4	Y 	INDIRECT-DOWNREGULATOR	Arg1:T13	Arg2:T29
23500382	CPR:4	Y 	INDIRECT-DOWNREGULATOR	Arg1:T19	Arg2:T22
23500382	CPR:4	Y 	INDIRECT-DOWNREGULATOR	Arg1:T19	Arg2:T23
23500545	CPR:2	N 	REGULATOR	Arg1:T12	Arg2:T20
23500545	CPR:2	N 	REGULATOR	Arg1:T13	Arg2:T21
23500545	CPR:2	N 	REGULATOR	Arg1:T13	Arg2:T22
23500545	CPR:2	N 	REGULATOR	Arg1:T13	Arg2:T23
23500545	CPR:9	Y 	SUBSTRATE	Arg1:T11	Arg2:T20
23500772	CPR:3	Y 	ACTIVATOR	Arg1:T11	Arg2:T25
23500772	CPR:3	Y 	ACTIVATOR	Arg1:T1	Arg2:T15
23500772	CPR:3	Y 	ACTIVATOR	Arg1:T2	Arg2:T15
23500772	CPR:3	Y 	INDIRECT-UPREGULATOR	Arg1:T9	Arg2:T23
23500772	CPR:3	Y 	INDIRECT-UPREGULATOR	Arg1:T9	Arg2:T24
23500772	CPR:4	Y 	INDIRECT-DOWNREGULATOR	Arg1:T6	Arg2:T20
23500776	CPR:2	N 	REGULATOR	Arg1:T4	Arg2:T15
23500776	CPR:3	Y 	ACTIVATOR	Arg1:T12	Arg2:T22
23500776	CPR:3	Y 	ACTIVATOR	Arg1:T3	Arg2:T19
23500776	CPR:3	Y 	ACTIVATOR	Arg1:T5	Arg2:T19
23506741	CPR:2	N 	REGULATOR	Arg1:T4	Arg2:T19
23506741	CPR:2	N 	REGULATOR	Arg1:T5	Arg2:T19
23506741	CPR:4	Y 	INDIRECT-DOWNREGULATOR	Arg1:T2	Arg2:T14
23506741	CPR:4	Y 	INDIRECT-DOWNREGULATOR	Arg1:T2	Arg2:T15
23506741	CPR:4	Y 	INDIRECT-DOWNREGULATOR	Arg1:T2	Arg2:T16
23506741	CPR:4	Y 	INDIRECT-DOWNREGULATOR	Arg1:T9	Arg2:T21
23506741	CPR:4	Y 	INDIRECT-DOWNREGULATOR	Arg1:T9	Arg2:T22
23506741	CPR:4	Y 	INDIRECT-DOWNREGULATOR	Arg1:T9	Arg2:T23
23506741	CPR:4	Y 	INDIRECT-DOWNREGULATOR	Arg1:T9	Arg2:T24
23506741	CPR:4	Y 	INDIRECT-DOWNREGULATOR	Arg1:T9	Arg2:T25
23506741	CPR:4	Y 	INDIRECT-DOWNREGULATOR	Arg1:T9	Arg2:T26
23506741	CPR:4	Y 	INHIBITOR	Arg1:T11	Arg2:T27
23506741	CPR:4	Y 	INHIBITOR	Arg1:T1	Arg2:T13
23506741	CPR:4	Y 	INHIBITOR	Arg1:T2	Arg2:T17
23506741	CPR:4	Y 	INHIBITOR	Arg1:T3	Arg2:T18
23506741	CPR:4	Y 	INHIBITOR	Arg1:T8	Arg2:T20
23514378	CPR:2	N 	REGULATOR	Arg1:T3	Arg2:T7
23517912	CPR:2	N 	REGULATOR	Arg1:T14	Arg2:T30
23517912	CPR:2	N 	REGULATOR	Arg1:T14	Arg2:T31
23517912	CPR:2	N 	REGULATOR	Arg1:T14	Arg2:T32
23517912	CPR:2	N 	REGULATOR	Arg1:T14	Arg2:T33
23517912	CPR:2	N 	REGULATOR	Arg1:T14	Arg2:T34
23517912	CPR:2	N 	REGULATOR	Arg1:T16	Arg2:T38
23517912	CPR:2	N 	REGULATOR	Arg1:T16	Arg2:T39
23517912	CPR:2	N 	REGULATOR	Arg1:T16	Arg2:T40
23517912	CPR:2	N 	REGULATOR	Arg1:T19	Arg2:T44
23517912	CPR:2	N 	REGULATOR	Arg1:T5	Arg2:T22
23517912	CPR:2	N 	REGULATOR	Arg1:T6	Arg2:T23
23517912	CPR:2	N 	REGULATOR	Arg1:T9	Arg2:T28
23517912	CPR:2	N 	REGULATOR	Arg1:T9	Arg2:T29
23517912	CPR:4	Y 	DOWNREGULATOR	Arg1:T16	Arg2:T37
23517912	CPR:4	Y 	DOWNREGULATOR	Arg1:T4	Arg2:T21
23517912	CPR:4	Y 	INHIBITOR	Arg1:T10	Arg2:T24
23517912	CPR:4	Y 	INHIBITOR	Arg1:T10	Arg2:T25
23517912	CPR:4	Y 	INHIBITOR	Arg1:T10	Arg2:T26
23517912	CPR:4	Y 	INHIBITOR	Arg1:T11	Arg2:T27
23517912	CPR:4	Y 	INHIBITOR	Arg1:T15	Arg2:T35
23517912	CPR:4	Y 	INHIBITOR	Arg1:T15	Arg2:T36
23517912	CPR:4	Y 	INHIBITOR	Arg1:T18	Arg2:T42
23517912	CPR:4	Y 	INHIBITOR	Arg1:T18	Arg2:T43
23519392	CPR:10	N 	NOT	Arg1:T8	Arg2:T12
23519392	CPR:2	N 	DIRECT-REGULATOR	Arg1:T6	Arg2:T19
23519392	CPR:3	Y 	ACTIVATOR	Arg1:T3	Arg2:T13
23519392	CPR:3	Y 	ACTIVATOR	Arg1:T7	Arg2:T20
23519392	CPR:3	Y 	INDIRECT-UPREGULATOR	Arg1:T7	Arg2:T21
23519392	CPR:4	Y 	INHIBITOR	Arg1:T10	Arg2:T23
23519392	CPR:5	Y 	AGONIST	Arg1:T5	Arg2:T18
23521080	CPR:4	Y 	INHIBITOR	Arg1:T1	Arg2:T11
23521080	CPR:4	Y 	INHIBITOR	Arg1:T1	Arg2:T12
23521080	CPR:4	Y 	INHIBITOR	Arg1:T2	Arg2:T11
23521080	CPR:4	Y 	INHIBITOR	Arg1:T2	Arg2:T12
23521080	CPR:4	Y 	INHIBITOR	Arg1:T3	Arg2:T11
23521080	CPR:4	Y 	INHIBITOR	Arg1:T3	Arg2:T12
23521080	CPR:4	Y 	INHIBITOR	Arg1:T6	Arg2:T13
23521080	CPR:4	Y 	INHIBITOR	Arg1:T7	Arg2:T13
23522834	CPR:4	Y 	INHIBITOR	Arg1:T1	Arg2:T3
23523949	CPR:3	Y 	ACTIVATOR	Arg1:T6	Arg2:T34
23523949	CPR:3	Y 	INDIRECT-UPREGULATOR	Arg1:T1	Arg2:T34
23523949	CPR:3	Y 	INDIRECT-UPREGULATOR	Arg1:T22	Arg2:T44
23523949	CPR:3	Y 	INDIRECT-UPREGULATOR	Arg1:T2	Arg2:T34
23523949	CPR:3	Y 	INDIRECT-UPREGULATOR	Arg1:T6	Arg2:T35
23523949	CPR:3	Y 	UPREGULATOR	Arg1:T6	Arg2:T32
23523949	CPR:4	Y 	DOWNREGULATOR	Arg1:T1	Arg2:T35
23523949	CPR:4	Y 	DOWNREGULATOR	Arg1:T6	Arg2:T33
23523949	CPR:4	Y 	INDIRECT-DOWNREGULATOR	Arg1:T1	Arg2:T31
23523949	CPR:4	Y 	INDIRECT-DOWNREGULATOR	Arg1:T1	Arg2:T32
23523949	CPR:4	Y 	INDIRECT-DOWNREGULATOR	Arg1:T1	Arg2:T33
23523949	CPR:4	Y 	INDIRECT-DOWNREGULATOR	Arg1:T2	Arg2:T31
23523949	CPR:4	Y 	INDIRECT-DOWNREGULATOR	Arg1:T2	Arg2:T32
23523949	CPR:4	Y 	INDIRECT-DOWNREGULATOR	Arg1:T2	Arg2:T33
23528251	CPR:2	N 	INDIRECT-REGULATOR	Arg1:T5	Arg2:T31
23528251	CPR:2	N 	REGULATOR	Arg1:T4	Arg2:T21
23528251	CPR:2	N 	REGULATOR	Arg1:T5	Arg2:T28
23528251	CPR:2	N 	REGULATOR	Arg1:T5	Arg2:T32
23528251	CPR:3	Y 	ACTIVATOR	Arg1:T4	Arg2:T20
23528251	CPR:3	Y 	ACTIVATOR	Arg1:T5	Arg2:T27
23528251	CPR:3	Y 	INDIRECT-UPREGULATOR	Arg1:T4	Arg2:T22
23528251	CPR:3	Y 	INDIRECT-UPREGULATOR	Arg1:T4	Arg2:T23
23528251	CPR:3	Y 	INDIRECT-UPREGULATOR	Arg1:T4	Arg2:T24
23528251	CPR:3	Y 	INDIRECT-UPREGULATOR	Arg1:T5	Arg2:T29
23528251	CPR:3	Y 	INDIRECT-UPREGULATOR	Arg1:T5	Arg2:T30
23530018	CPR:10	N 	NOT	Arg1:T1	Arg2:T35
23530018	CPR:2	N 	REGULATOR	Arg1:T10	Arg2:T30
23530018	CPR:2	N 	REGULATOR	Arg1:T24	Arg2:T36
23530018	CPR:2	N 	REGULATOR	Arg1:T24	Arg2:T37
23530018	CPR:2	N 	REGULATOR	Arg1:T24	Arg2:T38
23530018	CPR:2	N 	REGULATOR	Arg1:T5	Arg2:T27
23530018	CPR:2	N 	REGULATOR	Arg1:T6	Arg2:T27
23530018	CPR:2	N 	REGULATOR	Arg1:T7	Arg2:T27
23530018	CPR:2	N 	REGULATOR	Arg1:T9	Arg2:T30
23530018	CPR:4	Y 	INHIBITOR	Arg1:T15	Arg2:T32
23530018	CPR:4	Y 	INHIBITOR	Arg1:T19	Arg2:T33
23530018	CPR:4	Y 	INHIBITOR	Arg1:T21	Arg2:T34
23530018	CPR:9	Y 	SUBSTRATE	Arg1:T11	Arg2:T30
23530018	CPR:9	Y 	SUBSTRATE	Arg1:T12	Arg2:T30
23530018	CPR:9	Y 	SUBSTRATE	Arg1:T17	Arg2:T32
23530018	CPR:9	Y 	SUBSTRATE	Arg1:T20	Arg2:T33
23530018	CPR:9	Y 	SUBSTRATE	Arg1:T22	Arg2:T34
23531031	CPR:3	Y 	INDIRECT-UPREGULATOR	Arg1:T4	Arg2:T17
23531031	CPR:4	Y 	INHIBITOR	Arg1:T1	Arg2:T14
23531488	CPR:1	N 	PART-OF	Arg1:T3	Arg2:T17
23531488	CPR:1	N 	PART-OF	Arg1:T3	Arg2:T18
23531488	CPR:1	N 	PART-OF	Arg1:T4	Arg2:T17
23531488	CPR:1	N 	PART-OF	Arg1:T5	Arg2:T19
23531488	CPR:9	Y 	SUBSTRATE	Arg1:T1	Arg2:T7
23531488	CPR:9	Y 	SUBSTRATE	Arg1:T2	Arg2:T7
23532634	CPR:9	Y 	PRODUCT-OF	Arg1:T1	Arg2:T28
23532634	CPR:9	Y 	PRODUCT-OF	Arg1:T6	Arg2:T30
23532634	CPR:9	Y 	PRODUCT-OF	Arg1:T7	Arg2:T30
23532634	CPR:9	Y 	PRODUCT-OF	Arg1:T8	Arg2:T30
23532918	CPR:2	N 	DIRECT-REGULATOR	Arg1:T10	Arg2:T25
23532918	CPR:6	Y 	ANTAGONIST	Arg1:T16	Arg2:T26
23532918	CPR:6	Y 	ANTAGONIST	Arg1:T16	Arg2:T27
23532918	CPR:6	Y 	ANTAGONIST	Arg1:T16	Arg2:T28
23532918	CPR:6	Y 	ANTAGONIST	Arg1:T17	Arg2:T26
23532918	CPR:6	Y 	ANTAGONIST	Arg1:T17	Arg2:T27
23532918	CPR:6	Y 	ANTAGONIST	Arg1:T17	Arg2:T28
23532918	CPR:6	Y 	ANTAGONIST	Arg1:T9	Arg2:T24
23534442	CPR:2	N 	DIRECT-REGULATOR	Arg1:T1	Arg2:T18
23534442	CPR:4	Y 	INHIBITOR	Arg1:T11	Arg2:T20
23534442	CPR:4	Y 	INHIBITOR	Arg1:T16	Arg2:T23
23534442	CPR:4	Y 	INHIBITOR	Arg1:T17	Arg2:T23
23534442	CPR:4	Y 	INHIBITOR	Arg1:T3	Arg2:T19
23534442	CPR:4	Y 	INHIBITOR	Arg1:T4	Arg2:T19
23534442	CPR:4	Y 	INHIBITOR	Arg1:T5	Arg2:T19
23534442	CPR:4	Y 	INHIBITOR	Arg1:T6	Arg2:T19
23534442	CPR:4	Y 	INHIBITOR	Arg1:T7	Arg2:T19
23535327	CPR:4	Y 	INHIBITOR	Arg1:T5	Arg2:T6
23535327	CPR:4	Y 	INHIBITOR	Arg1:T5	Arg2:T7
23535394	CPR:2	N 	DIRECT-REGULATOR	Arg1:T1	Arg2:T10
23535394	CPR:2	N 	REGULATOR	Arg1:T3	Arg2:T11
23535516	CPR:1	N 	PART-OF	Arg1:T1	Arg2:T7
23535516	CPR:1	N 	PART-OF	Arg1:T1	Arg2:T8
23535516	CPR:1	N 	PART-OF	Arg1:T2	Arg2:T7
23535516	CPR:1	N 	PART-OF	Arg1:T2	Arg2:T8
23535516	CPR:4	Y 	INHIBITOR	Arg1:T3	Arg2:T30
23535516	CPR:4	Y 	INHIBITOR	Arg1:T4	Arg2:T31
23536521	CPR:4	Y 	INHIBITOR	Arg1:T13	Arg2:T22
23538162	CPR:2	N 	REGULATOR	Arg1:T11	Arg2:T26
23538162	CPR:2	N 	REGULATOR	Arg1:T1	Arg2:T14
23538162	CPR:2	N 	REGULATOR	Arg1:T1	Arg2:T15
23538162	CPR:3	Y 	ACTIVATOR	Arg1:T11	Arg2:T27
23538162	CPR:3	Y 	ACTIVATOR	Arg1:T12	Arg2:T30
23538162	CPR:3	Y 	ACTIVATOR	Arg1:T12	Arg2:T31
23538162	CPR:4	Y 	INDIRECT-DOWNREGULATOR	Arg1:T11	Arg2:T28
23538162	CPR:4	Y 	INDIRECT-DOWNREGULATOR	Arg1:T5	Arg2:T20
23538162	CPR:4	Y 	INHIBITOR	Arg1:T11	Arg2:T25
23538162	CPR:4	Y 	INHIBITOR	Arg1:T12	Arg2:T29
23538162	CPR:4	Y 	INHIBITOR	Arg1:T1	Arg2:T13
23538162	CPR:4	Y 	INHIBITOR	Arg1:T5	Arg2:T19
23538162	CPR:4	Y 	INHIBITOR	Arg1:T8	Arg2:T23
23538162	CPR:6	Y 	ANTAGONIST	Arg1:T10	Arg2:T24
23538162	CPR:6	Y 	ANTAGONIST	Arg1:T7	Arg2:T21
23538162	CPR:6	Y 	ANTAGONIST	Arg1:T7	Arg2:T22
23539296	CPR:10	N 	NOT	Arg1:T4	Arg2:T30
23539296	CPR:10	N 	NOT	Arg1:T4	Arg2:T31
23539296	CPR:2	N 	DIRECT-REGULATOR	Arg1:T2	Arg2:T23
23539296	CPR:3	Y 	INDIRECT-UPREGULATOR	Arg1:T2	Arg2:T20
23539296	CPR:3	Y 	INDIRECT-UPREGULATOR	Arg1:T2	Arg2:T21
23539296	CPR:3	Y 	INDIRECT-UPREGULATOR	Arg1:T2	Arg2:T22
23539296	CPR:3	Y 	INDIRECT-UPREGULATOR	Arg1:T3	Arg2:T26
23539296	CPR:3	Y 	INDIRECT-UPREGULATOR	Arg1:T4	Arg2:T27
23539296	CPR:3	Y 	INDIRECT-UPREGULATOR	Arg1:T4	Arg2:T28
23539296	CPR:3	Y 	INDIRECT-UPREGULATOR	Arg1:T4	Arg2:T29
23541436	CPR:4	Y 	INDIRECT-DOWNREGULATOR	Arg1:T3	Arg2:T11
23541436	CPR:4	Y 	INDIRECT-DOWNREGULATOR	Arg1:T3	Arg2:T12
23541436	CPR:4	Y 	INDIRECT-DOWNREGULATOR	Arg1:T4	Arg2:T11
23541436	CPR:4	Y 	INDIRECT-DOWNREGULATOR	Arg1:T4	Arg2:T12
23541436	CPR:4	Y 	INDIRECT-DOWNREGULATOR	Arg1:T5	Arg2:T13
23541436	CPR:4	Y 	INDIRECT-DOWNREGULATOR	Arg1:T6	Arg2:T13
23541637	CPR:2	N 	REGULATOR	Arg1:T12	Arg2:T36
23541637	CPR:2	N 	REGULATOR	Arg1:T12	Arg2:T37
23541637	CPR:2	N 	REGULATOR	Arg1:T14	Arg2:T40
23541637	CPR:2	N 	REGULATOR	Arg1:T14	Arg2:T41
23541637	CPR:2	N 	REGULATOR	Arg1:T1	Arg2:T22
23541637	CPR:2	N 	REGULATOR	Arg1:T1	Arg2:T23
23541637	CPR:2	N 	REGULATOR	Arg1:T1	Arg2:T24
23541637	CPR:3	Y 	ACTIVATOR	Arg1:T6	Arg2:T25
23541637	CPR:3	Y 	ACTIVATOR	Arg1:T6	Arg2:T26
23541637	CPR:3	Y 	INDIRECT-UPREGULATOR	Arg1:T14	Arg2:T38
23541637	CPR:3	Y 	INDIRECT-UPREGULATOR	Arg1:T14	Arg2:T39
23542147	CPR:1	N 	PART-OF	Arg1:T2	Arg2:T23
23542513	CPR:2	N 	INDIRECT-REGULATOR	Arg1:T13	Arg2:T39
23542513	CPR:2	N 	REGULATOR	Arg1:T9	Arg2:T28
23542513	CPR:3	Y 	ACTIVATOR	Arg1:T19	Arg2:T47
23542513	CPR:3	Y 	ACTIVATOR	Arg1:T19	Arg2:T48
23542513	CPR:3	Y 	ACTIVATOR	Arg1:T20	Arg2:T49
23542513	CPR:3	Y 	ACTIVATOR	Arg1:T21	Arg2:T49
23542513	CPR:3	Y 	ACTIVATOR	Arg1:T22	Arg2:T51
23542513	CPR:3	Y 	ACTIVATOR	Arg1:T22	Arg2:T52
23542513	CPR:3	Y 	ACTIVATOR	Arg1:T6	Arg2:T25
23542513	CPR:3	Y 	ACTIVATOR	Arg1:T9	Arg2:T30
23542513	CPR:3	Y 	ACTIVATOR	Arg1:T9	Arg2:T31
23542513	CPR:3	Y 	INDIRECT-UPREGULATOR	Arg1:T19	Arg2:T45
23542513	CPR:3	Y 	INDIRECT-UPREGULATOR	Arg1:T19	Arg2:T46
23542513	CPR:3	Y 	INDIRECT-UPREGULATOR	Arg1:T6	Arg2:T27
23542513	CPR:3	Y 	UPREGULATOR	Arg1:T6	Arg2:T26
23542513	CPR:3	Y 	UPREGULATOR	Arg1:T7	Arg2:T25
23542513	CPR:3	Y 	UPREGULATOR	Arg1:T7	Arg2:T26
23542513	CPR:4	Y 	DOWNREGULATOR	Arg1:T10	Arg2:T29
23542513	CPR:4	Y 	DOWNREGULATOR	Arg1:T10	Arg2:T30
23542513	CPR:4	Y 	DOWNREGULATOR	Arg1:T10	Arg2:T31
23542513	CPR:4	Y 	DOWNREGULATOR	Arg1:T8	Arg2:T27
23542513	CPR:4	Y 	INDIRECT-DOWNREGULATOR	Arg1:T13	Arg2:T35
23542513	CPR:4	Y 	INDIRECT-DOWNREGULATOR	Arg1:T13	Arg2:T36
23542513	CPR:4	Y 	INDIRECT-DOWNREGULATOR	Arg1:T13	Arg2:T37
23542513	CPR:4	Y 	INDIRECT-DOWNREGULATOR	Arg1:T13	Arg2:T38
23542513	CPR:4	Y 	INDIRECT-DOWNREGULATOR	Arg1:T14	Arg2:T32
23542513	CPR:4	Y 	INDIRECT-DOWNREGULATOR	Arg1:T14	Arg2:T33
23542513	CPR:4	Y 	INDIRECT-DOWNREGULATOR	Arg1:T15	Arg2:T42
23542513	CPR:4	Y 	INDIRECT-DOWNREGULATOR	Arg1:T16	Arg2:T42
23542513	CPR:4	Y 	INDIRECT-DOWNREGULATOR	Arg1:T17	Arg2:T43
23542513	CPR:4	Y 	INDIRECT-DOWNREGULATOR	Arg1:T18	Arg2:T32
23542513	CPR:4	Y 	INDIRECT-DOWNREGULATOR	Arg1:T18	Arg2:T33
23542513	CPR:4	Y 	INHIBITOR	Arg1:T13	Arg2:T34
23542513	CPR:4	Y 	INHIBITOR	Arg1:T15	Arg2:T40
23542513	CPR:4	Y 	INHIBITOR	Arg1:T16	Arg2:T40
23542513	CPR:4	Y 	INHIBITOR	Arg1:T17	Arg2:T44
23542513	CPR:4	Y 	INHIBITOR	Arg1:T22	Arg2:T50
23542513	CPR:4	Y 	INHIBITOR	Arg1:T2	Arg2:T24
23542513	CPR:4	Y 	INHIBITOR	Arg1:T3	Arg2:T24
23542513	CPR:4	Y 	INHIBITOR	Arg1:T7	Arg2:T27
23542513	CPR:4	Y 	INHIBITOR	Arg1:T9	Arg2:T29
23542578	CPR:2	N 	DIRECT-REGULATOR	Arg1:T6	Arg2:T10
23542578	CPR:2	N 	DIRECT-REGULATOR	Arg1:T6	Arg2:T11
23542578	CPR:2	N 	DIRECT-REGULATOR	Arg1:T7	Arg2:T12
23542578	CPR:2	N 	DIRECT-REGULATOR	Arg1:T7	Arg2:T13
23543413	CPR:10	N 	NOT	Arg1:T2	Arg2:T15
23543413	CPR:9	Y 	SUBSTRATE	Arg1:T12	Arg2:T25
23543413	CPR:9	Y 	SUBSTRATE	Arg1:T8	Arg2:T18
23543413	CPR:9	Y 	SUBSTRATE	Arg1:T8	Arg2:T19
23548896	CPR:1	N 	PART-OF	Arg1:T3	Arg2:T11
23548896	CPR:1	N 	PART-OF	Arg1:T3	Arg2:T12
23548896	CPR:1	N 	PART-OF	Arg1:T5	Arg2:T16
23548896	CPR:1	N 	PART-OF	Arg1:T6	Arg2:T27
23550028	CPR:10	N 	NOT	Arg1:T5	Arg2:T20
23550028	CPR:2	N 	REGULATOR	Arg1:T9	Arg2:T23
23550028	CPR:3	Y 	ACTIVATOR	Arg1:T2	Arg2:T12
23550028	CPR:3	Y 	ACTIVATOR	Arg1:T5	Arg2:T19
23550028	CPR:3	Y 	ACTIVATOR	Arg1:T6	Arg2:T21
23550028	CPR:4	Y 	INHIBITOR	Arg1:T1	Arg2:T11
23550066	CPR:4	Y 	INHIBITOR	Arg1:T2	Arg2:T18
23550066	CPR:4	Y 	INHIBITOR	Arg1:T3	Arg2:T20
23550066	CPR:9	Y 	SUBSTRATE	Arg1:T11	Arg2:T13
23550066	CPR:9	Y 	SUBSTRATE	Arg1:T12	Arg2:T36
23550066	CPR:9	Y 	SUBSTRATE	Arg1:T1	Arg2:T31
23550066	CPR:9	Y 	SUBSTRATE	Arg1:T1	Arg2:T35
23550066	CPR:9	Y 	SUBSTRATE	Arg1:T5	Arg2:T23
23550066	CPR:9	Y 	SUBSTRATE	Arg1:T6	Arg2:T24
23550066	CPR:9	Y 	SUBSTRATE	Arg1:T7	Arg2:T25
23550066	CPR:9	Y 	SUBSTRATE	Arg1:T9	Arg2:T26
23551063	CPR:10	N 	NOT	Arg1:T12	Arg2:T28
23551063	CPR:10	N 	NOT	Arg1:T12	Arg2:T29
23551063	CPR:9	Y 	SUBSTRATE	Arg1:T11	Arg2:T21
23551063	CPR:9	Y 	SUBSTRATE	Arg1:T11	Arg2:T22
23551063	CPR:9	Y 	SUBSTRATE	Arg1:T11	Arg2:T23
23551063	CPR:9	Y 	SUBSTRATE	Arg1:T11	Arg2:T24
23551063	CPR:9	Y 	SUBSTRATE	Arg1:T11	Arg2:T25
23551063	CPR:9	Y 	SUBSTRATE	Arg1:T11	Arg2:T26
23551063	CPR:9	Y 	SUBSTRATE	Arg1:T14	Arg2:T31
23551063	CPR:9	Y 	SUBSTRATE	Arg1:T1	Arg2:T15
23551063	CPR:9	Y 	SUBSTRATE	Arg1:T1	Arg2:T30
23551063	CPR:9	Y 	SUBSTRATE	Arg1:T2	Arg2:T15
23551063	CPR:9	Y 	SUBSTRATE	Arg1:T2	Arg2:T30
23551063	CPR:9	Y 	SUBSTRATE	Arg1:T3	Arg2:T15
23551063	CPR:9	Y 	SUBSTRATE	Arg1:T3	Arg2:T30
23551063	CPR:9	Y 	SUBSTRATE	Arg1:T7	Arg2:T18
23551063	CPR:9	Y 	SUBSTRATE	Arg1:T8	Arg2:T18
23551063	CPR:9	Y 	SUBSTRATE	Arg1:T9	Arg2:T19
23551329	CPR:2	N 	INDIRECT-REGULATOR	Arg1:T1	Arg2:T16
23551329	CPR:2	N 	INDIRECT-REGULATOR	Arg1:T1	Arg2:T17
23551329	CPR:2	N 	REGULATOR	Arg1:T11	Arg2:T30
23551329	CPR:3	Y 	ACTIVATOR	Arg1:T11	Arg2:T26
23551329	CPR:3	Y 	INDIRECT-UPREGULATOR	Arg1:T11	Arg2:T27
23551329	CPR:3	Y 	INDIRECT-UPREGULATOR	Arg1:T11	Arg2:T28
23551329	CPR:3	Y 	INDIRECT-UPREGULATOR	Arg1:T11	Arg2:T29
23551329	CPR:4	Y 	INDIRECT-DOWNREGULATOR	Arg1:T1	Arg2:T15
23552101	CPR:9	Y 	PRODUCT-OF	Arg1:T1	Arg2:T20
23552101	CPR:9	Y 	PRODUCT-OF	Arg1:T1	Arg2:T21
23552101	CPR:9	Y 	PRODUCT-OF	Arg1:T1	Arg2:T22
23552101	CPR:9	Y 	PRODUCT-OF	Arg1:T2	Arg2:T20
23552101	CPR:9	Y 	PRODUCT-OF	Arg1:T2	Arg2:T21
23552101	CPR:9	Y 	PRODUCT-OF	Arg1:T2	Arg2:T22
23552101	CPR:9	Y 	PRODUCT-OF	Arg1:T3	Arg2:T8
23552101	CPR:9	Y 	SUBSTRATE	Arg1:T6	Arg2:T20
23552101	CPR:9	Y 	SUBSTRATE	Arg1:T6	Arg2:T21
23552101	CPR:9	Y 	SUBSTRATE	Arg1:T6	Arg2:T22
23552101	CPR:9	Y 	SUBSTRATE	Arg1:T7	Arg2:T20
23552101	CPR:9	Y 	SUBSTRATE	Arg1:T7	Arg2:T21
23552101	CPR:9	Y 	SUBSTRATE	Arg1:T7	Arg2:T22
23552263	CPR:4	Y 	INHIBITOR	Arg1:T4	Arg2:T18
23552851	CPR:2	N 	REGULATOR	Arg1:T12	Arg2:T24
23552851	CPR:2	N 	REGULATOR	Arg1:T12	Arg2:T25
23552851	CPR:2	N 	REGULATOR	Arg1:T12	Arg2:T26
23552851	CPR:2	N 	REGULATOR	Arg1:T12	Arg2:T27
23552851	CPR:2	N 	REGULATOR	Arg1:T2	Arg2:T17
23552851	CPR:2	N 	REGULATOR	Arg1:T2	Arg2:T18
23552851	CPR:2	N 	REGULATOR	Arg1:T3	Arg2:T17
23552851	CPR:2	N 	REGULATOR	Arg1:T3	Arg2:T18
23552851	CPR:3	Y 	INDIRECT-UPREGULATOR	Arg1:T8	Arg2:T21
23552851	CPR:3	Y 	INDIRECT-UPREGULATOR	Arg1:T8	Arg2:T22
23552851	CPR:3	Y 	UPREGULATOR	Arg1:T11	Arg2:T13
23552851	CPR:3	Y 	UPREGULATOR	Arg1:T11	Arg2:T23
23552851	CPR:4	Y 	INDIRECT-DOWNREGULATOR	Arg1:T11	Arg2:T14
23552851	CPR:4	Y 	INHIBITOR	Arg1:T11	Arg2:T15
23552851	CPR:4	Y 	INHIBITOR	Arg1:T11	Arg2:T16
23554049	CPR:2	N 	INDIRECT-REGULATOR	Arg1:T10	Arg2:T20
23554049	CPR:2	N 	INDIRECT-REGULATOR	Arg1:T10	Arg2:T21
23554049	CPR:2	N 	REGULATOR	Arg1:T11	Arg2:T22
23554049	CPR:2	N 	REGULATOR	Arg1:T12	Arg2:T22
23557706	CPR:3	Y 	ACTIVATOR	Arg1:T3	Arg2:T18
23557706	CPR:4	Y 	DOWNREGULATOR	Arg1:T3	Arg2:T17
23557706	CPR:4	Y 	INDIRECT-DOWNREGULATOR	Arg1:T5	Arg2:T23
23557706	CPR:4	Y 	INDIRECT-DOWNREGULATOR	Arg1:T5	Arg2:T24
23557706	CPR:4	Y 	INHIBITOR	Arg1:T2	Arg2:T14
23557706	CPR:4	Y 	INHIBITOR	Arg1:T3	Arg2:T16
23557706	CPR:4	Y 	INHIBITOR	Arg1:T5	Arg2:T22
23557706	CPR:4	Y 	INHIBITOR	Arg1:T5	Arg2:T25
23557706	CPR:4	Y 	INHIBITOR	Arg1:T8	Arg2:T36
23558747	CPR:1	N 	PART-OF	Arg1:T3	Arg2:T18
23558747	CPR:1	N 	PART-OF	Arg1:T3	Arg2:T19
23558747	CPR:1	N 	PART-OF	Arg1:T3	Arg2:T20
23563205	CPR:3	Y 	ACTIVATOR	Arg1:T1	Arg2:T10
23563205	CPR:4	Y 	DOWNREGULATOR	Arg1:T1	Arg2:T11
23563356	CPR:2	N 	REGULATOR	Arg1:T4	Arg2:T23
23564313	CPR:2	N 	INDIRECT-REGULATOR	Arg1:T5	Arg2:T21
23564313	CPR:2	N 	INDIRECT-REGULATOR	Arg1:T5	Arg2:T22
23564313	CPR:2	N 	INDIRECT-REGULATOR	Arg1:T5	Arg2:T24
23564313	CPR:2	N 	REGULATOR	Arg1:T12	Arg2:T33
23564313	CPR:2	N 	REGULATOR	Arg1:T12	Arg2:T34
23564313	CPR:3	Y 	ACTIVATOR	Arg1:T1	Arg2:T13
23564313	CPR:3	Y 	ACTIVATOR	Arg1:T1	Arg2:T14
23564313	CPR:3	Y 	ACTIVATOR	Arg1:T1	Arg2:T15
23564313	CPR:3	Y 	ACTIVATOR	Arg1:T1	Arg2:T16
23564313	CPR:3	Y 	ACTIVATOR	Arg1:T7	Arg2:T25
23564313	CPR:3	Y 	ACTIVATOR	Arg1:T7	Arg2:T26
23564313	CPR:3	Y 	ACTIVATOR	Arg1:T7	Arg2:T27
23564313	CPR:3	Y 	ACTIVATOR	Arg1:T7	Arg2:T28
23564313	CPR:3	Y 	ACTIVATOR	Arg1:T7	Arg2:T29
23564313	CPR:3	Y 	ACTIVATOR	Arg1:T7	Arg2:T30
23564313	CPR:3	Y 	ACTIVATOR	Arg1:T7	Arg2:T31
23564313	CPR:3	Y 	ACTIVATOR	Arg1:T7	Arg2:T32
23564313	CPR:3	Y 	INDIRECT-UPREGULATOR	Arg1:T1	Arg2:T17
23564313	CPR:3	Y 	INDIRECT-UPREGULATOR	Arg1:T1	Arg2:T18
23564921	CPR:2	N 	INDIRECT-REGULATOR	Arg1:T5	Arg2:T14
23564921	CPR:2	N 	REGULATOR	Arg1:T5	Arg2:T15
23564921	CPR:2	N 	REGULATOR	Arg1:T5	Arg2:T16
23567950	CPR:3	Y 	ACTIVATOR	Arg1:T3	Arg2:T6
23569204	CPR:1	N 	PART-OF	Arg1:T1	Arg2:T6
23569204	CPR:1	N 	PART-OF	Arg1:T2	Arg2:T6
23570914	CPR:2	N 	REGULATOR	Arg1:T3	Arg2:T16
23570914	CPR:3	Y 	ACTIVATOR	Arg1:T1	Arg2:T12
23570914	CPR:3	Y 	ACTIVATOR	Arg1:T7	Arg2:T21
23570914	CPR:3	Y 	UPREGULATOR	Arg1:T9	Arg2:T11
23570914	CPR:4	Y 	DOWNREGULATOR	Arg1:T3	Arg2:T17
23570914	CPR:4	Y 	INHIBITOR	Arg1:T7	Arg2:T20
23572528	CPR:1	N 	PART-OF	Arg1:T3	Arg2:T34
23574017	CPR:9	Y 	SUBSTRATE	Arg1:T2	Arg2:T16
23574017	CPR:9	Y 	SUBSTRATE	Arg1:T7	Arg2:T17
23574017	CPR:9	Y 	SUBSTRATE	Arg1:T7	Arg2:T18
23574017	CPR:9	Y 	SUBSTRATE	Arg1:T7	Arg2:T19
23574017	CPR:9	Y 	SUBSTRATE	Arg1:T7	Arg2:T20
23574017	CPR:9	Y 	SUBSTRATE	Arg1:T7	Arg2:T21
23578390	CPR:10	N 	NOT	Arg1:T8	Arg2:T17
23578390	CPR:2	N 	INDIRECT-REGULATOR	Arg1:T6	Arg2:T13
23578390	CPR:2	N 	INDIRECT-REGULATOR	Arg1:T6	Arg2:T14
23578390	CPR:2	N 	REGULATOR	Arg1:T10	Arg2:T20
23578390	CPR:2	N 	REGULATOR	Arg1:T2	Arg2:T11
23578390	CPR:3	Y 	ACTIVATOR	Arg1:T6	Arg2:T12
23578390	CPR:3	Y 	ACTIVATOR	Arg1:T8	Arg2:T15
23578390	CPR:3	Y 	ACTIVATOR	Arg1:T8	Arg2:T16
23578607	CPR:9	Y 	PRODUCT-OF	Arg1:T23	Arg2:T31
23578607	CPR:9	Y 	PRODUCT-OF	Arg1:T23	Arg2:T32
23578607	CPR:9	Y 	SUBSTRATE	Arg1:T20	Arg2:T31
23578607	CPR:9	Y 	SUBSTRATE	Arg1:T20	Arg2:T32
23578688	CPR:4	Y 	INHIBITOR	Arg1:T1	Arg2:T10
23578688	CPR:4	Y 	INHIBITOR	Arg1:T6	Arg2:T10
23578688	CPR:4	Y 	INHIBITOR	Arg1:T8	Arg2:T11
23578688	CPR:4	Y 	INHIBITOR	Arg1:T9	Arg2:T11
23578952	CPR:4	Y 	INHIBITOR	Arg1:T8	Arg2:T22
23579178	CPR:1	N 	PART-OF	Arg1:T8	Arg2:T20
23579178	CPR:4	Y 	INHIBITOR	Arg1:T15	Arg2:T29
23580446	CPR:3	Y 	INDIRECT-UPREGULATOR	Arg1:T5	Arg2:T28
23580446	CPR:3	Y 	INDIRECT-UPREGULATOR	Arg1:T5	Arg2:T29
23580446	CPR:3	Y 	INDIRECT-UPREGULATOR	Arg1:T5	Arg2:T30
23580446	CPR:4	Y 	INDIRECT-DOWNREGULATOR	Arg1:T5	Arg2:T31
23580446	CPR:4	Y 	INHIBITOR	Arg1:T5	Arg2:T32
23580446	CPR:9	Y 	PRODUCT-OF	Arg1:T3	Arg2:T7
23580446	CPR:9	Y 	PRODUCT-OF	Arg1:T4	Arg2:T27
23582273	CPR:4	Y 	INHIBITOR	Arg1:T6	Arg2:T10
23582273	CPR:4	Y 	INHIBITOR	Arg1:T7	Arg2:T10
23583257	CPR:1	N 	PART-OF	Arg1:T13	Arg2:T29
23583257	CPR:1	N 	PART-OF	Arg1:T14	Arg2:T29
23583257	CPR:2	N 	REGULATOR	Arg1:T15	Arg2:T31
23583257	CPR:2	N 	REGULATOR	Arg1:T15	Arg2:T32
23583257	CPR:3	Y 	ACTIVATOR	Arg1:T3	Arg2:T30
23583257	CPR:3	Y 	ACTIVATOR	Arg1:T4	Arg2:T20
23583257	CPR:3	Y 	ACTIVATOR	Arg1:T4	Arg2:T21
23583257	CPR:3	Y 	ACTIVATOR	Arg1:T5	Arg2:T22
23583257	CPR:3	Y 	ACTIVATOR	Arg1:T6	Arg2:T22
23583257	CPR:3	Y 	ACTIVATOR	Arg1:T7	Arg2:T22
23583257	CPR:3	Y 	ACTIVATOR	Arg1:T8	Arg2:T22
23583257	CPR:3	Y 	ACTIVATOR	Arg1:T9	Arg2:T22
23583257	CPR:3	Y 	INDIRECT-UPREGULATOR	Arg1:T4	Arg2:T20
23583257	CPR:3	Y 	INDIRECT-UPREGULATOR	Arg1:T4	Arg2:T21
23583806	CPR:3	Y 	ACTIVATOR	Arg1:T6	Arg2:T18
23583806	CPR:4	Y 	INDIRECT-DOWNREGULATOR	Arg1:T6	Arg2:T17
23583884	CPR:2	N 	REGULATOR	Arg1:T9	Arg2:T25
23583884	CPR:2	N 	REGULATOR	Arg1:T9	Arg2:T26
23583884	CPR:3	Y 	ACTIVATOR	Arg1:T4	Arg2:T21
23583884	CPR:3	Y 	ACTIVATOR	Arg1:T5	Arg2:T23
23583884	CPR:3	Y 	ACTIVATOR	Arg1:T7	Arg2:T24
23583884	CPR:3	Y 	ACTIVATOR	Arg1:T8	Arg2:T25
23583884	CPR:3	Y 	ACTIVATOR	Arg1:T8	Arg2:T26
23583884	CPR:3	Y 	INDIRECT-UPREGULATOR	Arg1:T11	Arg2:T27
23583884	CPR:3	Y 	INDIRECT-UPREGULATOR	Arg1:T11	Arg2:T28
23583884	CPR:3	Y 	INDIRECT-UPREGULATOR	Arg1:T13	Arg2:T29
23583884	CPR:3	Y 	INDIRECT-UPREGULATOR	Arg1:T13	Arg2:T30
23583884	CPR:3	Y 	INDIRECT-UPREGULATOR	Arg1:T14	Arg2:T31
23583884	CPR:3	Y 	INDIRECT-UPREGULATOR	Arg1:T14	Arg2:T32
23583884	CPR:3	Y 	INDIRECT-UPREGULATOR	Arg1:T7	Arg2:T24
23584948	CPR:4	Y 	INHIBITOR	Arg1:T2	Arg2:T11
23584948	CPR:4	Y 	INHIBITOR	Arg1:T2	Arg2:T7
23584948	CPR:4	Y 	INHIBITOR	Arg1:T2	Arg2:T8
23584948	CPR:4	Y 	INHIBITOR	Arg1:T2	Arg2:T9
23584948	CPR:4	Y 	INHIBITOR	Arg1:T3	Arg2:T11
23584948	CPR:4	Y 	INHIBITOR	Arg1:T3	Arg2:T7
23585058	CPR:4	Y 	DOWNREGULATOR	Arg1:T8	Arg2:T18
23585058	CPR:4	Y 	INHIBITOR	Arg1:T5	Arg2:T15
23590882	CPR:1	N 	PART-OF	Arg1:T1	Arg2:T7
23590882	CPR:1	N 	PART-OF	Arg1:T1	Arg2:T8
23597450	CPR:2	N 	INDIRECT-REGULATOR	Arg1:T2	Arg2:T15
23597450	CPR:2	N 	INDIRECT-REGULATOR	Arg1:T2	Arg2:T16
23597450	CPR:2	N 	INDIRECT-REGULATOR	Arg1:T2	Arg2:T17
23597450	CPR:2	N 	INDIRECT-REGULATOR	Arg1:T2	Arg2:T18
23597450	CPR:2	N 	INDIRECT-REGULATOR	Arg1:T2	Arg2:T19
23597450	CPR:4	Y 	INDIRECT-DOWNREGULATOR	Arg1:T10	Arg2:T34
23597450	CPR:4	Y 	INDIRECT-DOWNREGULATOR	Arg1:T10	Arg2:T35
23597450	CPR:4	Y 	INDIRECT-DOWNREGULATOR	Arg1:T3	Arg2:T20
23597450	CPR:4	Y 	INHIBITOR	Arg1:T13	Arg2:T36
23597450	CPR:4	Y 	INHIBITOR	Arg1:T2	Arg2:T14
23600432	CPR:9	Y 	SUBSTRATE	Arg1:T1	Arg2:T11
23600432	CPR:9	Y 	SUBSTRATE	Arg1:T1	Arg2:T8
23600800	CPR:1	N 	PART-OF	Arg1:T5	Arg2:T27
23600800	CPR:3	Y 	INDIRECT-UPREGULATOR	Arg1:T2	Arg2:T33
23601753	CPR:10	N 	NOT	Arg1:T2	Arg2:T6
23601753	CPR:10	N 	NOT	Arg1:T2	Arg2:T7
23601753	CPR:2	N 	DIRECT-REGULATOR	Arg1:T5	Arg2:T27
23601990	CPR:4	Y 	INHIBITOR	Arg1:T2	Arg2:T10
23601990	CPR:4	Y 	INHIBITOR	Arg1:T2	Arg2:T11
23601990	CPR:4	Y 	INHIBITOR	Arg1:T2	Arg2:T12
23601990	CPR:4	Y 	INHIBITOR	Arg1:T2	Arg2:T13
23601990	CPR:4	Y 	INHIBITOR	Arg1:T3	Arg2:T14
23601990	CPR:4	Y 	INHIBITOR	Arg1:T4	Arg2:T15
23601990	CPR:4	Y 	INHIBITOR	Arg1:T4	Arg2:T16
23601990	CPR:4	Y 	INHIBITOR	Arg1:T4	Arg2:T17
23601990	CPR:4	Y 	INHIBITOR	Arg1:T5	Arg2:T21
23601990	CPR:4	Y 	INHIBITOR	Arg1:T6	Arg2:T21
23601990	CPR:4	Y 	INHIBITOR	Arg1:T7	Arg2:T21
23601990	CPR:4	Y 	INHIBITOR	Arg1:T9	Arg2:T23
23605695	CPR:2	N 	DIRECT-REGULATOR	Arg1:T1	Arg2:T24
23605695	CPR:2	N 	DIRECT-REGULATOR	Arg1:T5	Arg2:T24
23605695	CPR:2	N 	DIRECT-REGULATOR	Arg1:T9	Arg2:T22
23605695	CPR:4	Y 	INDIRECT-DOWNREGULATOR	Arg1:T1	Arg2:T20
23605695	CPR:4	Y 	INDIRECT-DOWNREGULATOR	Arg1:T5	Arg2:T20
23608109	CPR:2	N 	INDIRECT-REGULATOR	Arg1:T1	Arg2:T4
23608109	CPR:2	N 	INDIRECT-REGULATOR	Arg1:T1	Arg2:T5
23609606	CPR:10	N 	NOT	Arg1:T3	Arg2:T12
23609606	CPR:10	N 	NOT	Arg1:T3	Arg2:T13
23609606	CPR:4	Y 	INHIBITOR	Arg1:T3	Arg2:T14
23609606	CPR:4	Y 	INHIBITOR	Arg1:T3	Arg2:T15
23609606	CPR:4	Y 	INHIBITOR	Arg1:T3	Arg2:T16
23609606	CPR:4	Y 	INHIBITOR	Arg1:T3	Arg2:T17
23612487	CPR:2	N 	INDIRECT-REGULATOR	Arg1:T11	Arg2:T32
23612487	CPR:2	N 	INDIRECT-REGULATOR	Arg1:T12	Arg2:T40
23612487	CPR:2	N 	INDIRECT-REGULATOR	Arg1:T8	Arg2:T27
23612487	CPR:2	N 	INDIRECT-REGULATOR	Arg1:T8	Arg2:T28
23612487	CPR:2	N 	INDIRECT-REGULATOR	Arg1:T8	Arg2:T29
23612487	CPR:3	Y 	ACTIVATOR	Arg1:T3	Arg2:T18
23612487	CPR:3	Y 	ACTIVATOR	Arg1:T3	Arg2:T19
23612487	CPR:3	Y 	INDIRECT-UPREGULATOR	Arg1:T12	Arg2:T41
23612487	CPR:3	Y 	INDIRECT-UPREGULATOR	Arg1:T2	Arg2:T16
23612487	CPR:3	Y 	INDIRECT-UPREGULATOR	Arg1:T3	Arg2:T20
23612487	CPR:3	Y 	INDIRECT-UPREGULATOR	Arg1:T3	Arg2:T21
23612487	CPR:3	Y 	INDIRECT-UPREGULATOR	Arg1:T3	Arg2:T22
23612487	CPR:3	Y 	INDIRECT-UPREGULATOR	Arg1:T8	Arg2:T23
23612487	CPR:3	Y 	INDIRECT-UPREGULATOR	Arg1:T8	Arg2:T24
23612487	CPR:3	Y 	INDIRECT-UPREGULATOR	Arg1:T8	Arg2:T25
23612487	CPR:4	Y 	INHIBITOR	Arg1:T8	Arg2:T26
23614730	CPR:2	N 	INDIRECT-REGULATOR	Arg1:T5	Arg2:T27
23614730	CPR:3	Y 	INDIRECT-UPREGULATOR	Arg1:T1	Arg2:T17
23614730	CPR:3	Y 	INDIRECT-UPREGULATOR	Arg1:T1	Arg2:T18
23615073	CPR:2	N 	DIRECT-REGULATOR	Arg1:T7	Arg2:T21
23615073	CPR:2	N 	REGULATOR	Arg1:T4	Arg2:T15
23615073	CPR:2	N 	REGULATOR	Arg1:T4	Arg2:T16
23615073	CPR:2	N 	REGULATOR	Arg1:T7	Arg2:T23
23615073	CPR:4	Y 	DOWNREGULATOR	Arg1:T4	Arg2:T14
23615073	CPR:4	Y 	DOWNREGULATOR	Arg1:T7	Arg2:T22
23615073	CPR:4	Y 	INDIRECT-DOWNREGULATOR	Arg1:T2	Arg2:T10
23615073	CPR:4	Y 	INHIBITOR	Arg1:T3	Arg2:T12
23615073	CPR:4	Y 	INHIBITOR	Arg1:T4	Arg2:T13
23615073	CPR:4	Y 	INHIBITOR	Arg1:T8	Arg2:T24
23616352	CPR:2	N 	DIRECT-REGULATOR	Arg1:T3	Arg2:T10
23616352	CPR:2	N 	DIRECT-REGULATOR	Arg1:T3	Arg2:T11
23616352	CPR:2	N 	DIRECT-REGULATOR	Arg1:T3	Arg2:T4
23618901	CPR:10	N 	NOT	Arg1:T2	Arg2:T19
23618901	CPR:4	Y 	INDIRECT-DOWNREGULATOR	Arg1:T1	Arg2:T13
23618901	CPR:4	Y 	INHIBITOR	Arg1:T1	Arg2:T12
23619386	CPR:2	N 	REGULATOR	Arg1:T3	Arg2:T11
23619386	CPR:2	N 	REGULATOR	Arg1:T6	Arg2:T14
23619386	CPR:2	N 	REGULATOR	Arg1:T6	Arg2:T15
23619386	CPR:2	N 	REGULATOR	Arg1:T6	Arg2:T16
23619386	CPR:2	N 	REGULATOR	Arg1:T9	Arg2:T24
23619386	CPR:4	Y 	INHIBITOR	Arg1:T7	Arg2:T17
23619386	CPR:4	Y 	INHIBITOR	Arg1:T7	Arg2:T18
23619386	CPR:4	Y 	INHIBITOR	Arg1:T7	Arg2:T19
23619386	CPR:7	N 	MODULATOR	Arg1:T4	Arg2:T12
23619386	CPR:7	N 	MODULATOR	Arg1:T5	Arg2:T13
23619386	CPR:7	N 	MODULATOR-INHIBITOR	Arg1:T10	Arg2:T25
23619386	CPR:7	N 	MODULATOR-INHIBITOR	Arg1:T1	Arg2:T22
23619386	CPR:7	N 	MODULATOR-INHIBITOR	Arg1:T1	Arg2:T23
23620436	CPR:3	Y 	INDIRECT-UPREGULATOR	Arg1:T3	Arg2:T11
23620436	CPR:4	Y 	INDIRECT-DOWNREGULATOR	Arg1:T3	Arg2:T10
23623751	CPR:10	N 	NOT	Arg1:T5	Arg2:T20
23623751	CPR:2	N 	INDIRECT-REGULATOR	Arg1:T14	Arg2:T27
23623751	CPR:2	N 	REGULATOR	Arg1:T11	Arg2:T26
23623751	CPR:2	N 	REGULATOR	Arg1:T6	Arg2:T22
23623751	CPR:3	Y 	ACTIVATOR	Arg1:T3	Arg2:T17
23623751	CPR:3	Y 	UPREGULATOR	Arg1:T9	Arg2:T23
23623751	CPR:4	Y 	INHIBITOR	Arg1:T1	Arg2:T21
23623751	CPR:4	Y 	INHIBITOR	Arg1:T1	Arg2:T24
23623751	CPR:4	Y 	INHIBITOR	Arg1:T1	Arg2:T25
23623751	CPR:4	Y 	INHIBITOR	Arg1:T3	Arg2:T18
23623751	CPR:4	Y 	INHIBITOR	Arg1:T4	Arg2:T19
23625750	CPR:4	Y 	INDIRECT-DOWNREGULATOR	Arg1:T1	Arg2:T17
23625750	CPR:5	Y 	AGONIST	Arg1:T11	Arg2:T24
23625750	CPR:5	Y 	AGONIST	Arg1:T12	Arg2:T24
23625750	CPR:5	Y 	AGONIST	Arg1:T15	Arg2:T27
23625750	CPR:5	Y 	AGONIST	Arg1:T4	Arg2:T20
23628509	CPR:10	N 	NOT	Arg1:T8	Arg2:T27
23628509	CPR:10	N 	NOT	Arg1:T8	Arg2:T28
23628509	CPR:2	N 	REGULATOR	Arg1:T7	Arg2:T27
23628509	CPR:2	N 	REGULATOR	Arg1:T7	Arg2:T28
23628509	CPR:3	Y 	INDIRECT-UPREGULATOR	Arg1:T1	Arg2:T24
23628509	CPR:3	Y 	INDIRECT-UPREGULATOR	Arg1:T2	Arg2:T24
23628509	CPR:3	Y 	INDIRECT-UPREGULATOR	Arg1:T3	Arg2:T24
23628509	CPR:3	Y 	INDIRECT-UPREGULATOR	Arg1:T4	Arg2:T25
23628509	CPR:4	Y 	INDIRECT-DOWNREGULATOR	Arg1:T5	Arg2:T26
23628509	CPR:4	Y 	INDIRECT-DOWNREGULATOR	Arg1:T6	Arg2:T26
23628791	CPR:2	N 	REGULATOR	Arg1:T7	Arg2:T21
23628791	CPR:2	N 	REGULATOR	Arg1:T8	Arg2:T23
23628791	CPR:3	Y 	ACTIVATOR	Arg1:T9	Arg2:T24
23629516	CPR:3	Y 	INDIRECT-UPREGULATOR	Arg1:T2	Arg2:T21
23629516	CPR:3	Y 	INDIRECT-UPREGULATOR	Arg1:T2	Arg2:T22
23629516	CPR:3	Y 	INDIRECT-UPREGULATOR	Arg1:T2	Arg2:T23
23629516	CPR:3	Y 	INDIRECT-UPREGULATOR	Arg1:T3	Arg2:T19
23629516	CPR:3	Y 	INDIRECT-UPREGULATOR	Arg1:T3	Arg2:T20
23631499	CPR:3	Y 	INDIRECT-UPREGULATOR	Arg1:T2	Arg2:T13
23631499	CPR:3	Y 	INDIRECT-UPREGULATOR	Arg1:T2	Arg2:T14
23631499	CPR:3	Y 	INDIRECT-UPREGULATOR	Arg1:T2	Arg2:T15
23631499	CPR:3	Y 	UPREGULATOR	Arg1:T2	Arg2:T12
23632081	CPR:2	N 	REGULATOR	Arg1:T5	Arg2:T16
23632081	CPR:2	N 	REGULATOR	Arg1:T6	Arg2:T16
23632081	CPR:9	Y 	SUBSTRATE	Arg1:T2	Arg2:T15
23632081	CPR:9	Y 	SUBSTRATE	Arg1:T3	Arg2:T15
23632081	CPR:9	Y 	SUBSTRATE	Arg1:T4	Arg2:T15
23632905	CPR:10	N 	NOT	Arg1:T1	Arg2:T14
23632905	CPR:2	N 	INDIRECT-REGULATOR	Arg1:T2	Arg2:T18
23632905	CPR:2	N 	INDIRECT-REGULATOR	Arg1:T2	Arg2:T22
23632905	CPR:2	N 	INDIRECT-REGULATOR	Arg1:T2	Arg2:T23
23632905	CPR:2	N 	INDIRECT-REGULATOR	Arg1:T3	Arg2:T18
23632905	CPR:2	N 	INDIRECT-REGULATOR	Arg1:T3	Arg2:T22
23632905	CPR:2	N 	INDIRECT-REGULATOR	Arg1:T3	Arg2:T23
23632905	CPR:2	N 	INDIRECT-REGULATOR	Arg1:T4	Arg2:T38
23632905	CPR:2	N 	INDIRECT-REGULATOR	Arg1:T5	Arg2:T43
23636303	CPR:2	N 	REGULATOR	Arg1:T16	Arg2:T19
23636303	CPR:2	N 	REGULATOR	Arg1:T7	Arg2:T21
23636303	CPR:6	Y 	ANTAGONIST	Arg1:T13	Arg2:T25
23636303	CPR:6	Y 	ANTAGONIST	Arg1:T1	Arg2:T19
23636303	CPR:6	Y 	ANTAGONIST	Arg1:T2	Arg2:T20
23639362	CPR:2	N 	INDIRECT-REGULATOR	Arg1:T5	Arg2:T21
23639362	CPR:2	N 	REGULATOR	Arg1:T4	Arg2:T18
23639362	CPR:3	Y 	INDIRECT-UPREGULATOR	Arg1:T5	Arg2:T20
23639362	CPR:3	Y 	INDIRECT-UPREGULATOR	Arg1:T5	Arg2:T22
23639362	CPR:4	Y 	INDIRECT-DOWNREGULATOR	Arg1:T5	Arg2:T19
23639738	CPR:9	Y 	SUBSTRATE	Arg1:T13	Arg2:T17
23639738	CPR:9	Y 	SUBSTRATE	Arg1:T13	Arg2:T18
23639738	CPR:9	Y 	SUBSTRATE	Arg1:T9	Arg2:T17
23639738	CPR:9	Y 	SUBSTRATE	Arg1:T9	Arg2:T18
23642478	CPR:4	Y 	INHIBITOR	Arg1:T1	Arg2:T10
23642478	CPR:4	Y 	INHIBITOR	Arg1:T1	Arg2:T11
23642478	CPR:4	Y 	INHIBITOR	Arg1:T1	Arg2:T8
23642478	CPR:4	Y 	INHIBITOR	Arg1:T1	Arg2:T9
23642478	CPR:4	Y 	INHIBITOR	Arg1:T2	Arg2:T10
23642478	CPR:4	Y 	INHIBITOR	Arg1:T2	Arg2:T11
23642478	CPR:4	Y 	INHIBITOR	Arg1:T2	Arg2:T8
23642478	CPR:4	Y 	INHIBITOR	Arg1:T2	Arg2:T9
23642478	CPR:4	Y 	INHIBITOR	Arg1:T5	Arg2:T10
23642478	CPR:4	Y 	INHIBITOR	Arg1:T5	Arg2:T11
23642478	CPR:4	Y 	INHIBITOR	Arg1:T5	Arg2:T8
23642478	CPR:4	Y 	INHIBITOR	Arg1:T5	Arg2:T9
23642478	CPR:4	Y 	INHIBITOR	Arg1:T6	Arg2:T17
23642478	CPR:4	Y 	INHIBITOR	Arg1:T7	Arg2:T17
23643730	CPR:4	Y 	INDIRECT-DOWNREGULATOR	Arg1:T19	Arg2:T28
23643730	CPR:4	Y 	INDIRECT-DOWNREGULATOR	Arg1:T2	Arg2:T20
23643730	CPR:4	Y 	INDIRECT-DOWNREGULATOR	Arg1:T2	Arg2:T21
23643730	CPR:4	Y 	INDIRECT-DOWNREGULATOR	Arg1:T2	Arg2:T22
23643730	CPR:4	Y 	INDIRECT-DOWNREGULATOR	Arg1:T2	Arg2:T23
23643730	CPR:4	Y 	INDIRECT-DOWNREGULATOR	Arg1:T2	Arg2:T24
23643730	CPR:4	Y 	INDIRECT-DOWNREGULATOR	Arg1:T2	Arg2:T25
23643730	CPR:4	Y 	INDIRECT-DOWNREGULATOR	Arg1:T7	Arg2:T26
23643883	CPR:4	Y 	INHIBITOR	Arg1:T2	Arg2:T27
23643883	CPR:4	Y 	INHIBITOR	Arg1:T3	Arg2:T27
23643933	CPR:2	N 	INDIRECT-REGULATOR	Arg1:T6	Arg2:T15
23643933	CPR:3	Y 	INDIRECT-UPREGULATOR	Arg1:T1	Arg2:T18
23643933	CPR:3	Y 	INDIRECT-UPREGULATOR	Arg1:T2	Arg2:T11
23643933	CPR:3	Y 	INDIRECT-UPREGULATOR	Arg1:T3	Arg2:T13
23643933	CPR:4	Y 	INHIBITOR	Arg1:T7	Arg2:T17
23643933	CPR:4	Y 	INHIBITOR	Arg1:T8	Arg2:T17
23644411	CPR:3	Y 	INDIRECT-UPREGULATOR	Arg1:T1	Arg2:T17
25225185	CPR:2	N 	REGULATOR	Arg1:T13	Arg2:T38
25225185	CPR:2	N 	REGULATOR	Arg1:T13	Arg2:T39
25225185	CPR:2	N 	REGULATOR	Arg1:T13	Arg2:T40
25225185	CPR:2	N 	REGULATOR	Arg1:T13	Arg2:T41
25225185	CPR:2	N 	REGULATOR	Arg1:T13	Arg2:T42
25225185	CPR:4	Y 	INDIRECT-DOWNREGULATOR	Arg1:T7	Arg2:T33
25225185	CPR:5	Y 	AGONIST-ACTIVATOR	Arg1:T8	Arg2:T34
25225185	CPR:5	Y 	AGONIST	Arg1:T19	Arg2:T46
25225185	CPR:5	Y 	AGONIST	Arg1:T21	Arg2:T46
25225185	CPR:5	Y 	AGONIST	Arg1:T24	Arg2:T47
25225185	CPR:5	Y 	AGONIST	Arg1:T25	Arg2:T47
25225185	CPR:5	Y 	AGONIST	Arg1:T4	Arg2:T32
25225185	CPR:6	Y 	ANTAGONIST	Arg1:T10	Arg2:T37
2530096	CPR:2	N 	REGULATOR	Arg1:T18	Arg2:T24
2530096	CPR:2	N 	REGULATOR	Arg1:T19	Arg2:T24
2530096	CPR:5	Y 	AGONIST	Arg1:T14	Arg2:T22
2530096	CPR:6	Y 	ANTAGONIST	Arg1:T17	Arg2:T23
2568212	CPR:6	Y 	ANTAGONIST	Arg1:T13	Arg2:T36
2568212	CPR:6	Y 	ANTAGONIST	Arg1:T14	Arg2:T36
2568212	CPR:6	Y 	ANTAGONIST	Arg1:T15	Arg2:T36
2568212	CPR:6	Y 	ANTAGONIST	Arg1:T16	Arg2:T36
2568212	CPR:6	Y 	ANTAGONIST	Arg1:T17	Arg2:T37
2568212	CPR:6	Y 	ANTAGONIST	Arg1:T18	Arg2:T37
2568212	CPR:6	Y 	ANTAGONIST	Arg1:T20	Arg2:T37
2568212	CPR:6	Y 	ANTAGONIST	Arg1:T21	Arg2:T37
2568748	CPR:4	Y 	INHIBITOR	Arg1:T1	Arg2:T4
2571203	CPR:2	N 	INDIRECT-REGULATOR	Arg1:T1	Arg2:T14
2571203	CPR:2	N 	INDIRECT-REGULATOR	Arg1:T2	Arg2:T14
2571203	CPR:2	N 	INDIRECT-REGULATOR	Arg1:T3	Arg2:T14
2571203	CPR:2	N 	INDIRECT-REGULATOR	Arg1:T4	Arg2:T14
2571203	CPR:2	N 	INDIRECT-REGULATOR	Arg1:T5	Arg2:T14
2571203	CPR:2	N 	INDIRECT-REGULATOR	Arg1:T6	Arg2:T14
2571203	CPR:2	N 	INDIRECT-REGULATOR	Arg1:T7	Arg2:T14
2833901	CPR:10	N 	NOT	Arg1:T17	Arg2:T59
2833901	CPR:10	N 	NOT	Arg1:T27	Arg2:T68
2833901	CPR:10	N 	NOT	Arg1:T2	Arg2:T44
2833901	CPR:2	N 	DIRECT-REGULATOR	Arg1:T6	Arg2:T50
2833901	CPR:2	N 	REGULATOR	Arg1:T11	Arg2:T45
2833901	CPR:2	N 	REGULATOR	Arg1:T11	Arg2:T47
2833901	CPR:2	N 	REGULATOR	Arg1:T11	Arg2:T74
2833901	CPR:2	N 	REGULATOR	Arg1:T16	Arg2:T45
2833901	CPR:2	N 	REGULATOR	Arg1:T16	Arg2:T47
2833901	CPR:2	N 	REGULATOR	Arg1:T16	Arg2:T69
2833901	CPR:2	N 	REGULATOR	Arg1:T16	Arg2:T74
2833901	CPR:2	N 	REGULATOR	Arg1:T21	Arg2:T45
2833901	CPR:2	N 	REGULATOR	Arg1:T21	Arg2:T47
2833901	CPR:2	N 	REGULATOR	Arg1:T21	Arg2:T69
2833901	CPR:2	N 	REGULATOR	Arg1:T21	Arg2:T74
2833901	CPR:2	N 	REGULATOR	Arg1:T23	Arg2:T45
2833901	CPR:2	N 	REGULATOR	Arg1:T23	Arg2:T47
2833901	CPR:2	N 	REGULATOR	Arg1:T23	Arg2:T69
2833901	CPR:2	N 	REGULATOR	Arg1:T23	Arg2:T74
2833901	CPR:2	N 	REGULATOR	Arg1:T37	Arg2:T75
2833901	CPR:2	N 	REGULATOR	Arg1:T37	Arg2:T76
2833901	CPR:2	N 	REGULATOR	Arg1:T6	Arg2:T52
2833901	CPR:2	N 	REGULATOR	Arg1:T6	Arg2:T53
2833901	CPR:2	N 	REGULATOR	Arg1:T6	Arg2:T54
2833901	CPR:2	N 	REGULATOR	Arg1:T7	Arg2:T69
2833901	CPR:4	Y 	INHIBITOR	Arg1:T10	Arg2:T57
2833901	CPR:4	Y 	INHIBITOR	Arg1:T10	Arg2:T58
2833901	CPR:4	Y 	INHIBITOR	Arg1:T14	Arg2:T59
2833901	CPR:4	Y 	INHIBITOR	Arg1:T15	Arg2:T59
2833901	CPR:4	Y 	INHIBITOR	Arg1:T16	Arg2:T56
2833901	CPR:4	Y 	INHIBITOR	Arg1:T19	Arg2:T62
2833901	CPR:4	Y 	INHIBITOR	Arg1:T19	Arg2:T63
2833901	CPR:4	Y 	INHIBITOR	Arg1:T19	Arg2:T64
2833901	CPR:4	Y 	INHIBITOR	Arg1:T20	Arg2:T62
2833901	CPR:4	Y 	INHIBITOR	Arg1:T20	Arg2:T63
2833901	CPR:4	Y 	INHIBITOR	Arg1:T20	Arg2:T64
2833901	CPR:4	Y 	INHIBITOR	Arg1:T22	Arg2:T66
2833901	CPR:4	Y 	INHIBITOR	Arg1:T25	Arg2:T67
2833901	CPR:4	Y 	INHIBITOR	Arg1:T26	Arg2:T67
2833901	CPR:4	Y 	INHIBITOR	Arg1:T29	Arg2:T70
2833901	CPR:4	Y 	INHIBITOR	Arg1:T29	Arg2:T71
2833901	CPR:4	Y 	INHIBITOR	Arg1:T30	Arg2:T70
2833901	CPR:4	Y 	INHIBITOR	Arg1:T30	Arg2:T71
2833901	CPR:4	Y 	INHIBITOR	Arg1:T34	Arg2:T73
2833901	CPR:4	Y 	INHIBITOR	Arg1:T35	Arg2:T73
2833901	CPR:4	Y 	INHIBITOR	Arg1:T38	Arg2:T44
2833901	CPR:4	Y 	INHIBITOR	Arg1:T39	Arg2:T44
2833901	CPR:4	Y 	INHIBITOR	Arg1:T3	Arg2:T46
2833901	CPR:4	Y 	INHIBITOR	Arg1:T40	Arg2:T77
2833901	CPR:4	Y 	INHIBITOR	Arg1:T41	Arg2:T77
2833901	CPR:4	Y 	INHIBITOR	Arg1:T4	Arg2:T46
2833901	CPR:4	Y 	INHIBITOR	Arg1:T9	Arg2:T57
2833901	CPR:4	Y 	INHIBITOR	Arg1:T9	Arg2:T58
2855105	CPR:2	N 	INDIRECT-REGULATOR	Arg1:T18	Arg2:T43
2855105	CPR:2	N 	INDIRECT-REGULATOR	Arg1:T3	Arg2:T22
2855105	CPR:2	N 	INDIRECT-REGULATOR	Arg1:T9	Arg2:T27
2855105	CPR:2	N 	REGULATOR	Arg1:T18	Arg2:T42
2855105	CPR:2	N 	REGULATOR	Arg1:T18	Arg2:T44
2855105	CPR:2	N 	REGULATOR	Arg1:T3	Arg2:T20
2855105	CPR:2	N 	REGULATOR	Arg1:T3	Arg2:T21
2855105	CPR:4	Y 	DOWNREGULATOR	Arg1:T2	Arg2:T40
2855105	CPR:4	Y 	INDIRECT-DOWNREGULATOR	Arg1:T14	Arg2:T34
2855105	CPR:4	Y 	INDIRECT-DOWNREGULATOR	Arg1:T1	Arg2:T37
2855105	CPR:4	Y 	INDIRECT-DOWNREGULATOR	Arg1:T2	Arg2:T41
2855368	CPR:2	N 	DIRECT-REGULATOR	Arg1:T3	Arg2:T17
2855368	CPR:2	N 	DIRECT-REGULATOR	Arg1:T7	Arg2:T17
2855368	CPR:6	Y 	ANTAGONIST	Arg1:T16	Arg2:T18
2877081	CPR:6	Y 	ANTAGONIST	Arg1:T17	Arg2:T21
2877081	CPR:6	Y 	ANTAGONIST	Arg1:T1	Arg2:T19
2877081	CPR:6	Y 	ANTAGONIST	Arg1:T2	Arg2:T19
2886642	CPR:6	Y 	ANTAGONIST	Arg1:T1	Arg2:T27
2886642	CPR:6	Y 	ANTAGONIST	Arg1:T24	Arg2:T29
3345199	CPR:3	Y 	ACTIVATOR	Arg1:T6	Arg2:T26
3345199	CPR:3	Y 	ACTIVATOR	Arg1:T6	Arg2:T32
3345199	CPR:4	Y 	INHIBITOR	Arg1:T15	Arg2:T33
3345199	CPR:4	Y 	INHIBITOR	Arg1:T16	Arg2:T26
3345199	CPR:4	Y 	INHIBITOR	Arg1:T16	Arg2:T32
3345199	CPR:4	Y 	INHIBITOR	Arg1:T17	Arg2:T26
3345199	CPR:4	Y 	INHIBITOR	Arg1:T17	Arg2:T32
3345199	CPR:4	Y 	INHIBITOR	Arg1:T18	Arg2:T26
3345199	CPR:4	Y 	INHIBITOR	Arg1:T18	Arg2:T32
3345199	CPR:4	Y 	INHIBITOR	Arg1:T25	Arg2:T35
3345199	CPR:4	Y 	INHIBITOR	Arg1:T7	Arg2:T30
3440035	CPR:2	N 	DIRECT-REGULATOR	Arg1:T1	Arg2:T15
3440035	CPR:2	N 	DIRECT-REGULATOR	Arg1:T3	Arg2:T15
3440035	CPR:2	N 	DIRECT-REGULATOR	Arg1:T4	Arg2:T15
3440035	CPR:2	N 	REGULATOR	Arg1:T10	Arg2:T22
3440035	CPR:6	Y 	ANTAGONIST	Arg1:T12	Arg2:T23
3440035	CPR:6	Y 	ANTAGONIST	Arg1:T1	Arg2:T16
3440035	CPR:6	Y 	ANTAGONIST	Arg1:T2	Arg2:T13
3440035	CPR:6	Y 	ANTAGONIST	Arg1:T2	Arg2:T21
3440035	CPR:6	Y 	ANTAGONIST	Arg1:T3	Arg2:T16
3440035	CPR:6	Y 	ANTAGONIST	Arg1:T4	Arg2:T16
3440035	CPR:6	Y 	ANTAGONIST	Arg1:T5	Arg2:T19
3828735	CPR:2	N 	REGULATOR	Arg1:T12	Arg2:T24
3828735	CPR:2	N 	REGULATOR	Arg1:T13	Arg2:T24
3828735	CPR:3	Y 	INDIRECT-UPREGULATOR	Arg1:T5	Arg2:T16
3828735	CPR:4	Y 	INHIBITOR	Arg1:T9	Arg2:T23
6146346	CPR:6	Y 	ANTAGONIST	Arg1:T5	Arg2:T12
6146346	CPR:6	Y 	ANTAGONIST	Arg1:T9	Arg2:T13
6227474	CPR:2	N 	DIRECT-REGULATOR	Arg1:T14	Arg2:T31
6227474	CPR:2	N 	DIRECT-REGULATOR	Arg1:T24	Arg2:T33
6227474	CPR:2	N 	DIRECT-REGULATOR	Arg1:T5	Arg2:T25
6227474	CPR:2	N 	DIRECT-REGULATOR	Arg1:T7	Arg2:T25
6227474	CPR:2	N 	DIRECT-REGULATOR	Arg1:T8	Arg2:T25
6227474	CPR:4	Y 	INDIRECT-DOWNREGULATOR	Arg1:T17	Arg2:T32
6374639	CPR:10	N 	NOT	Arg1:T7	Arg2:T24
6374639	CPR:10	N 	NOT	Arg1:T9	Arg2:T24
6374639	CPR:4	Y 	INHIBITOR	Arg1:T4	Arg2:T18
6374639	CPR:4	Y 	INHIBITOR	Arg1:T5	Arg2:T18
6687626	CPR:1	N 	PART-OF	Arg1:T12	Arg2:T30
6687626	CPR:1	N 	PART-OF	Arg1:T15	Arg2:T32
6872937	CPR:2	N 	DIRECT-REGULATOR	Arg1:T24	Arg2:T40
6872937	CPR:2	N 	DIRECT-REGULATOR	Arg1:T25	Arg2:T40
6872937	CPR:2	N 	DIRECT-REGULATOR	Arg1:T34	Arg2:T39
7582530	CPR:2	N 	DIRECT-REGULATOR	Arg1:T16	Arg2:T27
7582530	CPR:2	N 	DIRECT-REGULATOR	Arg1:T17	Arg2:T28
7582530	CPR:2	N 	DIRECT-REGULATOR	Arg1:T18	Arg2:T28
7582530	CPR:2	N 	DIRECT-REGULATOR	Arg1:T19	Arg2:T29
7582530	CPR:2	N 	DIRECT-REGULATOR	Arg1:T1	Arg2:T22
7582530	CPR:2	N 	DIRECT-REGULATOR	Arg1:T1	Arg2:T25
7582530	CPR:2	N 	DIRECT-REGULATOR	Arg1:T1	Arg2:T26
7582530	CPR:2	N 	DIRECT-REGULATOR	Arg1:T20	Arg2:T30
7582530	CPR:2	N 	REGULATOR	Arg1:T21	Arg2:T32
7582530	CPR:3	Y 	ACTIVATOR	Arg1:T14	Arg2:T24
7678677	CPR:4	Y 	INHIBITOR	Arg1:T13	Arg2:T16
7678677	CPR:4	Y 	INHIBITOR	Arg1:T1	Arg2:T16
7678677	CPR:5	Y 	AGONIST	Arg1:T6	Arg2:T17
7678677	CPR:6	Y 	ANTAGONIST	Arg1:T10	Arg2:T18
7678677	CPR:6	Y 	ANTAGONIST	Arg1:T11	Arg2:T18
7678677	CPR:6	Y 	ANTAGONIST	Arg1:T14	Arg2:T19
7678677	CPR:6	Y 	ANTAGONIST	Arg1:T15	Arg2:T19
7678677	CPR:6	Y 	ANTAGONIST	Arg1:T3	Arg2:T17
7678677	CPR:6	Y 	ANTAGONIST	Arg1:T4	Arg2:T17
7680751	CPR:2	N 	DIRECT-REGULATOR	Arg1:T21	Arg2:T34
7680751	CPR:2	N 	DIRECT-REGULATOR	Arg1:T3	Arg2:T22
7680751	CPR:3	Y 	ACTIVATOR	Arg1:T9	Arg2:T23
7711211	CPR:2	N 	INDIRECT-REGULATOR	Arg1:T17	Arg2:T28
7711211	CPR:2	N 	INDIRECT-REGULATOR	Arg1:T17	Arg2:T29
7711211	CPR:2	N 	INDIRECT-REGULATOR	Arg1:T9	Arg2:T19
7711211	CPR:2	N 	INDIRECT-REGULATOR	Arg1:T9	Arg2:T20
7711211	CPR:2	N 	INDIRECT-REGULATOR	Arg1:T9	Arg2:T21
7711211	CPR:2	N 	INDIRECT-REGULATOR	Arg1:T9	Arg2:T22
7711211	CPR:3	Y 	INDIRECT-UPREGULATOR	Arg1:T15	Arg2:T25
7711211	CPR:3	Y 	INDIRECT-UPREGULATOR	Arg1:T16	Arg2:T25
7711211	CPR:3	Y 	INDIRECT-UPREGULATOR	Arg1:T2	Arg2:T27
7711211	CPR:4	Y 	INDIRECT-DOWNREGULATOR	Arg1:T11	Arg2:T23
7711211	CPR:4	Y 	INDIRECT-DOWNREGULATOR	Arg1:T13	Arg2:T24
7711211	CPR:4	Y 	INDIRECT-DOWNREGULATOR	Arg1:T14	Arg2:T24
7711211	CPR:4	Y 	INDIRECT-DOWNREGULATOR	Arg1:T2	Arg2:T26
7711211	CPR:4	Y 	INDIRECT-DOWNREGULATOR	Arg1:T3	Arg2:T26
7711211	CPR:4	Y 	INDIRECT-DOWNREGULATOR	Arg1:T3	Arg2:T27
7711211	CPR:4	Y 	INDIRECT-DOWNREGULATOR	Arg1:T4	Arg2:T26
7711211	CPR:4	Y 	INDIRECT-DOWNREGULATOR	Arg1:T4	Arg2:T27
7768269	CPR:6	Y 	ANTAGONIST	Arg1:T23	Arg2:T28
7768269	CPR:6	Y 	ANTAGONIST	Arg1:T24	Arg2:T28
7768269	CPR:6	Y 	ANTAGONIST	Arg1:T26	Arg2:T29
7824160	CPR:10	N 	NOT	Arg1:T11	Arg2:T29
7824160	CPR:10	N 	NOT	Arg1:T9	Arg2:T29
7824160	CPR:2	N 	DIRECT-REGULATOR	Arg1:T17	Arg2:T32
7824160	CPR:2	N 	DIRECT-REGULATOR	Arg1:T17	Arg2:T33
7824160	CPR:2	N 	DIRECT-REGULATOR	Arg1:T18	Arg2:T32
7824160	CPR:2	N 	DIRECT-REGULATOR	Arg1:T18	Arg2:T33
7824160	CPR:2	N 	DIRECT-REGULATOR	Arg1:T19	Arg2:T32
7824160	CPR:2	N 	DIRECT-REGULATOR	Arg1:T19	Arg2:T33
7824160	CPR:2	N 	REGULATOR	Arg1:T10	Arg2:T29
7824160	CPR:2	N 	REGULATOR	Arg1:T12	Arg2:T30
7824160	CPR:2	N 	REGULATOR	Arg1:T14	Arg2:T31
7824160	CPR:2	N 	REGULATOR	Arg1:T5	Arg2:T27
7824160	CPR:2	N 	REGULATOR	Arg1:T8	Arg2:T28
7832763	CPR:4	Y 	INHIBITOR	Arg1:T10	Arg2:T28
7832763	CPR:4	Y 	INHIBITOR	Arg1:T10	Arg2:T29
7832763	CPR:4	Y 	INHIBITOR	Arg1:T11	Arg2:T30
7832763	CPR:4	Y 	INHIBITOR	Arg1:T12	Arg2:T30
7832763	CPR:4	Y 	INHIBITOR	Arg1:T13	Arg2:T31
7832763	CPR:4	Y 	INHIBITOR	Arg1:T14	Arg2:T31
7832763	CPR:4	Y 	INHIBITOR	Arg1:T15	Arg2:T31
7832763	CPR:4	Y 	INHIBITOR	Arg1:T2	Arg2:T16
7832763	CPR:4	Y 	INHIBITOR	Arg1:T2	Arg2:T17
7832763	CPR:9	Y 	PRODUCT-OF	Arg1:T1	Arg2:T18
7832763	CPR:9	Y 	SUBSTRATE	Arg1:T5	Arg2:T18
7832763	CPR:9	Y 	SUBSTRATE	Arg1:T6	Arg2:T26
7832763	CPR:9	Y 	SUBSTRATE	Arg1:T8	Arg2:T27
7837275	CPR:2	N 	DIRECT-REGULATOR	Arg1:T2	Arg2:T28
7837275	CPR:2	N 	DIRECT-REGULATOR	Arg1:T4	Arg2:T28
7837275	CPR:2	N 	DIRECT-REGULATOR	Arg1:T5	Arg2:T28
7837275	CPR:2	N 	DIRECT-REGULATOR	Arg1:T7	Arg2:T25
7837275	CPR:2	N 	DIRECT-REGULATOR	Arg1:T9	Arg2:T33
7885191	CPR:1	N 	PART-OF	Arg1:T18	Arg2:T53
7885191	CPR:1	N 	PART-OF	Arg1:T19	Arg2:T53
7885191	CPR:1	N 	PART-OF	Arg1:T40	Arg2:T56
7885191	CPR:1	N 	PART-OF	Arg1:T42	Arg2:T56
7885191	CPR:1	N 	PART-OF	Arg1:T43	Arg2:T56
7885191	CPR:1	N 	PART-OF	Arg1:T44	Arg2:T56
7885191	CPR:1	N 	PART-OF	Arg1:T46	Arg2:T58
7885191	CPR:1	N 	PART-OF	Arg1:T50	Arg2:T58
7885191	CPR:1	N 	PART-OF	Arg1:T51	Arg2:T58
7885191	CPR:2	N 	DIRECT-REGULATOR	Arg1:T14	Arg2:T54
7885191	CPR:2	N 	DIRECT-REGULATOR	Arg1:T21	Arg2:T54
7885191	CPR:2	N 	DIRECT-REGULATOR	Arg1:T49	Arg2:T57
7885191	CPR:4	Y 	INHIBITOR	Arg1:T12	Arg2:T52
7885191	CPR:4	Y 	INHIBITOR	Arg1:T13	Arg2:T52
7906055	CPR:2	N 	DIRECT-REGULATOR	Arg1:T11	Arg2:T22
7906055	CPR:2	N 	DIRECT-REGULATOR	Arg1:T1	Arg2:T19
7906055	CPR:2	N 	DIRECT-REGULATOR	Arg1:T3	Arg2:T17
7906055	CPR:2	N 	DIRECT-REGULATOR	Arg1:T7	Arg2:T18
7906055	CPR:5	Y 	AGONIST	Arg1:T11	Arg2:T21
7912539	CPR:3	Y 	ACTIVATOR	Arg1:T11	Arg2:T24
7912539	CPR:3	Y 	ACTIVATOR	Arg1:T12	Arg2:T24
7912539	CPR:5	Y 	AGONIST	Arg1:T17	Arg2:T27
7912539	CPR:5	Y 	AGONIST	Arg1:T1	Arg2:T25
7912539	CPR:5	Y 	AGONIST	Arg1:T7	Arg2:T21
7912539	CPR:5	Y 	AGONIST	Arg1:T8	Arg2:T21
7912539	CPR:6	Y 	ANTAGONIST	Arg1:T9	Arg2:T22
7929150	CPR:1	N 	PART-OF	Arg1:T10	Arg2:T24
7929150	CPR:1	N 	PART-OF	Arg1:T11	Arg2:T24
7929150	CPR:1	N 	PART-OF	Arg1:T12	Arg2:T24
7929150	CPR:1	N 	PART-OF	Arg1:T5	Arg2:T19
7929150	CPR:1	N 	PART-OF	Arg1:T6	Arg2:T21
7929150	CPR:1	N 	PART-OF	Arg1:T8	Arg2:T23
7929150	CPR:1	N 	PART-OF	Arg1:T9	Arg2:T23
7929150	CPR:4	Y 	INHIBITOR	Arg1:T1	Arg2:T16
7929150	CPR:4	Y 	INHIBITOR	Arg1:T1	Arg2:T17
7929150	CPR:4	Y 	INHIBITOR	Arg1:T2	Arg2:T16
7929150	CPR:4	Y 	INHIBITOR	Arg1:T2	Arg2:T17
7929150	CPR:4	Y 	INHIBITOR	Arg1:T3	Arg2:T16
7929150	CPR:4	Y 	INHIBITOR	Arg1:T3	Arg2:T17
7944828	CPR:2	N 	DIRECT-REGULATOR	Arg1:T6	Arg2:T37
7944828	CPR:2	N 	DIRECT-REGULATOR	Arg1:T6	Arg2:T38
7944828	CPR:3	Y 	ACTIVATOR	Arg1:T11	Arg2:T42
7944828	CPR:3	Y 	ACTIVATOR	Arg1:T11	Arg2:T43
7944828	CPR:3	Y 	ACTIVATOR	Arg1:T11	Arg2:T44
7944828	CPR:4	Y 	INHIBITOR	Arg1:T6	Arg2:T36
7944828	CPR:5	Y 	AGONIST	Arg1:T29	Arg2:T47
7944828	CPR:5	Y 	AGONIST	Arg1:T30	Arg2:T47
7944828	CPR:5	Y 	AGONIST	Arg1:T8	Arg2:T40
7944828	CPR:5	Y 	AGONIST	Arg1:T8	Arg2:T41
7944828	CPR:6	Y 	ANTAGONIST	Arg1:T10	Arg2:T40
7944828	CPR:6	Y 	ANTAGONIST	Arg1:T10	Arg2:T41
7944828	CPR:6	Y 	ANTAGONIST	Arg1:T2	Arg2:T32
7944828	CPR:6	Y 	ANTAGONIST	Arg1:T3	Arg2:T33
7944828	CPR:6	Y 	ANTAGONIST	Arg1:T3	Arg2:T34
7944828	CPR:6	Y 	ANTAGONIST	Arg1:T4	Arg2:T35
7944828	CPR:6	Y 	ANTAGONIST	Arg1:T7	Arg2:T39
7948825	CPR:2	N 	DIRECT-REGULATOR	Arg1:T2	Arg2:T7
7948825	CPR:2	N 	DIRECT-REGULATOR	Arg1:T2	Arg2:T8
7959748	CPR:2	N 	REGULATOR	Arg1:T1	Arg2:T4
7959748	CPR:2	N 	REGULATOR	Arg1:T2	Arg2:T4
7986344	CPR:1	N 	PART-OF	Arg1:T1	Arg2:T20
7986344	CPR:1	N 	PART-OF	Arg1:T1	Arg2:T22
7986344	CPR:1	N 	PART-OF	Arg1:T2	Arg2:T20
7986344	CPR:1	N 	PART-OF	Arg1:T2	Arg2:T22
7986344	CPR:2	N 	DIRECT-REGULATOR	Arg1:T10	Arg2:T18
7986344	CPR:2	N 	DIRECT-REGULATOR	Arg1:T10	Arg2:T19
7986344	CPR:2	N 	DIRECT-REGULATOR	Arg1:T11	Arg2:T18
7986344	CPR:2	N 	DIRECT-REGULATOR	Arg1:T11	Arg2:T19
7986344	CPR:2	N 	DIRECT-REGULATOR	Arg1:T14	Arg2:T23
7986344	CPR:2	N 	DIRECT-REGULATOR	Arg1:T9	Arg2:T20
7986344	CPR:2	N 	DIRECT-REGULATOR	Arg1:T9	Arg2:T22
7986344	CPR:2	N 	REGULATOR	Arg1:T12	Arg2:T19
7986344	CPR:2	N 	REGULATOR	Arg1:T8	Arg2:T17
7986344	CPR:4	Y 	INHIBITOR	Arg1:T4	Arg2:T15
7986344	CPR:4	Y 	INHIBITOR	Arg1:T4	Arg2:T16
7986344	CPR:4	Y 	INHIBITOR	Arg1:T4	Arg2:T20
7986344	CPR:4	Y 	INHIBITOR	Arg1:T4	Arg2:T22
7986344	CPR:4	Y 	INHIBITOR	Arg1:T5	Arg2:T15
7986344	CPR:4	Y 	INHIBITOR	Arg1:T5	Arg2:T16
7986344	CPR:4	Y 	INHIBITOR	Arg1:T5	Arg2:T20
7986344	CPR:4	Y 	INHIBITOR	Arg1:T5	Arg2:T22
7986344	CPR:4	Y 	INHIBITOR	Arg1:T7	Arg2:T17
8052854	CPR:4	Y 	INHIBITOR	Arg1:T1	Arg2:T9
8052854	CPR:4	Y 	INHIBITOR	Arg1:T2	Arg2:T9
8052854	CPR:4	Y 	INHIBITOR	Arg1:T3	Arg2:T14
8052854	CPR:4	Y 	INHIBITOR	Arg1:T3	Arg2:T15
8052854	CPR:4	Y 	INHIBITOR	Arg1:T4	Arg2:T14
8052854	CPR:4	Y 	INHIBITOR	Arg1:T4	Arg2:T15
8103526	CPR:2	N 	REGULATOR	Arg1:T1	Arg2:T11
8242725	CPR:10	N 	NOT	Arg1:T7	Arg2:T15
8242725	CPR:2	N 	DIRECT-REGULATOR	Arg1:T12	Arg2:T17
8242725	CPR:2	N 	DIRECT-REGULATOR	Arg1:T1	Arg2:T16
8242725	CPR:2	N 	DIRECT-REGULATOR	Arg1:T2	Arg2:T16
8242725	CPR:2	N 	REGULATOR	Arg1:T13	Arg2:T17
8242725	CPR:2	N 	REGULATOR	Arg1:T3	Arg2:T16
8263811	CPR:2	N 	DIRECT-REGULATOR	Arg1:T13	Arg2:T38
8263811	CPR:2	N 	DIRECT-REGULATOR	Arg1:T14	Arg2:T38
8263811	CPR:2	N 	DIRECT-REGULATOR	Arg1:T15	Arg2:T38
8263811	CPR:2	N 	DIRECT-REGULATOR	Arg1:T16	Arg2:T38
8263811	CPR:2	N 	DIRECT-REGULATOR	Arg1:T4	Arg2:T36
8263811	CPR:2	N 	DIRECT-REGULATOR	Arg1:T5	Arg2:T36
8263811	CPR:2	N 	DIRECT-REGULATOR	Arg1:T6	Arg2:T36
8263811	CPR:2	N 	DIRECT-REGULATOR	Arg1:T7	Arg2:T36
8263811	CPR:2	N 	DIRECT-REGULATOR	Arg1:T8	Arg2:T36
8263811	CPR:2	N 	REGULATOR	Arg1:T22	Arg2:T43
8263811	CPR:3	Y 	UPREGULATOR	Arg1:T21	Arg2:T43
8302852	CPR:10	N 	NOT	Arg1:T1	Arg2:T18
8302852	CPR:2	N 	REGULATOR	Arg1:T15	Arg2:T27
8302852	CPR:2	N 	REGULATOR	Arg1:T2	Arg2:T18
8302852	CPR:2	N 	REGULATOR	Arg1:T3	Arg2:T18
8302852	CPR:2	N 	REGULATOR	Arg1:T4	Arg2:T17
8302852	CPR:2	N 	REGULATOR	Arg1:T4	Arg2:T20
8600944	CPR:10	N 	NOT	Arg1:T11	Arg2:T28
8600944	CPR:2	N 	INDIRECT-REGULATOR	Arg1:T13	Arg2:T39
8600944	CPR:2	N 	INDIRECT-REGULATOR	Arg1:T13	Arg2:T40
8600944	CPR:2	N 	INDIRECT-REGULATOR	Arg1:T4	Arg2:T27
8600944	CPR:3	Y 	INDIRECT-UPREGULATOR	Arg1:T1	Arg2:T17
8600944	CPR:3	Y 	UPREGULATOR	Arg1:T12	Arg2:T37
8600944	CPR:3	Y 	UPREGULATOR	Arg1:T12	Arg2:T38
8600944	CPR:4	Y 	INDIRECT-DOWNREGULATOR	Arg1:T10	Arg2:T31
8600944	CPR:4	Y 	INDIRECT-DOWNREGULATOR	Arg1:T10	Arg2:T32
8600944	CPR:4	Y 	INDIRECT-DOWNREGULATOR	Arg1:T10	Arg2:T33
8600944	CPR:4	Y 	INDIRECT-DOWNREGULATOR	Arg1:T11	Arg2:T18
8600944	CPR:4	Y 	INDIRECT-DOWNREGULATOR	Arg1:T11	Arg2:T22
8600944	CPR:4	Y 	INDIRECT-DOWNREGULATOR	Arg1:T11	Arg2:T25
8600944	CPR:4	Y 	INDIRECT-DOWNREGULATOR	Arg1:T14	Arg2:T42
8600944	CPR:4	Y 	INDIRECT-DOWNREGULATOR	Arg1:T14	Arg2:T43
8600944	CPR:4	Y 	INDIRECT-DOWNREGULATOR	Arg1:T1	Arg2:T16
8600944	CPR:4	Y 	INDIRECT-DOWNREGULATOR	Arg1:T3	Arg2:T23
8600944	CPR:4	Y 	INDIRECT-DOWNREGULATOR	Arg1:T3	Arg2:T24
8600944	CPR:4	Y 	INDIRECT-DOWNREGULATOR	Arg1:T3	Arg2:T26
8600944	CPR:4	Y 	INDIRECT-DOWNREGULATOR	Arg1:T9	Arg2:T31
8600944	CPR:4	Y 	INDIRECT-DOWNREGULATOR	Arg1:T9	Arg2:T32
8600944	CPR:4	Y 	INDIRECT-DOWNREGULATOR	Arg1:T9	Arg2:T33
8600944	CPR:4	Y 	INHIBITOR	Arg1:T10	Arg2:T30
8600944	CPR:4	Y 	INHIBITOR	Arg1:T7	Arg2:T29
8600944	CPR:4	Y 	INHIBITOR	Arg1:T9	Arg2:T30
8636122	CPR:10	N 	NOT	Arg1:T11	Arg2:T28
8636122	CPR:10	N 	NOT	Arg1:T1	Arg2:T29
8636122	CPR:10	N 	NOT	Arg1:T4	Arg2:T18
8636122	CPR:1	N 	PART-OF	Arg1:T12	Arg2:T29
8636122	CPR:1	N 	PART-OF	Arg1:T13	Arg2:T29
8636122	CPR:2	N 	DIRECT-REGULATOR	Arg1:T10	Arg2:T28
8636122	CPR:2	N 	DIRECT-REGULATOR	Arg1:T14	Arg2:T31
8636122	CPR:2	N 	DIRECT-REGULATOR	Arg1:T2	Arg2:T17
8636122	CPR:2	N 	DIRECT-REGULATOR	Arg1:T3	Arg2:T17
8636122	CPR:2	N 	DIRECT-REGULATOR	Arg1:T4	Arg2:T23
8636122	CPR:2	N 	DIRECT-REGULATOR	Arg1:T4	Arg2:T25
8636122	CPR:2	N 	DIRECT-REGULATOR	Arg1:T9	Arg2:T24
8636122	CPR:6	Y 	ANTAGONIST	Arg1:T14	Arg2:T30
8646863	CPR:2	N 	DIRECT-REGULATOR	Arg1:T2	Arg2:T5
8667211	CPR:3	Y 	ACTIVATOR	Arg1:T12	Arg2:T13
8667211	CPR:3	Y 	ACTIVATOR	Arg1:T12	Arg2:T14
8667211	CPR:3	Y 	UPREGULATOR	Arg1:T10	Arg2:T30
8667211	CPR:4	Y 	DOWNREGULATOR	Arg1:T11	Arg2:T31
8667211	CPR:4	Y 	DOWNREGULATOR	Arg1:T11	Arg2:T32
8667211	CPR:4	Y 	INHIBITOR	Arg1:T1	Arg2:T13
8667211	CPR:4	Y 	INHIBITOR	Arg1:T1	Arg2:T14
8667211	CPR:4	Y 	INHIBITOR	Arg1:T6	Arg2:T15
8667211	CPR:4	Y 	INHIBITOR	Arg1:T6	Arg2:T20
8667211	CPR:4	Y 	INHIBITOR	Arg1:T9	Arg2:T15
8667211	CPR:4	Y 	INHIBITOR	Arg1:T9	Arg2:T20
8799556	CPR:2	N 	DIRECT-REGULATOR	Arg1:T19	Arg2:T44
8799556	CPR:2	N 	DIRECT-REGULATOR	Arg1:T1	Arg2:T42
8799556	CPR:2	N 	DIRECT-REGULATOR	Arg1:T20	Arg2:T45
8799556	CPR:2	N 	DIRECT-REGULATOR	Arg1:T29	Arg2:T52
8799556	CPR:2	N 	DIRECT-REGULATOR	Arg1:T2	Arg2:T42
8799556	CPR:2	N 	DIRECT-REGULATOR	Arg1:T30	Arg2:T52
8799556	CPR:2	N 	DIRECT-REGULATOR	Arg1:T31	Arg2:T52
8799556	CPR:2	N 	DIRECT-REGULATOR	Arg1:T32	Arg2:T52
8799556	CPR:2	N 	DIRECT-REGULATOR	Arg1:T39	Arg2:T40
8799556	CPR:2	N 	DIRECT-REGULATOR	Arg1:T39	Arg2:T57
8799556	CPR:2	N 	DIRECT-REGULATOR	Arg1:T39	Arg2:T58
8799556	CPR:2	N 	DIRECT-REGULATOR	Arg1:T3	Arg2:T42
8799556	CPR:2	N 	DIRECT-REGULATOR	Arg1:T4	Arg2:T42
8799556	CPR:2	N 	DIRECT-REGULATOR	Arg1:T5	Arg2:T42
8799556	CPR:2	N 	DIRECT-REGULATOR	Arg1:T6	Arg2:T42
8799556	CPR:2	N 	REGULATOR	Arg1:T26	Arg2:T46
8799556	CPR:2	N 	REGULATOR	Arg1:T33	Arg2:T54
8799556	CPR:2	N 	REGULATOR	Arg1:T34	Arg2:T54
8799556	CPR:2	N 	REGULATOR	Arg1:T35	Arg2:T56
8799556	CPR:2	N 	REGULATOR	Arg1:T36	Arg2:T56
8799556	CPR:2	N 	REGULATOR	Arg1:T37	Arg2:T56
8799556	CPR:2	N 	REGULATOR	Arg1:T38	Arg2:T56
8799556	CPR:6	Y 	ANTAGONIST	Arg1:T1	Arg2:T42
8799556	CPR:6	Y 	ANTAGONIST	Arg1:T2	Arg2:T42
8799556	CPR:6	Y 	ANTAGONIST	Arg1:T3	Arg2:T42
8799556	CPR:6	Y 	ANTAGONIST	Arg1:T4	Arg2:T42
8799556	CPR:6	Y 	ANTAGONIST	Arg1:T5	Arg2:T42
8799556	CPR:6	Y 	ANTAGONIST	Arg1:T6	Arg2:T42
8819507	CPR:10	N 	NOT	Arg1:T9	Arg2:T29
8819507	CPR:2	N 	DIRECT-REGULATOR	Arg1:T19	Arg2:T25
8819507	CPR:2	N 	DIRECT-REGULATOR	Arg1:T20	Arg2:T25
8819507	CPR:2	N 	DIRECT-REGULATOR	Arg1:T21	Arg2:T25
8819507	CPR:2	N 	DIRECT-REGULATOR	Arg1:T22	Arg2:T25
8819507	CPR:2	N 	DIRECT-REGULATOR	Arg1:T23	Arg2:T25
8819507	CPR:2	N 	REGULATOR	Arg1:T1	Arg2:T26
8819507	CPR:2	N 	REGULATOR	Arg1:T2	Arg2:T26
8836655	CPR:10	N 	NOT	Arg1:T6	Arg2:T27
8836655	CPR:10	N 	NOT	Arg1:T9	Arg2:T28
8836655	CPR:2	N 	DIRECT-REGULATOR	Arg1:T12	Arg2:T31
8836655	CPR:2	N 	DIRECT-REGULATOR	Arg1:T12	Arg2:T32
8836655	CPR:2	N 	DIRECT-REGULATOR	Arg1:T13	Arg2:T31
8836655	CPR:2	N 	DIRECT-REGULATOR	Arg1:T13	Arg2:T32
8836655	CPR:2	N 	REGULATOR	Arg1:T21	Arg2:T35
8836655	CPR:2	N 	REGULATOR	Arg1:T22	Arg2:T35
8836655	CPR:3	Y 	ACTIVATOR	Arg1:T10	Arg2:T30
8836655	CPR:5	Y 	AGONIST	Arg1:T10	Arg2:T29
8836655	CPR:5	Y 	AGONIST-INHIBITOR	Arg1:T20	Arg2:T33
8836655	CPR:5	Y 	AGONIST-INHIBITOR	Arg1:T20	Arg2:T34
8836655	CPR:6	Y 	ANTAGONIST	Arg1:T18	Arg2:T33
8836655	CPR:6	Y 	ANTAGONIST	Arg1:T18	Arg2:T34
8836655	CPR:6	Y 	ANTAGONIST	Arg1:T19	Arg2:T33
8836655	CPR:6	Y 	ANTAGONIST	Arg1:T19	Arg2:T34
8836655	CPR:6	Y 	ANTAGONIST	Arg1:T1	Arg2:T23
8836655	CPR:6	Y 	ANTAGONIST	Arg1:T2	Arg2:T24
8836655	CPR:6	Y 	ANTAGONIST	Arg1:T3	Arg2:T25
8836655	CPR:6	Y 	ANTAGONIST	Arg1:T6	Arg2:T26
8894610	CPR:10	N 	NOT	Arg1:T16	Arg2:T31
8894610	CPR:2	N 	DIRECT-REGULATOR	Arg1:T17	Arg2:T32
8894610	CPR:2	N 	REGULATOR	Arg1:T19	Arg2:T33
8894610	CPR:2	N 	REGULATOR	Arg1:T20	Arg2:T33
8894610	CPR:4	Y 	INHIBITOR	Arg1:T2	Arg2:T28
8894610	CPR:5	Y 	AGONIST-ACTIVATOR	Arg1:T18	Arg2:T33
8894610	CPR:5	Y 	AGONIST	Arg1:T15	Arg2:T31
8894610	CPR:5	Y 	AGONIST	Arg1:T1	Arg2:T28
8894610	CPR:6	Y 	ANTAGONIST	Arg1:T13	Arg2:T34
8894610	CPR:6	Y 	ANTAGONIST	Arg1:T14	Arg2:T31
8894610	CPR:6	Y 	ANTAGONIST	Arg1:T25	Arg2:T28
8894610	CPR:6	Y 	ANTAGONIST	Arg1:T26	Arg2:T35
8894610	CPR:6	Y 	ANTAGONIST	Arg1:T5	Arg2:T29
8925876	CPR:10	N 	NOT	Arg1:T13	Arg2:T21
8925876	CPR:10	N 	NOT	Arg1:T1	Arg2:T17
8925876	CPR:2	N 	DIRECT-REGULATOR	Arg1:T11	Arg2:T20
8925876	CPR:2	N 	DIRECT-REGULATOR	Arg1:T12	Arg2:T20
8925876	CPR:2	N 	REGULATOR	Arg1:T10	Arg2:T18
8925876	CPR:2	N 	REGULATOR	Arg1:T14	Arg2:T22
8925876	CPR:2	N 	REGULATOR	Arg1:T2	Arg2:T17
8925876	CPR:2	N 	REGULATOR	Arg1:T4	Arg2:T17
8925876	CPR:2	N 	REGULATOR	Arg1:T5	Arg2:T17
8925876	CPR:2	N 	REGULATOR	Arg1:T6	Arg2:T17
8925876	CPR:2	N 	REGULATOR	Arg1:T7	Arg2:T17
8925876	CPR:2	N 	REGULATOR	Arg1:T9	Arg2:T18
8925876	CPR:6	Y 	ANTAGONIST	Arg1:T3	Arg2:T15
8925876	CPR:6	Y 	ANTAGONIST	Arg1:T3	Arg2:T16
8925876	CPR:6	Y 	ANTAGONIST	Arg1:T3	Arg2:T19
9003761	CPR:10	N 	NOT	Arg1:T6	Arg2:T23
9003761	CPR:10	N 	NOT	Arg1:T7	Arg2:T23
9003761	CPR:1	N 	PART-OF	Arg1:T3	Arg2:T18
9003761	CPR:1	N 	PART-OF	Arg1:T3	Arg2:T19
9003761	CPR:2	N 	REGULATOR	Arg1:T8	Arg2:T28
9003761	CPR:2	N 	REGULATOR	Arg1:T9	Arg2:T28
9003761	CPR:4	Y 	INHIBITOR	Arg1:T6	Arg2:T24
9003761	CPR:4	Y 	INHIBITOR	Arg1:T7	Arg2:T24
9015795	CPR:2	N 	DIRECT-REGULATOR	Arg1:T10	Arg2:T30
9015795	CPR:2	N 	DIRECT-REGULATOR	Arg1:T11	Arg2:T30
9015795	CPR:2	N 	DIRECT-REGULATOR	Arg1:T12	Arg2:T30
9015795	CPR:2	N 	DIRECT-REGULATOR	Arg1:T13	Arg2:T30
9015795	CPR:2	N 	DIRECT-REGULATOR	Arg1:T14	Arg2:T30
9015795	CPR:2	N 	DIRECT-REGULATOR	Arg1:T18	Arg2:T31
9015795	CPR:2	N 	DIRECT-REGULATOR	Arg1:T3	Arg2:T27
9015795	CPR:2	N 	DIRECT-REGULATOR	Arg1:T5	Arg2:T28
9015795	CPR:2	N 	DIRECT-REGULATOR	Arg1:T6	Arg2:T29
9015795	CPR:2	N 	DIRECT-REGULATOR	Arg1:T7	Arg2:T29
9015795	CPR:2	N 	DIRECT-REGULATOR	Arg1:T8	Arg2:T29
9040115	CPR:2	N 	DIRECT-REGULATOR	Arg1:T11	Arg2:T25
9040115	CPR:2	N 	DIRECT-REGULATOR	Arg1:T12	Arg2:T25
9040115	CPR:2	N 	DIRECT-REGULATOR	Arg1:T7	Arg2:T22
9040115	CPR:2	N 	REGULATOR	Arg1:T7	Arg2:T23
9040115	CPR:3	Y 	ACTIVATOR	Arg1:T12	Arg2:T25
9040115	CPR:3	Y 	INDIRECT-UPREGULATOR	Arg1:T7	Arg2:T24
9040115	CPR:6	Y 	ANTAGONIST	Arg1:T11	Arg2:T25
9079657	CPR:1	N 	PART-OF	Arg1:T3	Arg2:T28
9079657	CPR:1	N 	PART-OF	Arg1:T4	Arg2:T33
9094999	CPR:10	N 	NOT	Arg1:T8	Arg2:T24
9094999	CPR:2	N 	DIRECT-REGULATOR	Arg1:T1	Arg2:T12
9094999	CPR:2	N 	DIRECT-REGULATOR	Arg1:T5	Arg2:T21
9094999	CPR:2	N 	DIRECT-REGULATOR	Arg1:T7	Arg2:T23
9094999	CPR:2	N 	REGULATOR	Arg1:T4	Arg2:T16
9231746	CPR:2	N 	DIRECT-REGULATOR	Arg1:T15	Arg2:T18
9231746	CPR:2	N 	DIRECT-REGULATOR	Arg1:T1	Arg2:T18
9231746	CPR:4	Y 	INHIBITOR	Arg1:T10	Arg2:T22
9231746	CPR:4	Y 	INHIBITOR	Arg1:T11	Arg2:T22
9231746	CPR:4	Y 	INHIBITOR	Arg1:T12	Arg2:T25
9231746	CPR:4	Y 	INHIBITOR	Arg1:T12	Arg2:T26
9231746	CPR:4	Y 	INHIBITOR	Arg1:T12	Arg2:T27
9231746	CPR:4	Y 	INHIBITOR	Arg1:T13	Arg2:T25
9231746	CPR:4	Y 	INHIBITOR	Arg1:T13	Arg2:T26
9231746	CPR:4	Y 	INHIBITOR	Arg1:T13	Arg2:T27
9231746	CPR:4	Y 	INHIBITOR	Arg1:T2	Arg2:T18
9231746	CPR:4	Y 	INHIBITOR	Arg1:T2	Arg2:T19
9231746	CPR:4	Y 	INHIBITOR	Arg1:T8	Arg2:T22
9399012	CPR:2	N 	DIRECT-REGULATOR	Arg1:T16	Arg2:T26
9399012	CPR:4	Y 	INDIRECT-DOWNREGULATOR	Arg1:T2	Arg2:T23
9399012	CPR:5	Y 	AGONIST	Arg1:T14	Arg2:T25
9399012	CPR:5	Y 	AGONIST	Arg1:T19	Arg2:T27
9399012	CPR:5	Y 	AGONIST	Arg1:T1	Arg2:T25
9399012	CPR:5	Y 	AGONIST	Arg1:T20	Arg2:T27
9399012	CPR:5	Y 	AGONIST	Arg1:T22	Arg2:T27
9399012	CPR:5	Y 	AGONIST	Arg1:T3	Arg2:T25
9480923	CPR:2	N 	REGULATOR	Arg1:T15	Arg2:T39
9480923	CPR:2	N 	REGULATOR	Arg1:T16	Arg2:T41
9480923	CPR:2	N 	REGULATOR	Arg1:T5	Arg2:T22
9480923	CPR:2	N 	REGULATOR	Arg1:T7	Arg2:T23
9480923	CPR:2	N 	REGULATOR	Arg1:T7	Arg2:T25
9480923	CPR:2	N 	REGULATOR	Arg1:T8	Arg2:T26
9480923	CPR:3	Y 	ACTIVATOR	Arg1:T12	Arg2:T30
9480923	CPR:3	Y 	ACTIVATOR	Arg1:T13	Arg2:T33
9480923	CPR:3	Y 	ACTIVATOR	Arg1:T14	Arg2:T37
9480923	CPR:3	Y 	ACTIVATOR	Arg1:T16	Arg2:T40
9480923	CPR:3	Y 	ACTIVATOR	Arg1:T4	Arg2:T21
9480923	CPR:3	Y 	ACTIVATOR	Arg1:T8	Arg2:T27
9480923	CPR:9	Y 	PRODUCT-OF	Arg1:T6	Arg2:T24
9607108	CPR:1	N 	PART-OF	Arg1:T1	Arg2:T16
9607108	CPR:2	N 	DIRECT-REGULATOR	Arg1:T2	Arg2:T24
9607108	CPR:2	N 	DIRECT-REGULATOR	Arg1:T2	Arg2:T25
9633680	CPR:4	Y 	INHIBITOR	Arg1:T10	Arg2:T23
9633680	CPR:4	Y 	INHIBITOR	Arg1:T9	Arg2:T23
9633680	CPR:9	Y 	SUBSTRATE	Arg1:T4	Arg2:T17
9633680	CPR:9	Y 	SUBSTRATE	Arg1:T4	Arg2:T18
9633680	CPR:9	Y 	SUBSTRATE	Arg1:T4	Arg2:T19
9633680	CPR:9	Y 	SUBSTRATE	Arg1:T4	Arg2:T20
9633680	CPR:9	Y 	SUBSTRATE	Arg1:T8	Arg2:T21
9633680	CPR:9	Y 	SUBSTRATE	Arg1:T8	Arg2:T22
9666414	CPR:4	Y 	INHIBITOR	Arg1:T6	Arg2:T14
9666414	CPR:4	Y 	INHIBITOR	Arg1:T6	Arg2:T15
9666414	CPR:4	Y 	INHIBITOR	Arg1:T6	Arg2:T16
9666414	CPR:4	Y 	INHIBITOR	Arg1:T9	Arg2:T17
9666414	CPR:4	Y 	INHIBITOR	Arg1:T9	Arg2:T18
9669506	CPR:10	N 	NOT	Arg1:T26	Arg2:T41
9669506	CPR:2	N 	DIRECT-REGULATOR	Arg1:T14	Arg2:T37
9669506	CPR:2	N 	DIRECT-REGULATOR	Arg1:T15	Arg2:T37
9669506	CPR:2	N 	DIRECT-REGULATOR	Arg1:T16	Arg2:T37
9669506	CPR:2	N 	DIRECT-REGULATOR	Arg1:T19	Arg2:T38
9669506	CPR:2	N 	DIRECT-REGULATOR	Arg1:T26	Arg2:T40
9722550	CPR:1	N 	PART-OF	Arg1:T7	Arg2:T16
9722550	CPR:1	N 	PART-OF	Arg1:T7	Arg2:T17
9722550	CPR:9	Y 	PRODUCT-OF	Arg1:T8	Arg2:T14
9722550	CPR:9	Y 	PRODUCT-OF	Arg1:T8	Arg2:T20
9722550	CPR:9	Y 	PRODUCT-OF	Arg1:T8	Arg2:T22
9722550	CPR:9	Y 	SUBSTRATE	Arg1:T10	Arg2:T21
9722550	CPR:9	Y 	SUBSTRATE	Arg1:T11	Arg2:T21
9732824	CPR:4	Y 	INHIBITOR	Arg1:T2	Arg2:T12
9732824	CPR:6	Y 	ANTAGONIST	Arg1:T3	Arg2:T13
9732824	CPR:6	Y 	ANTAGONIST	Arg1:T4	Arg2:T13
9732824	CPR:6	Y 	ANTAGONIST	Arg1:T5	Arg2:T13
9732824	CPR:6	Y 	ANTAGONIST	Arg1:T6	Arg2:T13
9732824	CPR:6	Y 	ANTAGONIST	Arg1:T7	Arg2:T13
9890894	CPR:1	N 	PART-OF	Arg1:T2	Arg2:T12
9890894	CPR:1	N 	PART-OF	Arg1:T3	Arg2:T14
9890894	CPR:1	N 	PART-OF	Arg1:T6	Arg2:T34
9890894	CPR:2	N 	DIRECT-REGULATOR	Arg1:T4	Arg2:T17
9890894	CPR:2	N 	DIRECT-REGULATOR	Arg1:T5	Arg2:T21
9890894	CPR:2	N 	DIRECT-REGULATOR	Arg1:T5	Arg2:T23
9928259	CPR:6	Y 	ANTAGONIST	Arg1:T15	Arg2:T24
9928259	CPR:9	Y 	SUBSTRATE	Arg1:T14	Arg2:T22
9928259	CPR:9	Y 	SUBSTRATE	Arg1:T14	Arg2:T23
9928259	CPR:9	Y 	SUBSTRATE	Arg1:T1	Arg2:T21
9928259	CPR:9	Y 	SUBSTRATE	Arg1:T1	Arg2:T25
