11319232	T1	CHEMICAL	242	251	acyl-CoAs
11319232	T2	CHEMICAL	1193	1201	triacsin
11319232	T3	CHEMICAL	1441	1448	sucrose
11319232	T4	CHEMICAL	1637	1652	triacylglycerol
11319232	T5	CHEMICAL	1702	1711	acyl-CoAs
11319232	T6	CHEMICAL	176	184	acyl-CoA
11319232	T7	CHEMICAL	790	806	N-ethylmaleimide
11319232	T8	CHEMICAL	898	910	Troglitazone
11319232	T9	CHEMICAL	1012	1022	Triacsin C
11319232	T10	CHEMICAL	0	8	Acyl-CoA
11319232	T11	GENE-N	1212	1215	ACS
11319232	T12	GENE-Y	1244	1248	ACS1
11319232	T13	GENE-Y	1250	1254	ACS4
11319232	T14	GENE-Y	1260	1264	ACS5
11319232	T15	GENE-Y	1369	1373	ACS4
11319232	T16	GENE-Y	1402	1406	ACS5
11319232	T17	GENE-Y	1496	1500	ACS1
11319232	T18	GENE-Y	1505	1509	ACS4
11319232	T19	GENE-Y	1606	1610	ACS1
11319232	T20	GENE-Y	1615	1619	ACS4
11319232	T21	GENE-N	1791	1794	ACS
11319232	T22	GENE-N	372	376	ACSs
11319232	T23	GENE-Y	509	513	ACS1
11319232	T24	GENE-Y	515	519	ACS4
11319232	T25	GENE-Y	525	529	ACS5
11319232	T26	GENE-Y	531	535	ACS1
11319232	T27	GENE-N	176	195	acyl-CoA synthetase
11319232	T28	GENE-Y	655	659	ACS4
11319232	T29	GENE-Y	705	709	ACS5
11319232	T30	GENE-N	197	200	ACS
11319232	T31	GENE-Y	824	828	ACS4
11319232	T32	GENE-N	840	843	ACS
11319232	T33	GENE-Y	921	925	ACS4
11319232	T34	GENE-N	947	950	ACS
11319232	T35	GENE-Y	1056	1060	ACS1
11319232	T36	GENE-Y	1065	1069	ACS4
11319232	T37	GENE-N	1081	1084	ACS
11319232	T38	GENE-N	0	40	Acyl-CoA synthetase isoforms 1, 4, and 5
12213829	T1	CHEMICAL	1134	1137	ATP
12213829	T2	CHEMICAL	1198	1201	ATP
12213829	T3	CHEMICAL	1220	1226	Mg(2+)
12213829	T4	CHEMICAL	1305	1306	N
12213829	T5	CHEMICAL	1424	1425	N
12213829	T6	CHEMICAL	1467	1468	N
12213829	T7	CHEMICAL	260	261	K
12213829	T8	CHEMICAL	262	265	ATP
12213829	T9	CHEMICAL	1597	1610	glibenclamide
12213829	T10	CHEMICAL	1692	1717	(125)I-azidoglibenclamide
12213829	T11	CHEMICAL	1743	1744	N
12213829	T12	CHEMICAL	1835	1836	N
12213829	T13	CHEMICAL	1866	1867	K
12213829	T14	CHEMICAL	1868	1871	ATP
12213829	T15	CHEMICAL	408	411	ATP
12213829	T16	CHEMICAL	163	164	N
12213829	T17	CHEMICAL	580	584	K(+)
12213829	T18	CHEMICAL	170	171	C
12213829	T19	CHEMICAL	912	925	nucleotide(s)
12213829	T20	CHEMICAL	971	983	sulfonylurea
12213829	T21	CHEMICAL	997	998	K
12213829	T22	CHEMICAL	999	1002	ATP
12213829	T23	CHEMICAL	1057	1058	N
12213829	T24	CHEMICAL	28	32	KATP
12213829	T25	CHEMICAL	48	49	N
12213829	T26	GENE-N	1126	1147	DeltaNK(ATP) channels
12213829	T27	GENE-Y	247	255	K(IR)6.0
12213829	T28	GENE-Y	1461	1466	K(IR)
12213829	T29	GENE-Y	256	259	SUR
12213829	T30	GENE-Y	1505	1509	SUR1
12213829	T31	GENE-N	260	275	K(ATP) channels
12213829	T32	GENE-Y	1624	1638	DeltaNK(IR)6.2
12213829	T33	GENE-Y	1639	1643	SUR1
12213829	T34	GENE-Y	1681	1686	K(IR)
12213829	T35	GENE-Y	1737	1742	K(IR)
12213829	T36	GENE-Y	1764	1768	SUR1
12213829	T37	GENE-Y	1829	1834	K(IR)
12213829	T38	GENE-N	1866	1881	K(ATP) channels
12213829	T39	GENE-N	1936	1941	BtuCD
12213829	T40	GENE-N	1943	1947	MsbA
12213829	T41	GENE-N	1957	1961	KcsA
12213829	T42	GENE-N	1998	2001	MDR
12213829	T43	GENE-Y	2015	2018	SUR
12213829	T44	GENE-Y	2028	2033	K(IR)
12213829	T45	GENE-Y	426	434	K(IR)6.2
12213829	T46	GENE-Y	435	439	SUR1
12213829	T47	GENE-Y	472	480	K(IR)6.2
12213829	T48	GENE-Y	837	845	K(IR)6.1
12213829	T49	GENE-Y	846	850	SUR1
12213829	T50	GENE-Y	194	202	K(IR)6.0
12213829	T51	GENE-N	997	1003	K(ATP)
12213829	T52	GENE-Y	1090	1098	K(IR)6.0
12213829	T53	GENE-Y	0	3	SUR
12213829	T54	GENE-N	28	41	KATP channels
12213829	T55	GENE-Y	59	65	KIR6.2
19228178	T1	CHEMICAL	349	372	gamma-aminobutyric acid
19228178	T2	CHEMICAL	542	551	Ramelteon
19228178	T3	CHEMICAL	553	560	Rozerem
19228178	T4	CHEMICAL	653	662	melatonin
19228178	T5	CHEMICAL	763	772	ramelteon
19228178	T6	CHEMICAL	810	819	melatonin
19228178	T7	CHEMICAL	943	952	ramelteon
19228178	T8	CHEMICAL	1071	1080	Ramelteon
19228178	T9	CHEMICAL	16	25	ramelteon
19228178	T10	GENE-N	349	393	gamma-aminobutyric acid A (GABA(A)) receptor
19228178	T11	GENE-Y	663	668	MT(1)
19228178	T12	GENE-Y	669	674	MT(2)
19228178	T13	GENE-N	735	751	GABA(A) receptor
19228178	T14	GENE-Y	820	825	MT(1)
19228178	T15	GENE-Y	830	835	MT(2)
19228178	T16	GENE-Y	39	42	MT1
19228178	T17	GENE-Y	43	46	MT2
15843826	T1	CHEMICAL	1274	1278	Am80
15843826	T2	CHEMICAL	1320	1324	Am80
15843826	T3	CHEMICAL	568	576	retinoid
15843826	T4	CHEMICAL	577	581	Am80
15843826	T5	CHEMICAL	583	595	Tamibarotene
15843826	T6	CHEMICAL	631	635	Am80
15843826	T7	CHEMICAL	656	669	retinoic-acid
15843826	T8	CHEMICAL	722	745	all-trans retinoic acid
15843826	T9	CHEMICAL	786	790	Am80
15843826	T10	CHEMICAL	921	925	Am80
15843826	T11	CHEMICAL	1071	1075	Am80
15843826	T12	CHEMICAL	41	49	retinoid
15843826	T13	CHEMICAL	50	54	Am80
15843826	T14	CHEMICAL	56	68	Tamibarotene
15843826	T15	GENE-N	1118	1131	VEGF receptor
15843826	T16	GENE-Y	1146	1150	VEGF
15843826	T17	GENE-Y	433	437	VEGF
15843826	T18	GENE-N	656	689	retinoic-acid receptor-alpha/beta
15843826	T19	GENE-Y	915	919	VEGF
15843826	T20	GENE-Y	1086	1090	VEGF
23628509	T1	CHEMICAL	1156	1163	CP[c]Ph
23628509	T2	CHEMICAL	1235	1249	benzo[a]pyrene
23628509	T3	CHEMICAL	1251	1256	B[a]P
23628509	T4	CHEMICAL	1312	1319	CP[c]Ph
23628509	T5	CHEMICAL	1457	1464	CP[c]Ph
23628509	T6	CHEMICAL	1484	1489	B[a]P
23628509	T7	CHEMICAL	1600	1608	estrogen
23628509	T8	CHEMICAL	1673	1680	CP[c]Ph
23628509	T9	CHEMICAL	1764	1772	CP[c]Phs
23628509	T10	CHEMICAL	1937	1944	CP-PAHs
23628509	T11	CHEMICAL	346	372	cyclopenta[c]phenanthrenes
23628509	T12	CHEMICAL	374	381	CP[c]Ph
23628509	T13	CHEMICAL	538	545	CP-PAHs
23628509	T14	CHEMICAL	580	587	CP[c]Ph
23628509	T15	CHEMICAL	655	662	CP[c]Ph
23628509	T16	CHEMICAL	123	130	CP-PAHs
23628509	T17	CHEMICAL	723	735	cyclopentane
23628509	T18	CHEMICAL	811	817	B[c]Ph
23628509	T19	CHEMICAL	827	839	phenanthrene
23628509	T20	CHEMICAL	873	878	alkyl
23628509	T21	CHEMICAL	72	121	cyclopenta-fused polycyclic aromatic hydrocarbons
23628509	T22	CHEMICAL	996	1003	CP[c]Ph
23628509	T23	CHEMICAL	0	26	Cyclopenta[c]phenanthrenes
23628509	T24	GENE-N	1191	1196	CYP1A
23628509	T25	GENE-N	1347	1352	CYP1A
23628509	T26	GENE-Y	1528	1548	tumor suppressor p53
23628509	T27	GENE-Y	1641	1644	ERα
23628509	T28	GENE-Y	1649	1652	VTG
23375813	T1	CHEMICAL	470	474	(1)H
23375813	T2	CHEMICAL	479	484	(13)C
23375813	T3	CHEMICAL	158	176	bisindole alkaloid
23375813	T4	CHEMICAL	733	756	3'-R/S-hydroxyvoacamine
23375813	T5	CHEMICAL	177	200	3'-R/S-hydroxyvoacamine
23375813	T6	CHEMICAL	0	23	3'-R/S-Hydroxyvoacamine
23375813	T7	GENE-Y	112	132	acetylcholinesterase
23375813	T8	GENE-Y	568	572	AChE
23375813	T9	GENE-Y	674	678	AChE
23375813	T10	GENE-Y	34	54	acetylcholinesterase
23538162	T1	CHEMICAL	1305	1308	Rg1
23538162	T2	CHEMICAL	291	306	Ginsenoside Rg1
23538162	T3	CHEMICAL	308	311	Rg1
23538162	T4	CHEMICAL	549	552	Rg1
23538162	T5	CHEMICAL	581	584	Rg1
23538162	T6	CHEMICAL	730	738	nitrogen
23538162	T7	CHEMICAL	873	878	RU486
23538162	T8	CHEMICAL	898	903	U0126
23538162	T9	CHEMICAL	916	924	estrogen
23538162	T10	CHEMICAL	947	957	ICI 82,780
23538162	T11	CHEMICAL	1002	1005	Rg1
23538162	T12	CHEMICAL	72	87	ginsenoside Rg1
23538162	T13	GENE-Y	1330	1337	Aβ25-35
23538162	T14	GENE-Y	1391	1393	GR
23538162	T15	GENE-N	1394	1397	ERK
23538162	T16	GENE-Y	186	195	β-amyloid
23538162	T17	GENE-Y	197	199	Aβ
23538162	T18	GENE-Y	500	502	Aβ
23538162	T19	GENE-Y	600	607	Aβ25-35
23538162	T20	GENE-Y	677	683	HIF-1α
23538162	T21	GENE-Y	833	856	glucocorticoid receptor
23538162	T22	GENE-Y	858	860	GR
23538162	T23	GENE-N	882	887	p-ERK
23538162	T24	GENE-Y	916	935	estrogen receptor α
23538162	T25	GENE-Y	1024	1031	Aβ25-35
23538162	T26	GENE-Y	1088	1090	GR
23538162	T27	GENE-N	1101	1104	ERK
23538162	T28	GENE-Y	1151	1157	HIF-1α
23538162	T29	GENE-Y	107	124	β-amyloid peptide
23538162	T30	GENE-Y	11	34	glucocorticoid receptor
23538162	T31	GENE-N	35	38	ERK
21272013	T1	CHEMICAL	261	272	amphetamine
21272013	T2	CHEMICAL	274	278	AMPH
21272013	T3	CHEMICAL	284	291	cocaine
21272013	T4	CHEMICAL	293	296	COC
21272013	T5	CHEMICAL	346	354	dopamine
21272013	T6	CHEMICAL	461	470	monoamine
21272013	T7	CHEMICAL	529	533	AMPH
21272013	T8	CHEMICAL	538	541	COC
21272013	T9	CHEMICAL	963	967	AMPH
21272013	T10	CHEMICAL	972	975	COC
21272013	T11	GENE-Y	424	427	DAT
21272013	T12	GENE-Y	480	485	VMAT2
21272013	T13	GENE-Y	509	512	DAT
21272013	T14	GENE-Y	590	595	VMAT2
21272013	T15	GENE-Y	795	800	VMAT2
21272013	T16	GENE-Y	0	5	VMAT2
23142507	T1	CHEMICAL	462	472	nucleotide
23142507	T2	CHEMICAL	555	565	amino acid
23142507	T3	CHEMICAL	906	909	Lys
23142507	T4	CHEMICAL	912	915	His
23142507	T5	CHEMICAL	924	927	Cys
23142507	T6	CHEMICAL	930	933	Asp
23142507	T7	CHEMICAL	946	949	Ala
23142507	T8	CHEMICAL	952	955	Phe
23142507	T9	CHEMICAL	1040	1043	Glu
23142507	T10	CHEMICAL	1046	1049	Lys
23142507	T11	CHEMICAL	1064	1067	Lys
23142507	T12	CHEMICAL	1070	1073	Asn
23142507	T13	GENE-Y	105	117	Heteromtoxin
23142507	T14	GENE-N	1189	1203	phospholipases
23142507	T15	GENE-Y	222	226	HmTx
23142507	T16	GENE-Y	119	123	HmTx
23142507	T17	GENE-N	289	295	PLA(2)
23142507	T18	GENE-N	130	158	group III phospholipase A(2)
23142507	T19	GENE-Y	485	489	HmTx
23142507	T20	GENE-Y	683	687	HmTx
23142507	T21	GENE-N	784	821	Mesobuthus tamulus phospholipase A(2)
23142507	T22	GENE-N	823	831	MtPLA(2)
23142507	T23	GENE-Y	854	858	HmTx
23142507	T24	GENE-Y	0	12	Heteromtoxin
23142507	T25	GENE-Y	14	18	HmTx
23142507	T26	GENE-N	43	61	phospholipase A(2)
22989705	T1	CHEMICAL	158	167	Cisplatin
22989705	T2	CHEMICAL	1163	1174	glutathione
22989705	T3	CHEMICAL	1176	1179	GSH
22989705	T4	CHEMICAL	1277	1282	BADGE
22989705	T5	CHEMICAL	1284	1296	Pioglitazone
22989705	T6	CHEMICAL	1338	1347	cisplatin
22989705	T7	CHEMICAL	1417	1422	BADGE
22989705	T8	CHEMICAL	1486	1498	pioglitazone
22989705	T9	CHEMICAL	1517	1526	cisplatin
22989705	T10	CHEMICAL	1635	1647	pioglitazone
22989705	T11	CHEMICAL	1714	1723	cisplatin
22989705	T12	CHEMICAL	325	337	pioglitazone
22989705	T13	CHEMICAL	352	361	cisplatin
22989705	T14	CHEMICAL	515	524	cisplatin
22989705	T15	CHEMICAL	565	577	Pioglitazone
22989705	T16	CHEMICAL	579	607	Bisphenol A diglycidyl ether
22989705	T17	CHEMICAL	609	614	BADGE
22989705	T18	CHEMICAL	764	773	cisplatin
22989705	T19	CHEMICAL	927	939	pioglitazone
22989705	T20	CHEMICAL	995	1010	malondialdehyde
22989705	T21	CHEMICAL	1012	1015	MDA
22989705	T22	CHEMICAL	1106	1115	cisplatin
22989705	T23	CHEMICAL	0	12	Pioglitazone
22989705	T24	CHEMICAL	30	39	cisplatin
22989705	T25	GENE-Y	1193	1199	PPAR-γ
22989705	T26	GENE-Y	1580	1586	PPAR-γ
22989705	T27	GENE-Y	629	678	Peroxisome proliferator- activated receptor gamma
22989705	T28	GENE-Y	680	686	PPAR-γ
22989705	T29	GENE-Y	1018	1045	tumor necrosis factor alpha
22989705	T30	GENE-Y	1047	1052	TNF-α
22989705	T31	GENE-N	1055	1077	nuclear factor kappa B
22989705	T32	GENE-N	1079	1084	NF-κB
16686685	T1	CHEMICAL	1286	1288	Na
16686685	T2	CHEMICAL	1331	1333	Na
16686685	T3	CHEMICAL	1364	1366	Na
16686685	T4	CHEMICAL	1391	1400	lidocaine
16686685	T5	CHEMICAL	1405	1412	RSD1235
16686685	T6	CHEMICAL	1525	1527	Na
16686685	T7	CHEMICAL	1539	1541	Na
16686685	T8	CHEMICAL	1662	1671	lidocaine
16686685	T9	CHEMICAL	1673	1683	mexiletine
16686685	T10	CHEMICAL	1689	1696	RSD1235
16686685	T11	CHEMICAL	1764	1766	Na
16686685	T12	CHEMICAL	128	130	Na
16686685	T13	CHEMICAL	448	450	Na
16686685	T14	CHEMICAL	467	469	Na
16686685	T15	CHEMICAL	555	565	dofetilide
16686685	T16	CHEMICAL	567	576	clofilium
16686685	T17	CHEMICAL	582	589	sotalol
16686685	T18	CHEMICAL	1018	1020	Na
16686685	T19	CHEMICAL	1028	1037	lidocaine
16686685	T20	CHEMICAL	1039	1049	mexiletine
16686685	T21	CHEMICAL	1055	1062	RSD1235
16686685	T22	GENE-N	1286	1296	Na channel
16686685	T23	GENE-N	1364	1374	Na channel
16686685	T24	GENE-Y	1602	1609	Nav 1.5
16686685	T25	GENE-N	1078	1089	ion channel
22972179	T1	CHEMICAL	1417	1420	Ser
22972179	T2	CHEMICAL	396	410	2-deoxyglucose
22972179	T3	CHEMICAL	460	469	rapamycin
22972179	T4	CHEMICAL	570	573	Thr
22972179	T5	CHEMICAL	683	697	2-deoxyglucose
22972179	T6	CHEMICAL	1047	1061	2-deoxyglucose
22972179	T7	CHEMICAL	1072	1086	2-Deoxyglucose
22972179	T8	GENE-Y	1146	1150	TSC2
22972179	T9	GENE-N	1155	1159	AMPK
22972179	T10	GENE-Y	1209	1213	TSC1
22972179	T11	GENE-Y	1223	1227	TSC2
22972179	T12	GENE-N	1243	1247	AMPK
22972179	T13	GENE-Y	1307	1311	mTOR
22972179	T14	GENE-N	1339	1343	AMPK
22972179	T15	GENE-N	1358	1364	mTORC1
22972179	T16	GENE-N	1504	1508	AMPK
22972179	T17	GENE-N	1594	1600	mTORC1
22972179	T18	GENE-N	346	374	AMP-activated protein kinase
22972179	T19	GENE-N	376	380	AMPK
22972179	T20	GENE-N	440	479	mammalian target of rapamycin complex 1
22972179	T21	GENE-N	481	487	mTORC1
22972179	T22	GENE-N	562	566	AMPK
22972179	T23	GENE-N	835	841	mTORC1
22972179	T24	GENE-Y	896	925	ribosomal protein S6 kinase 1
22972179	T25	GENE-Y	930	953	eIF4E binding protein-1
22972179	T26	GENE-Y	955	961	4E-BP1
22972179	T27	GENE-Y	1000	1005	eIF2α
22972179	T28	GENE-Y	1116	1144	tuberous sclerosis complex 2
22972179	T29	GENE-N	122	128	mTORC1
22972179	T30	GENE-N	62	66	AMPK
23570914	T1	CHEMICAL	1279	1307	caffeic acid phenethyl ester
23570914	T2	CHEMICAL	1337	1346	bleomycin
23570914	T3	CHEMICAL	549	558	bleomycin
23570914	T4	CHEMICAL	720	730	superoxide
23570914	T5	CHEMICAL	765	776	glutathione
23570914	T6	CHEMICAL	781	800	thiobarbituric acid
23570914	T7	CHEMICAL	851	860	bleomycin
23570914	T8	CHEMICAL	978	984	oxygen
23570914	T9	CHEMICAL	1116	1125	bleomycin
23570914	T10	CHEMICAL	116	125	bleomycin
23570914	T11	GENE-Y	1175	1179	Nrf2
23570914	T12	GENE-Y	1263	1267	Nrf2
23570914	T13	GENE-N	1384	1392	collagen
23570914	T14	GENE-Y	400	443	nuclear factor erythroid 2-related factor 2
23570914	T15	GENE-Y	445	449	Nrf2
23570914	T16	GENE-N	594	602	collagen
23570914	T17	GENE-N	646	650	Nrf2
23570914	T18	GENE-N	720	740	superoxide dismutase
23570914	T19	GENE-N	742	750	catalase
23570914	T20	GENE-Y	872	876	Nrf2
23570914	T21	GENE-N	892	927	extracellular signal-related kinase
23570914	T22	GENE-Y	15	58	nuclear factor erythroid 2-related factor 2
23570914	T23	GENE-N	63	100	extracellular signal-regulated kinase
15953344	T1	CHEMICAL	99	114	Monocarboxylate
15953344	T2	CHEMICAL	200	216	monocarboxylates
15953344	T3	CHEMICAL	1248	1264	monocarboxylates
15953344	T4	CHEMICAL	225	232	lactate
15953344	T5	CHEMICAL	1424	1431	glucose
15953344	T6	CHEMICAL	234	242	pyruvate
15953344	T7	CHEMICAL	255	261	ketone
15953344	T8	CHEMICAL	809	824	monocarboxylate
15953344	T9	CHEMICAL	957	973	monocarboxylates
15953344	T10	CHEMICAL	0	15	Monocarboxylate
15953344	T11	GENE-N	99	127	Monocarboxylate transporters
15953344	T12	GENE-N	1140	1143	MCT
15953344	T13	GENE-N	381	385	MCTs
15953344	T14	GENE-N	129	133	MCTs
15953344	T15	GENE-Y	457	461	MCT1
15953344	T16	GENE-Y	463	467	MCT2
15953344	T17	GENE-Y	472	476	MCT4
15953344	T18	GENE-Y	617	621	MCT1
15953344	T19	GENE-Y	716	720	MCT4
15953344	T20	GENE-N	809	836	monocarboxylate transporter
15953344	T21	GENE-Y	840	844	MCT2
15953344	T22	GENE-Y	869	873	MCT2
15953344	T23	GENE-N	0	28	Monocarboxylate transporters
1386491	T1	CHEMICAL	85	96	Candoxatril
1386491	T2	CHEMICAL	1119	1130	candoxatril
1386491	T3	CHEMICAL	309	320	candoxatril
1386491	T4	CHEMICAL	496	507	candoxatril
1386491	T5	CHEMICAL	556	567	aldosterone
1386491	T6	CHEMICAL	698	709	aldosterone
1386491	T7	CHEMICAL	942	953	candoxatril
1386491	T8	CHEMICAL	1019	1030	aldosterone
1386491	T9	CHEMICAL	43	54	candoxatril
1386491	T10	GENE-Y	197	223	atrial natriuretic peptide
1386491	T11	GENE-Y	225	228	ANP
1386491	T12	GENE-Y	533	536	ANP
1386491	T13	GENE-Y	136	157	neutral endopeptidase
1386491	T14	GENE-Y	670	673	ANP
1386491	T15	GENE-Y	158	170	EC 3.4.24.11
1386491	T16	GENE-Y	992	995	ANP
1386491	T17	GENE-N	17	30	endopeptidase
1975995	T1	CHEMICAL	1181	1188	esmolol
1975995	T2	CHEMICAL	1443	1450	esmolol
1975995	T3	CHEMICAL	485	492	esmolol
1975995	T4	CHEMICAL	147	154	esmolol
1975995	T5	CHEMICAL	644	651	esmolol
1975995	T6	CHEMICAL	726	738	methohexital
1975995	T7	CHEMICAL	743	758	succinylcholine
1975995	T8	CHEMICAL	0	7	Esmolol
1975995	T9	GENE-Y	178	204	beta 1-adrenergic receptor
23238103	T1	CHEMICAL	148	156	Estrogen
23238103	T2	CHEMICAL	1402	1411	estradiol
23238103	T3	CHEMICAL	1416	1428	testosterone
23238103	T4	CHEMICAL	1769	1777	estrogen
23238103	T5	CHEMICAL	436	444	estrogen
23238103	T6	CHEMICAL	593	601	estrogen
23238103	T7	CHEMICAL	644	651	steroid
23238103	T8	CHEMICAL	663	671	androgen
23238103	T9	CHEMICAL	688	702	corticosterone
23238103	T10	CHEMICAL	845	858	17β-estradiol
23238103	T11	CHEMICAL	860	872	testosterone
23238103	T12	CHEMICAL	877	891	corticosterone
23238103	T13	CHEMICAL	59	66	steroid
23238103	T14	GENE-Y	1268	1271	ERα
23238103	T15	GENE-Y	1534	1537	ERα
23238103	T16	GENE-Y	1678	1681	ERα
23238103	T17	GENE-N	436	462	estrogen receptors α and β
23238103	T18	GENE-N	464	470	ERα, β
23238103	T19	GENE-Y	593	610	estrogen receptor
23238103	T20	GENE-N	644	661	steroid receptors
23238103	T21	GENE-Y	663	681	androgen receptors
23238103	T22	GENE-Y	683	685	AR
23238103	T23	GENE-Y	711	735	glucocorticoid receptors
23238103	T24	GENE-Y	737	739	GR
23238103	T25	GENE-Y	745	772	mineralocorticoid receptors
23238103	T26	GENE-Y	774	776	MR
23357629	T1	CHEMICAL	127	135	pyrazole
23357629	T2	CHEMICAL	307	311	(1)H
23357629	T3	CHEMICAL	312	316	(1)H
23357629	T4	CHEMICAL	323	327	(1)H
23357629	T5	CHEMICAL	328	333	(13)C
23357629	T6	CHEMICAL	343	347	(1)H
23357629	T7	CHEMICAL	348	353	(13)C
23357629	T8	CHEMICAL	148	156	flavones
23357629	T9	CHEMICAL	509	520	acetic acid
23357629	T10	CHEMICAL	910	914	keto
23357629	T11	CHEMICAL	919	927	phenolic
23357629	T12	CHEMICAL	929	931	OH
23357629	T13	CHEMICAL	196	244	1-methyl-5-(2,4,6-trimethoxy-phenyl)-1H-pyrazole
23357629	T14	CHEMICAL	78	86	pyrazole
23357629	T15	CHEMICAL	99	107	flavones
23357629	T16	GENE-N	435	438	COX
23357629	T17	GENE-Y	620	625	COX-1
23357629	T18	GENE-Y	630	635	COX-2
23357629	T19	GENE-Y	693	698	COX-2
23357629	T20	GENE-Y	1000	1005	COX-2
10207608	T1	CHEMICAL	362	385	p-bromophenacyl bromide
10207608	T2	CHEMICAL	387	390	BPB
10207608	T3	CHEMICAL	396	430	arachidonyl trifluoromethyl ketone
10207608	T4	CHEMICAL	432	439	AACOCF3
10207608	T5	CHEMICAL	549	552	BPB
10207608	T6	CHEMICAL	557	564	AACOCF3
10207608	T7	CHEMICAL	576	607	phorbol 12-myristate 13-acetate
10207608	T8	CHEMICAL	743	746	BPB
10207608	T9	CHEMICAL	761	768	AACOCF3
10207608	T10	CHEMICAL	966	969	BPB
10207608	T11	CHEMICAL	984	991	AACOCF3
10207608	T12	CHEMICAL	1054	1057	BPB
10207608	T13	CHEMICAL	1062	1069	AACOCF3
10207608	T14	CHEMICAL	28	51	p-bromophenacyl bromide
10207608	T15	CHEMICAL	56	90	arachidonyl trifluoromethyl ketone
10207608	T16	GENE-Y	165	181	Phospholipase A2
10207608	T17	GENE-Y	1242	1246	PLA2
10207608	T18	GENE-Y	346	350	PLA2
10207608	T19	GENE-Y	183	187	PLA2
10207608	T20	GENE-Y	444	457	interleukin-2
10207608	T21	GENE-Y	459	463	IL-2
10207608	T22	GENE-Y	631	635	IL-2
10207608	T23	GENE-Y	703	707	IL-2
10207608	T24	GENE-Y	823	827	IL-2
10207608	T25	GENE-Y	879	883	PLA2
10207608	T26	GENE-N	245	253	cytokine
10207608	T27	GENE-Y	1038	1042	PLA2
10207608	T28	GENE-Y	1095	1099	IL-2
10207608	T29	GENE-Y	0	16	Phospholipase A2
10207608	T30	GENE-Y	102	115	interleukin-2
10207608	T31	GENE-Y	117	121	IL-2
9079657	T1	CHEMICAL	1242	1246	125I
9079657	T2	CHEMICAL	1699	1703	125I
9079657	T3	CHEMICAL	378	461	5-dimethylaminonaphthalene-1sulfonyl (dansyl) Glu-Gly-Arg-(DEGR)-chloromethylketone
9079657	T4	CHEMICAL	791	794	Gly
9079657	T5	CHEMICAL	885	889	125I
9079657	T6	GENE-Y	1163	1171	factor X
9079657	T7	GENE-N	1181	1192	Leu83-Leu88
9079657	T8	GENE-Y	1202	1211	factor IX
9079657	T9	GENE-Y	1247	1256	factor Xa
9079657	T10	GENE-Y	154	163	factor Xa
9079657	T11	GENE-Y	1270	1275	EPR-1
9079657	T12	GENE-Y	1337	1346	factor IX
9079657	T13	GENE-Y	1357	1360	IXa
9079657	T14	GENE-Y	267	272	EPR-1
9079657	T15	GENE-Y	1410	1418	factor X
9079657	T16	GENE-Y	1470	1479	factor Xa
9079657	T17	GENE-Y	1525	1534	factor Xa
9079657	T18	GENE-N	1644	1660	factors X or IXa
9079657	T19	GENE-Y	1704	1713	factor Xa
9079657	T20	GENE-Y	1777	1786	factor Xa
9079657	T21	GENE-N	1828	1844	factors X or IXa
9079657	T22	GENE-N	1874	1892	inter-EGF sequence
9079657	T23	GENE-N	1893	1904	Leu83-Leu88
9079657	T24	GENE-Y	1908	1917	factor Xa
9079657	T25	GENE-Y	1950	1955	EPR-1
9079657	T26	GENE-Y	2098	2107	factor Xa
9079657	T27	GENE-Y	342	351	Factor Xa
9079657	T28	GENE-Y	462	471	factor Xa
9079657	T29	GENE-Y	509	514	EPR-1
9079657	T30	GENE-Y	577	586	factor Xa
9079657	T31	GENE-Y	614	623	factor Xa
9079657	T32	GENE-Y	692	697	EPR-1
9079657	T33	GENE-Y	701	709	factor X
9079657	T34	GENE-N	734	752	inter-EGF sequence
9079657	T35	GENE-N	753	795	Leu83-Phe84-Thr85-Arg86-Lys87-Leu88- (Gly)
9079657	T36	GENE-Y	806	817	factor V/Va
9079657	T37	GENE-Y	830	841	prothrombin
9079657	T38	GENE-Y	890	899	factor Xa
9079657	T39	GENE-Y	1008	1016	factor X
9079657	T40	GENE-Y	232	265	effector cell protease receptor-1
9079657	T41	GENE-N	1063	1081	inter-EGF sequence
9079657	T42	GENE-Y	108	141	effector cell protease receptor-1
9079657	T43	GENE-N	37	55	inter-EGF sequence
9079657	T44	GENE-N	56	67	Leu83-Leu88
9079657	T45	GENE-Y	71	80	factor Xa
18559268	T1	CHEMICAL	425	436	epothilones
18559268	T2	CHEMICAL	636	646	paclitaxel
18559268	T3	CHEMICAL	206	213	taxanes
18559268	T4	CHEMICAL	791	800	docetaxel
18559268	T5	CHEMICAL	802	809	Taxanes
18559268	T6	CHEMICAL	134	144	paclitaxel
18559268	T7	CHEMICAL	16	22	taxane
18559268	T8	GENE-N	150	161	microtubule
18559268	T9	GENE-N	773	784	microtubule
18559268	T10	GENE-N	830	842	microtubules
18559268	T11	GENE-N	875	889	P-glycoprotein
18559268	T12	GENE-N	1091	1103	efflux pumps
18559268	T13	GENE-N	34	46	microtubules
2886642	T1	CHEMICAL	128	137	ORF 17583
2886642	T2	CHEMICAL	1137	1147	famotidine
2886642	T3	CHEMICAL	1200	1209	ORF 17583
2886642	T4	CHEMICAL	1214	1224	ranitidine
2886642	T5	CHEMICAL	1248	1257	ORF 17583
2886642	T6	CHEMICAL	1324	1334	ranitidine
2886642	T7	CHEMICAL	141	150	histamine
2886642	T8	CHEMICAL	370	378	betazole
2886642	T9	CHEMICAL	425	434	histamine
2886642	T10	CHEMICAL	436	448	tetragastrin
2886642	T11	CHEMICAL	450	461	bethanechol
2886642	T12	CHEMICAL	463	480	2-deoxy-D-glucose
2886642	T13	CHEMICAL	585	594	ORF 17583
2886642	T14	CHEMICAL	645	654	histamine
2886642	T15	CHEMICAL	752	761	ORF 17583
2886642	T16	CHEMICAL	848	858	cimetidine
2886642	T17	CHEMICAL	883	893	ranitidine
2886642	T18	CHEMICAL	912	922	omeprazole
2886642	T19	CHEMICAL	953	963	famotidine
2886642	T20	CHEMICAL	995	1004	ORF 17583
2886642	T21	CHEMICAL	1055	1065	cimetidine
2886642	T22	CHEMICAL	1090	1100	ranitidine
2886642	T23	CHEMICAL	1122	1132	omeprazole
2886642	T24	CHEMICAL	11	20	ORF 17583
2886642	T25	CHEMICAL	28	37	histamine
2886642	T26	CHEMICAL	66	76	omeprazole
2886642	T27	GENE-N	141	162	histamine H2-receptor
2886642	T28	GENE-N	645	696	histamine and the gastrin and cholinergic receptors
2886642	T29	GENE-N	28	49	histamine H2-receptor
12560076	T1	CHEMICAL	84	92	D-Serine
12560076	T2	CHEMICAL	200	220	N-methyl-D-aspartate
12560076	T3	CHEMICAL	222	226	NMDA
12560076	T4	CHEMICAL	260	266	serine
12560076	T5	CHEMICAL	283	289	serine
12560076	T6	CHEMICAL	302	324	pyridoxal 5'-phosphate
12560076	T7	CHEMICAL	379	383	NMDA
12560076	T8	CHEMICAL	485	491	serine
12560076	T9	CHEMICAL	586	592	serine
12560076	T10	CHEMICAL	736	742	Mg(2+)
12560076	T11	CHEMICAL	744	750	Ca(2+)
12560076	T12	CHEMICAL	754	760	Mn(2+)
12560076	T13	CHEMICAL	874	879	L-Ser
12560076	T14	CHEMICAL	883	891	pyruvate
12560076	T15	CHEMICAL	893	901	D-Serine
12560076	T16	CHEMICAL	944	952	L-serine
12560076	T17	CHEMICAL	996	1002	serine
12560076	T18	CHEMICAL	179	186	glycine
12560076	T19	CHEMICAL	1049	1057	alkaline
12560076	T20	CHEMICAL	12	18	serine
12560076	T21	CHEMICAL	62	70	L-serine
12560076	T22	CHEMICAL	74	82	pyruvate
12560076	T23	GENE-N	200	242	N-methyl-D-aspartate (NMDA)-type receptors
12560076	T24	GENE-Y	283	298	serine racemase
12560076	T25	GENE-N	379	392	NMDA receptor
12560076	T26	GENE-Y	485	500	serine racemase
12560076	T27	GENE-Y	580	601	mouse serine racemase
12560076	T28	GENE-Y	0	27	Mouse brain serine racemase
23500776	T1	CHEMICAL	1200	1204	EROD
23500776	T2	CHEMICAL	1273	1277	EROD
23500776	T3	CHEMICAL	256	304	halogenated and polycyclic aromatic hydrocarbons
23500776	T4	CHEMICAL	1427	1430	PHH
23500776	T5	CHEMICAL	311	314	PAH
23500776	T6	CHEMICAL	427	439	phenanthrene
23500776	T7	CHEMICAL	441	447	pyrene
23500776	T8	CHEMICAL	452	466	benzo(a)pyrene
23500776	T9	CHEMICAL	489	493	EROD
23500776	T10	CHEMICAL	783	787	EROD
23500776	T11	CHEMICAL	1083	1087	EROD
23500776	T12	CHEMICAL	107	139	polycyclic aromatic hydrocarbons
23500776	T13	GENE-N	1200	1204	EROD
23500776	T14	GENE-N	1273	1277	EROD
23500776	T15	GENE-N	1406	1409	CYP
23500776	T16	GENE-N	489	493	EROD
23500776	T17	GENE-Y	534	540	CYP1A1
23500776	T18	GENE-Y	545	551	CYP1B1
23500776	T19	GENE-N	182	197	cytochrome P450
23500776	T20	GENE-N	783	787	EROD
23500776	T21	GENE-N	1083	1087	EROD
23500776	T22	GENE-N	0	4	EROD
23232123	T1	CHEMICAL	786	796	amino acid
23232123	T2	GENE-Y	285	290	LHCGR
23232123	T3	GENE-N	426	435	c.580 A>G
23232123	T4	GENE-N	450	459	c.1244T>C
23232123	T5	GENE-Y	484	489	LHCGR
23232123	T6	GENE-Y	118	169	luteinizing hormone/chorionic gonadotropin receptor
23232123	T7	GENE-N	573	581	c.580A>G
23232123	T8	GENE-Y	171	176	LHCGR
23232123	T9	GENE-N	762	771	c.1244T>C
23232123	T10	GENE-N	811	820	Ile415Thr
23232123	T11	GENE-Y	30	35	LHCGR
23354070	T1	CHEMICAL	1148	1157	palinurin
23354070	T2	CHEMICAL	568	581	sesquiterpene
23354070	T3	CHEMICAL	582	591	palinurin
23354070	T4	CHEMICAL	725	734	palinurin
23354070	T5	CHEMICAL	761	764	ATP
23354070	T6	CHEMICAL	989	998	palinurin
23354070	T7	CHEMICAL	87	96	palinurin
23354070	T8	GENE-Y	98	125	Glycogen synthase kinase 3β
23354070	T9	GENE-Y	127	133	GSK-3β
23354070	T10	GENE-Y	597	603	GSK-3β
23354070	T11	GENE-Y	704	710	GSK-3β
23354070	T12	GENE-Y	880	886	GSK-3β
23354070	T13	GENE-Y	1008	1014	GSK-3β
23354070	T14	GENE-N	35	40	GSK-3
23434647	T1	CHEMICAL	965	975	phalloidin
23434647	T2	GENE-Y	1141	1144	ADM
23434647	T3	GENE-N	1178	1186	cytokine
23434647	T4	GENE-Y	1240	1243	ADM
23434647	T5	GENE-Y	1333	1337	RhoA
23434647	T6	GENE-N	1367	1374	cofilin
23434647	T7	GENE-Y	1457	1460	ADM
23434647	T8	GENE-Y	1600	1604	RhoA
23434647	T9	GENE-Y	380	394	adrenomedullin
23434647	T10	GENE-Y	396	399	ADM
23434647	T11	GENE-Y	506	509	ADM
23434647	T12	GENE-Y	568	571	ADM
23434647	T13	GENE-N	818	826	cytokine
23434647	T14	GENE-Y	106	110	RhoA
23434647	T15	GENE-Y	19	33	Adrenomedullin
16399380	T1	CHEMICAL	1072	1083	glutathione
16399380	T2	CHEMICAL	1201	1219	monomethylarsonate
16399380	T3	CHEMICAL	1255	1262	arsenic
16399380	T4	CHEMICAL	1343	1352	ryanodine
16399380	T5	CHEMICAL	94	105	glutathione
16399380	T6	CHEMICAL	940	948	cysteine
16399380	T7	CHEMICAL	983	991	tyrosine
16399380	T8	CHEMICAL	995	1001	serine
16399380	T9	CHEMICAL	1057	1066	disulfide
16399380	T10	CHEMICAL	39	50	glutathione
16399380	T11	GENE-N	1085	1101	Omega class GSTs
16399380	T12	GENE-N	1107	1133	dehydroascorbate reductase
16399380	T13	GENE-N	1138	1154	thioltransferase
16399380	T14	GENE-Y	1307	1320	human GSTO1-1
16399380	T15	GENE-N	1343	1362	ryanodine receptors
16399380	T16	GENE-N	1384	1392	cytokine
16399380	T17	GENE-Y	1432	1437	GSTO1
16399380	T18	GENE-Y	1592	1603	human GSTO1
16399380	T19	GENE-Y	1608	1613	GSTO2
16399380	T20	GENE-Y	1662	1675	human GSTO1-1
16399380	T21	GENE-Y	1680	1687	GSTO2-2
16399380	T22	GENE-N	372	376	GSTO
16399380	T23	GENE-Y	486	491	GSTO1
16399380	T24	GENE-N	69	118	Omega class of cytosolic glutathione transferases
16399380	T25	GENE-Y	566	571	GSTO2
16399380	T26	GENE-Y	819	826	GSTO1-1
16399380	T27	GENE-Y	865	878	human GSTO1-1
16399380	T28	GENE-N	928	936	GST fold
16399380	T29	GENE-N	1026	1030	GSTs
16399380	T30	GENE-N	24	63	omega class of glutathione transferases
15155769	T1	CHEMICAL	1134	1143	acyl-CoAs
15155769	T2	CHEMICAL	183	192	Carnitine
15155769	T3	CHEMICAL	1304	1314	amino acid
15155769	T4	CHEMICAL	91	102	L-carnitine
15155769	T5	CHEMICAL	257	267	acetyl-CoA
15155769	T6	CHEMICAL	272	281	carnitine
15155769	T7	CHEMICAL	285	300	acetylcarnitine
15155769	T8	CHEMICAL	463	472	acyl-CoAs
15155769	T9	CHEMICAL	490	503	myristoyl-CoA
15155769	T10	CHEMICAL	607	617	acetyl-CoA
15155769	T11	CHEMICAL	695	704	acyl-CoAs
15155769	T12	CHEMICAL	769	776	glycine
15155769	T13	CHEMICAL	789	799	methionine
15155769	T14	CHEMICAL	803	812	carnitine
15155769	T15	CHEMICAL	912	921	acyl-CoAs
15155769	T16	CHEMICAL	965	974	acyl-CoAs
15155769	T17	CHEMICAL	170	181	fatty acids
15155769	T18	CHEMICAL	12	21	carnitine
15155769	T19	GENE-Y	183	211	Carnitine acetyltransferases
15155769	T20	GENE-Y	1169	1173	CrAT
15155769	T21	GENE-Y	1225	1229	CrAT
15155769	T22	GENE-Y	1234	1237	COT
15155769	T23	GENE-Y	1365	1369	CrAT
15155769	T24	GENE-Y	1374	1377	COT
15155769	T25	GENE-Y	213	217	CrAT
15155769	T26	GENE-Y	346	354	rat CrAT
15155769	T27	GENE-N	401	406	M564G
15155769	T28	GENE-Y	415	419	CrAT
15155769	T29	GENE-Y	552	556	CrAT
15155769	T30	GENE-Y	651	655	CrAT
15155769	T31	GENE-N	769	799	glycine (Gly553) to methionine
15155769	T32	GENE-Y	803	832	carnitine octanoyltransferase
15155769	T33	GENE-Y	834	837	COT
15155769	T34	GENE-Y	984	988	CrAT
15155769	T35	GENE-N	997	1002	M564A
15155769	T36	GENE-Y	12	39	carnitine acetyltransferase
16534527	T1	CHEMICAL	1175	1181	Kaolin
16534527	T2	CHEMICAL	1674	1685	cholesterol
16534527	T3	CHEMICAL	1687	1700	triglycerides
16534527	T4	CHEMICAL	1845	1851	kaolin
16534527	T5	CHEMICAL	824	830	kaolin
16534527	T6	GENE-N	1705	1712	insulin
16534527	T7	GENE-N	369	384	leptin receptor
16534527	T8	GENE-Y	187	195	incretin
16534527	T9	GENE-N	611	617	leptin
16534527	T10	GENE-N	648	680	glucagon-like peptide-1 receptor
23139413	T1	CHEMICAL	1685	1688	Sar
23139413	T2	CHEMICAL	1692	1695	Gln
23139413	T3	CHEMICAL	1699	1702	Ile
23139413	T4	CHEMICAL	870	879	cysteines
23139413	T5	CHEMICAL	1033	1041	losartan
23139413	T6	CHEMICAL	1098	1107	cysteines
23139413	T7	GENE-N	233	259	G protein-coupled receptor
23139413	T8	GENE-N	1259	1264	N111G
23139413	T9	GENE-Y	1303	1308	AngII
23139413	T10	GENE-Y	1325	1329	AT1R
23139413	T11	GENE-N	1400	1405	N111G
23139413	T12	GENE-Y	1460	1464	AT1R
23139413	T13	GENE-Y	1479	1484	AngII
23139413	T14	GENE-N	1551	1556	D281A
23139413	T15	GENE-Y	1602	1607	AngII
23139413	T16	GENE-Y	1707	1712	AngII
23139413	T17	GENE-N	1750	1755	D281A
23139413	T18	GENE-Y	1789	1794	AngII
23139413	T19	GENE-N	428	455	G protein-coupled receptors
23139413	T20	GENE-Y	694	724	angiotensin II type 1 receptor
23139413	T21	GENE-Y	726	730	AT1R
23139413	T22	GENE-Y	825	829	AT1R
23139413	T23	GENE-Y	990	1004	angiotensin II
23139413	T24	GENE-Y	1006	1011	AngII
23139413	T25	GENE-Y	1055	1059	AT1R
23139413	T26	GENE-Y	97	127	angiotensin II type 1 receptor
23293962	T1	CHEMICAL	1361	1365	iron
23293962	T2	CHEMICAL	1424	1428	iron
23293962	T3	CHEMICAL	224	228	iron
23293962	T4	GENE-Y	144	156	Matriptase-2
23293962	T5	GENE-Y	1223	1228	HAI-2
23293962	T6	GENE-Y	1248	1260	matriptase-2
23293962	T7	GENE-Y	1293	1301	hepcidin
23293962	T8	GENE-Y	297	305	hepcidin
23293962	T9	GENE-N	307	310	HAI
23293962	T10	GENE-N	311	371	(hepatocyte growth factor activator inhibitor) types 1 and 2
23293962	T11	GENE-Y	373	378	HAI-1
23293962	T12	GENE-Y	383	388	HAI-2
23293962	T13	GENE-N	456	466	matriptase
23293962	T14	GENE-Y	485	497	matriptase-2
23293962	T15	GENE-Y	516	521	HAI-2
23293962	T16	GENE-Y	541	546	HAI-2
23293962	T17	GENE-N	592	604	matriptase-2
23293962	T18	GENE-N	193	201	protease
23293962	T19	GENE-Y	698	710	matriptase-2
23293962	T20	GENE-Y	715	720	HAI-2
23293962	T21	GENE-Y	790	795	HAI-2
23293962	T22	GENE-Y	799	811	matriptase-2
23293962	T23	GENE-Y	885	890	HAI-2
23293962	T24	GENE-Y	935	943	hepcidin
23293962	T25	GENE-Y	958	962	HAMP
23293962	T26	GENE-Y	992	1004	matriptase-2
23293962	T27	GENE-Y	1029	1033	HAMP
23293962	T28	GENE-Y	1097	1109	matriptase-2
23293962	T29	GENE-Y	0	51	Hepatocyte growth factor activator inhibitor type 2
23293962	T30	GENE-N	121	129	protease
23293962	T31	GENE-Y	130	142	matriptase-2
23293962	T32	GENE-Y	53	58	HAI-2
23293962	T33	GENE-Y	70	78	hepcidin
23350847	T1	CHEMICAL	102	118	pyrrolopyrazines
23350847	T2	CHEMICAL	0	16	Pyrrolopyrazines
23350847	T3	CHEMICAL	37	45	Tyrosine
23350847	T4	GENE-Y	143	146	Syk
23350847	T5	GENE-Y	30	52	Spleen Tyrosine Kinase
11861820	T1	CHEMICAL	1165	1167	DA
11861820	T2	CHEMICAL	1316	1320	MDMA
11861820	T3	CHEMICAL	258	266	dopamine
11861820	T4	CHEMICAL	1389	1393	MDMA
11861820	T5	CHEMICAL	1422	1424	DA
11861820	T6	CHEMICAL	268	270	DA
11861820	T7	CHEMICAL	1523	1527	METH
11861820	T8	CHEMICAL	1700	1704	MDMA
11861820	T9	CHEMICAL	1729	1733	METH
11861820	T10	CHEMICAL	422	434	amphetamines
11861820	T11	CHEMICAL	456	485	methylenedioxymethamphetamine
11861820	T12	CHEMICAL	487	491	MDMA
11861820	T13	CHEMICAL	513	515	DA
11861820	T14	CHEMICAL	548	557	monoamine
11861820	T15	CHEMICAL	175	190	methamphetamine
11861820	T16	CHEMICAL	618	622	METH
11861820	T17	CHEMICAL	663	667	MDMA
11861820	T18	CHEMICAL	192	196	METH
11861820	T19	CHEMICAL	728	730	DA
11861820	T20	CHEMICAL	830	834	METH
11861820	T21	CHEMICAL	951	955	METH
11861820	T22	CHEMICAL	971	975	MDMA
11861820	T23	CHEMICAL	1034	1042	WIN35428
11861820	T24	CHEMICAL	1109	1111	DA
11861820	T25	CHEMICAL	1126	1130	MDMA
11861820	T26	CHEMICAL	0	29	Methylenedioxymethamphetamine
11861820	T27	CHEMICAL	67	75	dopamine
11861820	T28	GENE-Y	1255	1271	protein kinase C
11861820	T29	GENE-Y	1375	1378	DAT
11861820	T30	GENE-Y	1737	1740	DAT
11861820	T31	GENE-Y	1745	1751	VMAT-2
11861820	T32	GENE-Y	513	527	DA transporter
11861820	T33	GENE-Y	529	532	DAT
11861820	T34	GENE-Y	538	571	vesicular monoamine transporter-2
11861820	T35	GENE-Y	573	579	VMAT-2
11861820	T36	GENE-Y	1023	1026	DAT
16206183	T1	CHEMICAL	1178	1252	8-(2-[(18)F]fluroethyl)2beta-carbomethoxy-3beta-(4-chlorophenyl)nortropane
16206183	T2	CHEMICAL	220	227	cocaine
16206183	T3	CHEMICAL	1254	1259	FECNT
16206183	T4	CHEMICAL	1324	1336	dimethocaine
16206183	T5	CHEMICAL	1341	1349	procaine
16206183	T6	CHEMICAL	1502	1504	DA
16206183	T7	CHEMICAL	1586	1588	DA
16206183	T8	CHEMICAL	265	273	dopamine
16206183	T9	CHEMICAL	304	306	DA
16206183	T10	CHEMICAL	530	542	dimethocaine
16206183	T11	CHEMICAL	544	552	procaine
16206183	T12	CHEMICAL	557	564	cocaine
16206183	T13	CHEMICAL	662	669	cocaine
16206183	T14	CHEMICAL	744	756	dimethocaine
16206183	T15	CHEMICAL	788	796	procaine
16206183	T16	CHEMICAL	847	854	cocaine
16206183	T17	CHEMICAL	870	882	Dimethocaine
16206183	T18	CHEMICAL	951	959	procaine
16206183	T19	CHEMICAL	200	207	cocaine
16206183	T20	CHEMICAL	42	50	dopamine
16206183	T21	GENE-Y	1130	1133	DAT
16206183	T22	GENE-Y	1262	1265	DAT
16206183	T23	GENE-Y	1593	1596	DAT
16206183	T24	GENE-N	265	285	dopamine transporter
16206183	T25	GENE-Y	1658	1661	DAT
16206183	T26	GENE-Y	1749	1752	DAT
16206183	T27	GENE-N	287	290	DAT
16206183	T28	GENE-Y	493	496	DAT
16206183	T29	GENE-Y	1036	1039	DAT
16206183	T30	GENE-Y	42	62	dopamine transporter
22931530	T1	CHEMICAL	130	158	α-Amino-α´-halomethylketones
22931530	T2	CHEMICAL	233	240	carbons
22931530	T3	CHEMICAL	474	480	serine
22931530	T4	CHEMICAL	485	493	cysteine
22931530	T5	CHEMICAL	0	28	α-Amino-α´-Halomethylketones
22931530	T6	CHEMICAL	100	108	Cysteine
22931530	T7	CHEMICAL	89	95	Serine
22931530	T8	GENE-N	474	503	serine and cysteine proteases
22931530	T9	GENE-N	89	117	Serine and Cysteine Protease
23500382	T1	CHEMICAL	1223	1230	glucose
23500382	T2	CHEMICAL	1289	1300	hematoxylin
23500382	T3	CHEMICAL	1301	1306	eosin
23500382	T4	CHEMICAL	1379	1390	methenamine
23500382	T5	CHEMICAL	1521	1532	kinsenoside
23500382	T6	CHEMICAL	1590	1601	kinsenoside
23500382	T7	CHEMICAL	297	308	kinsenoside
23500382	T8	CHEMICAL	318	325	glucose
23500382	T9	CHEMICAL	409	420	kinsenoside
23500382	T10	CHEMICAL	465	472	glucose
23500382	T11	CHEMICAL	477	488	cholesterol
23500382	T12	CHEMICAL	565	579	streptozotocin
23500382	T13	CHEMICAL	604	615	kinsenoside
23500382	T14	CHEMICAL	695	707	nitric oxide
23500382	T15	CHEMICAL	709	711	NO
23500382	T16	CHEMICAL	714	720	lactic
23500382	T17	CHEMICAL	742	752	superoxide
23500382	T18	CHEMICAL	857	864	glucose
23500382	T19	CHEMICAL	1064	1075	kinsenoside
23500382	T20	CHEMICAL	100	107	glucose
23500382	T21	CHEMICAL	38	49	kinsenoside
23500382	T22	GENE-N	1161	1183	nuclear factor kappa B
23500382	T23	GENE-N	1185	1190	NF-κB
23500382	T24	GENE-N	714	734	lactic dehydrogenase
23500382	T25	GENE-N	736	739	LDH
23500382	T26	GENE-N	742	762	superoxide dismutase
23500382	T27	GENE-N	764	767	SOD
23500382	T28	GENE-Y	774	782	catalase
23500382	T29	GENE-Y	784	787	CAT
23500382	T30	GENE-N	933	958	matrix metalloproteinases
23500382	T31	GENE-N	963	1009	tissue inhibitors of matrix metalloproteinases
23500382	T32	GENE-N	1011	1014	MMP
23500382	T33	GENE-N	1015	1018	TIM
23419036	T1	CHEMICAL	183	206	dodecylammonium bromide
23419036	T2	CHEMICAL	208	212	DTAB
23419036	T3	CHEMICAL	316	319	SDS
23419036	T4	CHEMICAL	320	324	DTAB
23419036	T5	CHEMICAL	511	514	SDS
23419036	T6	CHEMICAL	515	519	DTAB
23419036	T7	CHEMICAL	141	162	sodium dodecylsulfate
23419036	T8	CHEMICAL	164	167	SDS
22921426	T1	CHEMICAL	1148	1166	methionine choline
22921426	T2	CHEMICAL	1209	1215	Pb(2+)
22921426	T3	CHEMICAL	1227	1233	Ca(2+)
22921426	T4	CHEMICAL	1241	1247	Ca(2+)
22921426	T5	CHEMICAL	1396	1402	Pb(2+)
22921426	T6	CHEMICAL	1414	1421	calcium
22921426	T7	CHEMICAL	1455	1461	Ca(2+)
22921426	T8	CHEMICAL	1471	1489	methionine choline
22921426	T9	CHEMICAL	1516	1522	Ca(2+)
22921426	T10	CHEMICAL	319	326	calcium
22921426	T11	CHEMICAL	444	450	Pb(2+)
22921426	T12	CHEMICAL	499	506	calcium
22921426	T13	CHEMICAL	523	529	Ca(2+)
22921426	T14	CHEMICAL	539	545	Ca(2+)
22921426	T15	CHEMICAL	630	648	methionine choline
22921426	T16	CHEMICAL	825	831	Pb(2+)
22921426	T17	CHEMICAL	843	849	Ca(2+)
22921426	T18	CHEMICAL	869	875	Ca(2+)
22921426	T19	CHEMICAL	941	947	Pb(2+)
22921426	T20	CHEMICAL	981	990	ryanodine
22921426	T21	CHEMICAL	1024	1051	inositol-1,4,5-triphosphate
22921426	T22	CHEMICAL	1099	1105	Ca(2+)
22921426	T23	CHEMICAL	16	23	calcium
22921426	T24	CHEMICAL	58	76	methionine choline
22921426	T25	GENE-N	981	999	ryanodine receptor
22921426	T26	GENE-N	1001	1004	RyR
22921426	T27	GENE-N	1024	1060	inositol-1,4,5-triphosphate receptor
22921426	T28	GENE-N	1062	1068	IP(3)R
23163726	T1	CHEMICAL	1455	1458	GTP
23163726	T2	CHEMICAL	166	169	GTP
23163726	T3	CHEMICAL	904	907	GTP
23163726	T4	CHEMICAL	920	921	C
23163726	T5	CHEMICAL	954	964	nucleotide
23163726	T6	CHEMICAL	1025	1028	GTP
23163726	T7	GENE-N	196	203	septins
23163726	T8	GENE-N	1202	1226	human septins 2, 6 and 7
23163726	T9	GENE-Y	1539	1544	SEPT3
23163726	T10	GENE-Y	803	814	human SEPT3
23163726	T11	GENE-N	166	186	GTP-binding proteins
23163726	T12	GENE-Y	874	879	SEPT3
23163726	T13	GENE-N	904	938	GTP-binding and C-terminal domains
23163726	T14	GENE-Y	1079	1084	SEPT3
23163726	T15	GENE-Y	32	40	septin 3
23163726	T16	GENE-N	69	75	septin
25136065	T1	CHEMICAL	1192	1203	sitagliptin
25136065	T2	CHEMICAL	1209	1220	glimepiride
25136065	T3	CHEMICAL	1435	1447	pioglitazone
25136065	T4	CHEMICAL	677	684	glucose
25136065	T5	CHEMICAL	1019	1028	metformin
25136065	T6	CHEMICAL	1030	1043	sulfonylureas
25136065	T7	CHEMICAL	1045	1063	thiazolidinediones
25136065	T8	GENE-Y	1240	1247	insulin
25136065	T9	GENE-Y	1261	1268	insulin
25136065	T10	GENE-Y	1288	1291	A1C
25136065	T11	GENE-Y	1314	1317	A1C
25136065	T12	GENE-Y	218	225	GLP-1 R
25136065	T13	GENE-Y	1650	1657	GLP-1 R
25136065	T14	GENE-Y	1832	1835	A1C
25136065	T15	GENE-Y	1921	1928	GLP-1 R
25136065	T16	GENE-Y	592	599	GLP-1 R
25136065	T17	GENE-Y	613	636	glycosylated hemoglobin
25136065	T18	GENE-Y	638	641	A1C
25136065	T19	GENE-Y	695	702	insulin
25136065	T20	GENE-Y	726	734	glucagon
25136065	T21	GENE-Y	873	895	dipeptidyl peptidase-4
25136065	T22	GENE-Y	910	917	albumin
25136065	T23	GENE-Y	176	208	glucagon-like peptide-1 receptor
25136065	T24	GENE-Y	1065	1072	insulin
25136065	T25	GENE-Y	19	33	GLP-1 receptor
17040106	T1	CHEMICAL	115	146	Heterocyclic and aromatic amine
17040106	T2	CHEMICAL	1134	1138	PhIP
17040106	T3	CHEMICAL	254	271	arylhydroxylamine
17040106	T4	CHEMICAL	1664	1689	N-hydroxy-4-aminobiphenyl
17040106	T5	CHEMICAL	1691	1701	NHOH-4-ABP
17040106	T6	CHEMICAL	1865	1875	NHOH-4-ABP
17040106	T7	CHEMICAL	1880	1894	N-hydroxy-PhIP
17040106	T8	CHEMICAL	1896	1905	NHOH-PhIP
17040106	T9	CHEMICAL	2104	2121	arylhydroxylamine
17040106	T10	CHEMICAL	2270	2275	4-ABP
17040106	T11	CHEMICAL	2279	2283	PhIP
17040106	T12	CHEMICAL	335	352	arylhydroxylamine
17040106	T13	CHEMICAL	394	398	NADH
17040106	T14	CHEMICAL	410	416	oxygen
17040106	T15	CHEMICAL	526	540	aromatic amine
17040106	T16	CHEMICAL	710	727	arylhydroxylamine
17040106	T17	CHEMICAL	815	832	arylhydroxylamine
17040106	T18	CHEMICAL	862	866	NADH
17040106	T19	CHEMICAL	969	983	hydroxylamines
17040106	T20	CHEMICAL	991	1005	aromatic amine
17040106	T21	CHEMICAL	1006	1021	4-aminobiphenyl
17040106	T22	CHEMICAL	1023	1028	4-ABP
17040106	T23	CHEMICAL	1064	1082	heterocyclic amine
17040106	T24	CHEMICAL	1083	1132	2-amino-1-methyl-6-phenylimidazo [4,5-b] pyridine
17040106	T25	CHEMICAL	28	45	arylhydroxylamine
17040106	T26	CHEMICAL	67	71	NADH
17040106	T27	GENE-Y	1222	1231	human b5R
17040106	T28	GENE-Y	1236	1242	cyt b5
17040106	T29	GENE-Y	1449	1452	b5R
17040106	T30	GENE-Y	1457	1463	cyt b5
17040106	T31	GENE-Y	1626	1629	b5R
17040106	T32	GENE-Y	1633	1639	cyt b5
17040106	T33	GENE-Y	1952	1955	b5R
17040106	T34	GENE-Y	1956	1962	cyt b5
17040106	T35	GENE-Y	2041	2044	b5R
17040106	T36	GENE-Y	2049	2055	cyt b5
17040106	T37	GENE-Y	862	890	NADH cytochrome b5 reductase
17040106	T38	GENE-Y	892	895	b5R
17040106	T39	GENE-Y	901	914	cytochrome b5
17040106	T40	GENE-Y	916	922	cyt b5
17040106	T41	GENE-Y	100	113	cytochrome b5
17040106	T42	GENE-Y	61	95	human NADH cytochrome b5 reductase
23477570	T1	CHEMICAL	1170	1184	dithiothreitol
23477570	T2	CHEMICAL	1186	1189	DTT
23477570	T3	CHEMICAL	1207	1211	FITC
23477570	T4	CHEMICAL	1234	1238	FITC
23477570	T5	CHEMICAL	1424	1428	FITC
23477570	T6	CHEMICAL	1554	1557	DTT
23477570	T7	CHEMICAL	1578	1582	FITC
23477570	T8	CHEMICAL	1653	1670	1,4-butanediamine
23477570	T9	CHEMICAL	1775	1778	MTT
23477570	T10	CHEMICAL	300	317	PEG-P(HEMA-co-AC)
23477570	T11	CHEMICAL	1955	1959	FITC
23477570	T12	CHEMICAL	414	431	PEG-P(HEMA-co-AC)
23477570	T13	CHEMICAL	723	732	phosphate
23477570	T14	CHEMICAL	751	760	disulfide
23477570	T15	CHEMICAL	851	860	cystamine
23477570	T16	CHEMICAL	892	908	cyclic carbonate
23477570	T17	CHEMICAL	217	298	poly(ethylene glycol)-b-poly(2-(hydroxyethyl) methacrylate-co-acryloyl carbonate)
23477570	T18	GENE-Y	1220	1232	cytochrome C
23477570	T19	GENE-Y	1239	1241	CC
23477570	T20	GENE-Y	1429	1431	CC
23477570	T21	GENE-Y	1583	1585	CC
23477570	T22	GENE-Y	1960	1962	CC
23477570	T23	GENE-Y	2030	2032	CC
23477570	T24	GENE-Y	2132	2134	CC
23636303	T1	CHEMICAL	1214	1222	MDL72222
23636303	T2	CHEMICAL	1270	1282	methiothepin
23636303	T3	CHEMICAL	1300	1310	citalopram
23636303	T4	CHEMICAL	1333	1341	MDL72222
23636303	T5	CHEMICAL	1425	1435	citalopram
23636303	T6	CHEMICAL	1517	1525	MDL72222
23636303	T7	CHEMICAL	1549	1559	citalopram
23636303	T8	CHEMICAL	1644	1653	serotonin
23636303	T9	CHEMICAL	180	189	serotonin
23636303	T10	CHEMICAL	474	483	serotonin
23636303	T11	CHEMICAL	662	672	citalopram
23636303	T12	CHEMICAL	700	713	noradrenaline
23636303	T13	CHEMICAL	881	888	RS79948
23636303	T14	CHEMICAL	906	916	citalopram
23636303	T15	CHEMICAL	995	1005	citalopram
23636303	T16	CHEMICAL	1134	1144	citalopram
23636303	T17	CHEMICAL	15	24	serotonin
23636303	T18	CHEMICAL	92	101	serotonin
23636303	T19	GENE-Y	1188	1193	5-HT3
23636303	T20	GENE-N	1242	1249	5-HT1/2
23636303	T21	GENE-Y	1658	1663	5-HT3
23636303	T22	GENE-Y	1804	1809	5-HT3
23636303	T23	GENE-N	1840	1856	α2-adrenoceptors
23636303	T24	GENE-N	474	492	serotonin receptor
23636303	T25	GENE-N	854	869	α2-adrenoceptor
23636303	T26	GENE-Y	25	30	5-HT3
23358194	T1	CHEMICAL	196	204	Atrazine
23358194	T2	CHEMICAL	1280	1288	atrazine
23358194	T3	CHEMICAL	1636	1644	atrazine
23358194	T4	CHEMICAL	1852	1860	atrazine
23358194	T5	CHEMICAL	575	583	atrazine
23358194	T6	CHEMICAL	723	731	atrazine
23358194	T7	CHEMICAL	878	886	atrazine
23358194	T8	CHEMICAL	1048	1056	atrazine
23358194	T9	CHEMICAL	1155	1163	atrazine
23358194	T10	CHEMICAL	50	58	atrazine
23358194	T11	GENE-Y	1595	1602	CYP17A1
23358194	T12	GENE-Y	1607	1613	SAMHD1
23456735	T1	CHEMICAL	1467	1474	glucose
23456735	T2	CHEMICAL	1508	1515	glucose
23456735	T3	CHEMICAL	634	641	glucose
23456735	T4	GENE-Y	1085	1092	insulin
23456735	T5	GENE-Y	1136	1143	insulin
23456735	T6	GENE-Y	1279	1286	insulin
23456735	T7	GENE-Y	1381	1388	insulin
23456735	T8	GENE-Y	212	219	insulin
23456735	T9	GENE-Y	267	274	insulin
23456735	T10	GENE-Y	98	105	insulin
23456735	T11	GENE-Y	407	414	insulin
23456735	T12	GENE-Y	518	526	insulins
23456735	T13	GENE-Y	545	552	insulin
23456735	T14	GENE-Y	826	834	insulins
23456735	T15	GENE-Y	58	65	insulin
23528251	T1	CHEMICAL	259	269	androstane
23528251	T2	CHEMICAL	334	340	5'-AMP
23528251	T3	CHEMICAL	154	160	5'-AMP
23528251	T4	CHEMICAL	486	499	Phenobarbital
23528251	T5	CHEMICAL	821	836	Cobalt chloride
23528251	T6	CHEMICAL	32	42	androstane
23528251	T7	GENE-N	119	143	Hypoxia inducible factor
23528251	T8	GENE-Y	1158	1161	CAR
23528251	T9	GENE-N	1175	1204	PB-responsive enhancer module
23528251	T10	GENE-Y	1210	1216	HIF-1α
23528251	T11	GENE-Y	1342	1345	CAR
23528251	T12	GENE-Y	1350	1355	HIF-α
23528251	T13	GENE-Y	246	278	Constitutive androstane receptor
23528251	T14	GENE-Y	280	283	CAR
23528251	T15	GENE-N	334	365	5'-AMP-activated protein kinase
23528251	T16	GENE-N	145	148	HIF
23528251	T17	GENE-Y	472	475	CAR
23528251	T18	GENE-N	154	185	5'-AMP-activated protein kinase
23528251	T19	GENE-Y	480	484	HIFα
23528251	T20	GENE-Y	516	519	CAR
23528251	T21	GENE-N	564	567	HIF
23528251	T22	GENE-Y	614	628	erythropoietin
23528251	T23	GENE-Y	630	646	heme oxygenase-1
23528251	T24	GENE-Y	651	687	vascular endothelial growth factor-a
23528251	T25	GENE-Y	727	733	HIF-1α
23528251	T26	GENE-N	757	779	HIF-responsive element
23528251	T27	GENE-N	848	851	HIF
23528251	T28	GENE-Y	894	897	CAR
23528251	T29	GENE-Y	922	928	cyp2b9
23528251	T30	GENE-Y	933	940	cyp2b10
23528251	T31	GENE-Y	969	972	CAR
23528251	T32	GENE-N	996	1025	PB-responsive enhancer module
23528251	T33	GENE-Y	19	51	constitutive androstane receptor
23528251	T34	GENE-N	56	80	hypoxia-inducible factor
23418368	T1	CHEMICAL	223	234	cholesterol
23418368	T2	CHEMICAL	810	821	cholesterol
23418368	T3	GENE-N	219	222	LDL
23418368	T4	GENE-Y	1363	1366	A1C
23418368	T5	GENE-N	1371	1374	LDL
23418368	T6	GENE-N	1449	1452	LDL
23418368	T7	GENE-Y	1549	1552	A1C
23418368	T8	GENE-Y	1616	1619	A1C
23418368	T9	GENE-N	1624	1627	LDL
23418368	T10	GENE-Y	793	796	A1C
23418368	T11	GENE-N	806	809	LDL
23418368	T12	GENE-Y	170	186	hemoglobin A(1c)
23418368	T13	GENE-Y	980	983	A1C
23418368	T14	GENE-Y	188	191	A1C
23418368	T15	GENE-N	1053	1056	LDL
23418368	T16	GENE-Y	26	29	A1C
23418368	T17	GENE-N	51	54	LDL
12388748	T1	CHEMICAL	1190	1195	NH(2)
12388748	T2	CHEMICAL	241	250	alcoholic
12388748	T3	CHEMICAL	266	278	nonalcoholic
12388748	T4	CHEMICAL	369	381	griseofulvin
12388748	T5	CHEMICAL	555	567	griseofulvin
12388748	T6	CHEMICAL	871	882	rhodamine B
12388748	T7	GENE-N	1120	1127	keratin
12388748	T8	GENE-Y	1169	1172	K18
12388748	T9	GENE-Y	1224	1226	K8
12388748	T10	GENE-Y	1301	1304	K18
12388748	T11	GENE-Y	1347	1350	K18
12388748	T12	GENE-Y	1376	1378	K8
12388748	T13	GENE-Y	1383	1386	K18
12388748	T14	GENE-Y	655	658	K18
12388748	T15	GENE-Y	702	705	K18
12388748	T16	GENE-Y	167	176	keratin 8
12388748	T17	GENE-Y	730	733	K18
12388748	T18	GENE-Y	178	180	K8
12388748	T19	GENE-N	852	861	ubiquitin
12388748	T20	GENE-Y	186	189	K18
12388748	T21	GENE-Y	1069	1071	K8
12388748	T22	GENE-Y	1077	1080	K18
12388748	T23	GENE-Y	94	104	keratin 18
23360475	T1	CHEMICAL	1132	1144	tryptanthrin
23360475	T2	CHEMICAL	210	222	tryptanthrin
23360475	T3	CHEMICAL	1251	1263	tryptanthrin
23360475	T4	CHEMICAL	1589	1601	tryptanthrin
23360475	T5	CHEMICAL	126	138	tryptanthrin
23360475	T6	CHEMICAL	502	514	tryptanthrin
23360475	T7	CHEMICAL	66	79	tryptanthrins
11972613	T1	CHEMICAL	1197	1202	CysLT
11972613	T2	CHEMICAL	1255	1260	CysLT
11972613	T3	CHEMICAL	1361	1368	MCI-826
11972613	T4	CHEMICAL	1709	1719	pranlukast
11972613	T5	CHEMICAL	1724	1731	MCI-826
11972613	T6	CHEMICAL	1758	1764	CysLTs
11972613	T7	CHEMICAL	1926	1932	CysLTs
11972613	T8	CHEMICAL	324	330	CysLTs
11972613	T9	CHEMICAL	434	439	CysLT
11972613	T10	CHEMICAL	453	463	pranlukast
11972613	T11	CHEMICAL	468	475	MCI-826
11972613	T12	CHEMICAL	186	207	cysteinyl leukotriene
11972613	T13	CHEMICAL	727	734	Al(OH)3
11972613	T14	CHEMICAL	867	872	CysLT
11972613	T15	CHEMICAL	209	214	CysLT
11972613	T16	CHEMICAL	0	21	Cysteinyl leukotriene
11972613	T17	GENE-Y	1218	1222	IL-5
11972613	T18	GENE-Y	1635	1639	IL-5
11972613	T19	GENE-Y	1660	1664	IL-5
11972613	T20	GENE-Y	1821	1825	IL-5
11972613	T21	GENE-Y	1874	1880	CysLT1
11972613	T22	GENE-Y	1987	1991	IL-5
11972613	T23	GENE-Y	557	561	IL-5
11972613	T24	GENE-Y	709	718	ovalbumin
11972613	T25	GENE-Y	186	224	cysteinyl leukotriene (CysLT) receptor
11972613	T26	GENE-Y	720	723	OVA
11972613	T27	GENE-Y	739	742	OVA
11972613	T28	GENE-Y	897	901	IL-5
11972613	T29	GENE-Y	1052	1056	IL-5
11972613	T30	GENE-Y	226	232	CysLT1
11972613	T31	GENE-Y	32	45	interleukin-5
16494569	T1	CHEMICAL	1428	1437	pyridoxal
16494569	T2	CHEMICAL	1501	1522	pyridoxal 5 phosphate
16494569	T3	CHEMICAL	1524	1527	PLP
16494569	T4	CHEMICAL	1623	1632	pyridoxal
16494569	T5	CHEMICAL	1637	1647	pyridoxine
16494569	T6	CHEMICAL	1651	1654	PLP
16494569	T7	CHEMICAL	1680	1683	PLP
16494569	T8	CHEMICAL	1823	1833	vitamin B6
16494569	T9	CHEMICAL	1912	1921	pyridoxal
16494569	T10	CHEMICAL	1951	1961	pyridoxine
16494569	T11	CHEMICAL	1966	1975	pyridoxal
16494569	T12	CHEMICAL	1979	1982	PLP
16494569	T13	CHEMICAL	2053	2063	vitamin B6
16494569	T14	CHEMICAL	385	395	vitamin B6
16494569	T15	CHEMICAL	436	446	vitamin B6
16494569	T16	CHEMICAL	882	892	vitamin B6
16494569	T17	CHEMICAL	223	233	vitamin B6
16494569	T18	CHEMICAL	1032	1042	vitamin B6
16494569	T19	CHEMICAL	33	43	vitamin B6
16494569	T20	GENE-Y	1428	1444	pyridoxal kinase
16494569	T21	GENE-Y	1912	1928	pyridoxal kinase
7986344	T1	CHEMICAL	225	232	proline
7986344	T2	CHEMICAL	239	246	alanine
7986344	T3	CHEMICAL	297	305	tyrosine
7986344	T4	CHEMICAL	317	342	2'-cytidine monophosphate
7986344	T5	CHEMICAL	344	349	2'CMP
7986344	T6	CHEMICAL	137	146	guanidine
7986344	T7	CHEMICAL	452	457	2'CMP
7986344	T8	CHEMICAL	572	577	2'CMP
7986344	T9	CHEMICAL	157	166	disulfide
7986344	T10	CHEMICAL	609	614	2'CMP
7986344	T11	CHEMICAL	722	730	tyrosine
7986344	T12	CHEMICAL	892	900	tyrosine
7986344	T13	CHEMICAL	19	28	guanidine
7986344	T14	CHEMICAL	39	48	disulfide
7986344	T15	GENE-N	225	246	proline-42-to-alanine
7986344	T16	GENE-N	255	263	Pro42Ala
7986344	T17	GENE-Y	401	408	RNase A
7986344	T18	GENE-N	660	668	Pro42Ala
7986344	T19	GENE-Y	669	676	RNase A
7986344	T20	GENE-Y	174	206	bovine pancreatic ribonuclease A
7986344	T21	GENE-N	969	977	Pro42Ala
7986344	T22	GENE-Y	208	215	RNase A
7986344	T23	GENE-Y	77	109	bovine pancreatic ribonuclease A
15714982	T1	CHEMICAL	350	359	Docetaxel
15714982	T2	CHEMICAL	379	385	taxane
15714982	T3	CHEMICAL	515	524	Docetaxel
15714982	T4	CHEMICAL	593	602	Docetaxel
15714982	T5	CHEMICAL	617	629	estramustine
15714982	T6	CHEMICAL	791	800	docetaxel
15714982	T7	CHEMICAL	832	842	prednisone
15714982	T8	CHEMICAL	166	174	androgen
15714982	T9	CHEMICAL	14	22	androgen
15714982	T10	CHEMICAL	76	85	docetaxel
15714982	T11	GENE-Y	471	476	bcl-2
17434872	T1	CHEMICAL	88	99	Lumiracoxib
17434872	T2	CHEMICAL	1137	1144	aniline
17434872	T3	CHEMICAL	1263	1266	Ser
17434872	T4	CHEMICAL	1274	1277	Ala
17434872	T5	CHEMICAL	1281	1284	Val
17434872	T6	CHEMICAL	1292	1295	Ala
17434872	T7	CHEMICAL	1299	1302	Leu
17434872	T8	CHEMICAL	1379	1390	lumiracoxib
17434872	T9	CHEMICAL	1417	1420	Val
17434872	T10	CHEMICAL	1492	1504	2,6-dichloro
17434872	T11	CHEMICAL	1507	1519	2,6-dimethyl
17434872	T12	CHEMICAL	1525	1542	2-chloro-6-methyl
17434872	T13	CHEMICAL	1586	1597	lumiracoxib
17434872	T14	CHEMICAL	1691	1702	lumiracoxib
17434872	T15	CHEMICAL	1794	1805	lumiracoxib
17434872	T16	CHEMICAL	349	360	lumiracoxib
17434872	T17	CHEMICAL	623	634	lumiracoxib
17434872	T18	CHEMICAL	158	173	arylacetic acid
17434872	T19	CHEMICAL	800	811	lumiracoxib
17434872	T20	CHEMICAL	849	855	methyl
17434872	T21	CHEMICAL	869	886	phenylacetic acid
17434872	T22	CHEMICAL	936	943	aniline
17434872	T23	CHEMICAL	991	997	methyl
17434872	T24	CHEMICAL	1011	1028	phenylacetic acid
17434872	T25	CHEMICAL	75	86	lumiracoxib
17434872	T26	GENE-N	1206	1209	COX
17434872	T27	GENE-Y	1232	1237	COX-2
17434872	T28	GENE-N	1263	1277	Ser-530 to Ala
17434872	T29	GENE-N	1281	1302	Val-349 to Ala or Leu
17434872	T30	GENE-Y	1359	1370	human COX-2
17434872	T31	GENE-N	1417	1431	Val-349 to Ile
17434872	T32	GENE-Y	1475	1486	human COX-2
17434872	T33	GENE-Y	1703	1708	COX-2
17434872	T34	GENE-Y	1784	1790	COX-2s
17434872	T35	GENE-Y	1854	1859	COX-2
17434872	T36	GENE-Y	276	281	COX-2
17434872	T37	GENE-Y	406	417	ovine COX-1
17434872	T38	GENE-Y	462	473	human COX-2
17434872	T39	GENE-Y	489	494	COX-2
17434872	T40	GENE-Y	135	140	COX-2
17434872	T41	GENE-Y	712	723	human COX-2
17434872	T42	GENE-Y	1050	1055	COX-2
17434872	T43	GENE-Y	55	71	cyclooxygenase-2
23019138	T1	CHEMICAL	1110	1120	furosemide
23019138	T2	CHEMICAL	1135	1215	trans-(-)-3,4-dichloro-N-methyl-N-[2-(1-pyrrolidinyl)cyclohexyl]benzeneacetamide
23019138	T3	CHEMICAL	1217	1224	U50-488
23019138	T4	CHEMICAL	1227	1241	Methanandamide
23019138	T5	CHEMICAL	1317	1323	AM1241
23019138	T6	CHEMICAL	1325	1387	1-(methylpiperidin-2-ylmethyl)-3-(2-iodo-5-nitrobenzoyl)indole
23019138	T7	CHEMICAL	1394	1404	anandamide
23019138	T8	CHEMICAL	1425	1430	AM404
23019138	T9	CHEMICAL	1454	1464	rimonabant
23019138	T10	CHEMICAL	1556	1562	AM4054
23019138	T11	CHEMICAL	1717	1727	rimonabant
23019138	T12	CHEMICAL	1744	1753	vanilloid
23019138	T13	CHEMICAL	1781	1792	capsazepine
23019138	T14	CHEMICAL	1818	1828	WIN 55,212
23019138	T15	CHEMICAL	1863	1868	AM630
23019138	T16	CHEMICAL	1870	1956	(6-iodo-2-methyl-1-[2-(4-morpholinyl)ethyl]-1H-indol-3-yl](4-methoxyphenyl) methanone)
23019138	T17	CHEMICAL	533	558	Δ(9)-tetrahydrocannabinol
23019138	T18	CHEMICAL	560	570	WIN 55,212
23019138	T19	CHEMICAL	572	693	R-(1)-[2,3-dihydro-5-methyl-3-[(morpholinyl)methyl]pyrrolo[1,2,3-de]-1,4-benzoxazinyl]-(1-naphthalenyl)methanone mesylate
23019138	T20	CHEMICAL	696	702	AM2389
23019138	T21	CHEMICAL	704	760	9β-hydroxy-3-(1-hexyl-cyclobut-1-yl)-hexahydrocannabinol
23019138	T22	CHEMICAL	767	773	AM4054
23019138	T23	CHEMICAL	775	829	9β-(hydroxymethyl)-3-(1-adamantyl)-hexahydrocannabinol
23019138	T24	GENE-Y	1305	1308	CB2
23019138	T25	GENE-Y	1544	1547	CB1
23019138	T26	GENE-Y	1744	1769	vanilloid receptor type I
23019138	T27	GENE-Y	1848	1851	CB2
23019138	T28	GENE-Y	2056	2059	CB1
23019138	T29	GENE-Y	509	512	CB1
25225185	T1	CHEMICAL	131	144	Brexpiprazole
25225185	T2	CHEMICAL	1183	1196	Brexpiprazole
25225185	T3	CHEMICAL	1235	1237	DA
25225185	T4	CHEMICAL	1246	1257	apomorphine
25225185	T5	CHEMICAL	1415	1427	aripiprazole
25225185	T6	CHEMICAL	1486	1488	DA
25225185	T7	CHEMICAL	1498	1511	brexpiprazole
25225185	T8	CHEMICAL	1573	1586	brexpiprazole
25225185	T9	CHEMICAL	1679	1683	5-HT
25225185	T10	CHEMICAL	1810	1823	brexpiprazole
25225185	T11	CHEMICAL	1949	1962	brexpiprazole
25225185	T12	CHEMICAL	1966	1975	monoamine
25225185	T13	CHEMICAL	391	404	brexpiprazole
25225185	T14	CHEMICAL	408	417	serotonin
25225185	T15	CHEMICAL	419	423	5-HT
25225185	T16	CHEMICAL	471	479	dopamine
25225185	T17	CHEMICAL	481	483	DA
25225185	T18	CHEMICAL	716	728	aripiprazole
25225185	T19	CHEMICAL	773	786	brexpiprazole
25225185	T20	CHEMICAL	822	826	5-HT
25225185	T21	CHEMICAL	879	891	aripiprazole
25225185	T22	CHEMICAL	207	219	aripiprazole
25225185	T23	CHEMICAL	959	972	brexpiprazole
25225185	T24	CHEMICAL	1048	1051	DOI
25225185	T25	CHEMICAL	1053	1084	2,5-dimethoxy-4-iodoamphetamine
25225185	T26	CHEMICAL	1089	1103	norepinephrine
25225185	T27	CHEMICAL	17	30	brexpiprazole
25225185	T28	CHEMICAL	34	43	serotonin
25225185	T29	CHEMICAL	45	53	dopamine
25225185	T30	CHEMICAL	59	73	norepinephrine
25225185	T31	GENE-Y	1155	1161	5-HT2A
25225185	T32	GENE-Y	1387	1399	D2 receptors
25225185	T33	GENE-Y	1539	1551	D2 receptors
25225185	T34	GENE-Y	1614	1620	5-HT1A
25225185	T35	GENE-N	1704	1734	alpha2-adrenergic heteroceptor
25225185	T36	GENE-Y	1743	1749	5-HT1B
25225185	T37	GENE-Y	1834	1854	alpha1B-adrenoceptor
25225185	T38	GENE-N	408	433	serotonin (5-HT) receptor
25225185	T39	GENE-Y	443	449	5-HT1A
25225185	T40	GENE-Y	451	457	5-HT1B
25225185	T41	GENE-Y	463	469	5-HT2A
25225185	T42	GENE-Y	471	501	dopamine (DA) D2 autoreceptors
25225185	T43	GENE-N	507	546	alpha1- and alpha2-adrenergic receptors
25225185	T44	GENE-Y	576	582	5-HT1A
25225185	T45	GENE-Y	635	651	D2 autoreceptors
25225185	T46	GENE-Y	839	845	5-HT1A
25225185	T47	GENE-Y	1024	1030	5-HT2A
17159811	T1	CHEMICAL	1258	1261	CAR
17159811	T2	CHEMICAL	1341	1344	CAR
17159811	T3	CHEMICAL	1380	1383	GAL
17159811	T4	CHEMICAL	185	196	galantamine
17159811	T5	CHEMICAL	534	537	GAL
17159811	T6	CHEMICAL	198	201	GAL
17159811	T7	CHEMICAL	650	661	L-carnitine
17159811	T8	CHEMICAL	663	666	CAR
17159811	T9	CHEMICAL	946	949	GAL
17159811	T10	CHEMICAL	1090	1093	GAL
17159811	T11	CHEMICAL	1098	1101	CAR
17159811	T12	CHEMICAL	102	113	L-carnitine
17159811	T13	CHEMICAL	10	21	galantamine
17159811	T14	GENE-Y	1203	1208	BuChE
17159811	T15	GENE-Y	708	728	acetylcholinesterase
17159811	T16	GENE-Y	730	734	AChE
17159811	T17	GENE-Y	839	860	butyrylcholinesterase
17159811	T18	GENE-Y	862	867	BuChE
17159811	T19	GENE-Y	230	248	anticholinesterase
17159811	T20	GENE-Y	986	990	AChE
17159811	T21	GENE-N	1098	1101	CAR
17159811	T22	GENE-Y	1103	1107	AChE
17159811	T23	GENE-Y	25	45	acetylcholinesterase
17159811	T24	GENE-Y	50	71	butyrylcholinesterase
23386390	T1	CHEMICAL	1255	1266	sitagliptin
23386390	T2	CHEMICAL	1316	1327	sitagliptin
23386390	T3	CHEMICAL	1553	1564	sitagliptin
23386390	T4	CHEMICAL	1678	1689	sitagliptin
23386390	T5	CHEMICAL	180	191	sitagliptin
23386390	T6	CHEMICAL	729	742	sulfonylureas
23386390	T7	CHEMICAL	773	782	metformin
23386390	T8	CHEMICAL	914	925	sitagliptin
23386390	T9	CHEMICAL	40	51	sitagliptin
23386390	T10	GENE-Y	1153	1169	glycated albumin
23386390	T11	GENE-Y	1474	1481	insulin
23386390	T12	GENE-Y	1592	1599	insulin
23386390	T13	GENE-Y	1701	1708	insulin
23386390	T14	GENE-Y	302	309	insulin
23386390	T15	GENE-N	319	326	insulin
23386390	T16	GENE-Y	525	532	insulin
23386390	T17	GENE-Y	583	590	insulin
23386390	T18	GENE-Y	635	642	insulin
23386390	T19	GENE-Y	679	686	insulin
23386390	T20	GENE-N	744	757	α-glucosidase
23386390	T21	GENE-Y	788	802	hemoglobin A1c
23386390	T22	GENE-Y	804	809	HbA1c
23386390	T23	GENE-Y	944	951	insulin
23386390	T24	GENE-Y	1143	1148	HbA1c
23386390	T25	GENE-Y	24	29	DPP-4
23386390	T26	GENE-Y	81	88	insulin
7768269	T1	CHEMICAL	1108	1117	SCH 39166
7768269	T2	CHEMICAL	1136	1143	cocaine
7768269	T3	CHEMICAL	1184	1196	dimethocaine
7768269	T4	CHEMICAL	1201	1208	cocaine
7768269	T5	CHEMICAL	1214	1224	raclopride
7768269	T6	CHEMICAL	1261	1268	cocaine
7768269	T7	CHEMICAL	1328	1338	raclopride
7768269	T8	CHEMICAL	1347	1354	cocaine
7768269	T9	CHEMICAL	1400	1412	dimethocaine
7768269	T10	CHEMICAL	1447	1455	procaine
7768269	T11	CHEMICAL	1473	1487	chloroprocaine
7768269	T12	CHEMICAL	1510	1517	cocaine
7768269	T13	CHEMICAL	1565	1573	dopamine
7768269	T14	CHEMICAL	300	308	dopamine
7768269	T15	CHEMICAL	577	584	cocaine
7768269	T16	CHEMICAL	652	664	Dimethocaine
7768269	T17	CHEMICAL	724	731	cocaine
7768269	T18	CHEMICAL	742	754	dimethocaine
7768269	T19	CHEMICAL	771	778	cocaine
7768269	T20	CHEMICAL	836	843	cocaine
7768269	T21	CHEMICAL	886	894	dopamine
7768269	T22	CHEMICAL	166	173	cocaine
7768269	T23	CHEMICAL	918	927	SCH 39166
7768269	T24	CHEMICAL	929	1027	(-)-trans-6,7,7a,8,9,13b-hexahydro-3-chloro-2-hydroxy-N-methyl-5H -benzo [d]naphtho-(2,1-b)azepine
7768269	T25	CHEMICAL	1037	1045	dopamine
7768269	T26	CHEMICAL	1069	1079	raclopride
7768269	T27	GENE-Y	300	320	dopamine transporter
7768269	T28	GENE-Y	886	906	dopamine D1 receptor
7768269	T29	GENE-Y	1037	1057	dopamine D2 receptor
23578952	T1	CHEMICAL	1154	1164	metyrapone
23578952	T2	CHEMICAL	1284	1300	monoacylglycerol
23578952	T3	CHEMICAL	1358	1372	corticosterone
23578952	T4	CHEMICAL	259	281	2-arachidonoylglycerol
23578952	T5	CHEMICAL	1471	1487	monoacylglycerol
23578952	T6	CHEMICAL	295	309	corticosterone
23578952	T7	CHEMICAL	417	433	monoacylglycerol
23578952	T8	CHEMICAL	451	457	JZL184
23578952	T9	CHEMICAL	486	500	corticosterone
23578952	T10	CHEMICAL	650	664	corticosterone
23578952	T11	CHEMICAL	693	699	JZL184
23578952	T12	CHEMICAL	739	753	corticosterone
23578952	T13	CHEMICAL	774	784	metyrapone
23578952	T14	CHEMICAL	852	858	JZL184
23578952	T15	CHEMICAL	876	890	corticosterone
23578952	T16	CHEMICAL	948	954	JZL184
23578952	T17	CHEMICAL	1013	1027	corticosterone
23578952	T18	CHEMICAL	0	16	Monoacylglycerol
23578952	T19	CHEMICAL	61	75	corticosterone
23578952	T20	GENE-Y	1284	1307	monoacylglycerol lipase
23578952	T21	GENE-Y	1471	1494	monoacylglycerol lipase
23578952	T22	GENE-Y	417	440	monoacylglycerol lipase
23578952	T23	GENE-Y	0	23	Monoacylglycerol lipase
14507109	T1	CHEMICAL	1101	1103	CT
14507109	T2	CHEMICAL	1198	1206	arginine
14507109	T3	CHEMICAL	1237	1239	CT
14507109	T4	CHEMICAL	1292	1299	citrate
14507109	T5	CHEMICAL	1309	1313	EDTA
14507109	T6	CHEMICAL	1392	1400	arginine
14507109	T7	CHEMICAL	1449	1460	Val-Leu-Lys
14507109	T8	CHEMICAL	848	862	singlet oxygen
14507109	T9	CHEMICAL	864	867	1O2
14507109	T10	CHEMICAL	875	887	chloramine T
14507109	T11	CHEMICAL	889	891	CT
14507109	T12	CHEMICAL	1046	1054	arginine
14507109	T13	GENE-Y	1126	1133	plasmin
14507109	T14	GENE-N	1374	1376	PA
14507109	T15	GENE-Y	1377	1380	Pli
14507109	T16	GENE-N	198	207	urokinase
14507109	T17	GENE-Y	209	213	u-PA
14507109	T18	GENE-N	1562	1564	PA
14507109	T19	GENE-Y	1565	1568	Pli
14507109	T20	GENE-Y	1570	1573	Pli
14507109	T21	GENE-N	1576	1578	PA
14507109	T22	GENE-N	1584	1586	PA
14507109	T23	GENE-Y	216	244	tissue plasminogen activator
14507109	T24	GENE-Y	1658	1661	Pli
14507109	T25	GENE-Y	1726	1729	Pli
14507109	T26	GENE-Y	1806	1810	u-PA
14507109	T27	GENE-Y	1824	1828	t-PA
14507109	T28	GENE-Y	246	250	t-PA
14507109	T29	GENE-N	1953	1955	PA
14507109	T30	GENE-Y	1986	1990	u-PA
14507109	T31	GENE-N	253	266	streptokinase
14507109	T32	GENE-Y	2007	2011	t-PA
14507109	T33	GENE-N	2041	2043	SK
14507109	T34	GENE-N	2073	2077	PSAC
14507109	T35	GENE-N	268	270	SK
14507109	T36	GENE-N	273	316	plasminogen-streptokinase-activator-complex
14507109	T37	GENE-N	2248	2251	PAs
14507109	T38	GENE-Y	2311	2324	plasmatic Pli
14507109	T39	GENE-Y	2368	2375	plasmin
14507109	T40	GENE-N	2391	2393	PA
14507109	T41	GENE-N	318	322	PSAC
14507109	T42	GENE-Y	339	343	t-PA
14507109	T43	GENE-N	449	451	PA
14507109	T44	GENE-Y	491	498	plasmin
14507109	T45	GENE-Y	500	503	Pli
14507109	T46	GENE-N	509	511	PA
14507109	T47	GENE-N	630	634	t-PA
14507109	T48	GENE-N	655	657	SK
14507109	T49	GENE-N	676	680	PSAC
14507109	T50	GENE-N	742	751	urokinase
14507109	T51	GENE-N	134	156	plasminogen activators
14507109	T52	GENE-Y	905	920	plasmatic PAI-1
14507109	T53	GENE-Y	936	943	plasmin
14507109	T54	GENE-N	158	160	PA
11166732	T1	CHEMICAL	88	97	Topotecan
11166732	T2	CHEMICAL	234	243	topotecan
11166732	T3	CHEMICAL	439	448	topotecan
11166732	T4	CHEMICAL	583	592	topotecan
11166732	T5	CHEMICAL	761	770	topotecan
11166732	T6	CHEMICAL	27	36	topotecan
11166732	T7	CHEMICAL	58	67	topotecan
11166732	T8	GENE-Y	103	118	topoisomerase I
11166732	T9	GENE-Y	319	334	topoisomerase I
11166732	T10	GENE-Y	346	349	p53
11166732	T11	GENE-Y	396	399	p53
11166732	T12	GENE-Y	461	476	topoisomerase I
11166732	T13	GENE-Y	515	518	p53
11166732	T14	GENE-Y	531	534	p53
11166732	T15	GENE-Y	656	659	p53
11166732	T16	GENE-Y	682	697	topoisomerase I
11166732	T17	GENE-Y	50	53	p53
22532505	T1	CHEMICAL	762	769	alanine
22532505	T2	CHEMICAL	837	843	5' AMP
22532505	T3	CHEMICAL	66	78	triglyceride
22532505	T4	GENE-N	762	786	alanine aminotransferase
22532505	T5	GENE-N	837	868	5' AMP-activated protein kinase
22532505	T6	GENE-N	913	920	insulin
23551063	T1	CHEMICAL	1178	1181	HFC
23551063	T2	CHEMICAL	1186	1189	UDP
23551063	T3	CHEMICAL	1190	1205	glucuronic acid
23551063	T4	CHEMICAL	1294	1297	HFC
23551063	T5	CHEMICAL	1438	1441	HFC
23551063	T6	CHEMICAL	172	175	UDP
23551063	T7	CHEMICAL	416	451	7-hydroxy-4-trifluoromethylcoumarin
23551063	T8	CHEMICAL	453	456	HFC
23551063	T9	CHEMICAL	545	548	HFC
23551063	T10	CHEMICAL	664	667	HFC
23551063	T11	CHEMICAL	805	808	HFC
23551063	T12	CHEMICAL	1077	1080	HFC
23551063	T13	CHEMICAL	108	111	UDP
23551063	T14	CHEMICAL	51	86	7-hydroxy-4-trifluoromethylcoumarin
23551063	T15	GENE-N	1221	1225	UGTs
23551063	T16	GENE-N	1406	1433	UGTs 1A6, 1A7, 1A10 and 2A1
23551063	T17	GENE-N	172	200	UDP-glucuronosyltransferases
23551063	T18	GENE-N	470	474	UGTs
23551063	T19	GENE-N	530	540	human UGTs
23551063	T20	GENE-N	202	206	UGTs
23551063	T21	GENE-Y	840	847	UGT1A10
23551063	T22	GENE-Y	860	866	UGT1A6
23551063	T23	GENE-Y	868	874	UGT1A7
23551063	T24	GENE-Y	876	882	UGT2A1
23551063	T25	GENE-Y	902	908	UGT1A6
23551063	T26	GENE-N	971	975	UGTs
23551063	T27	GENE-N	995	1026	UGTs 1A3, 1A8, 1A9, 2B4 and 2B7
23551063	T28	GENE-Y	1045	1051	UGT1A1
23551063	T29	GENE-Y	1056	1063	UGT2B17
23551063	T30	GENE-Y	1107	1113	UGT1A6
23551063	T31	GENE-N	102	136	human UDP-glucuronosyltransferases
23194825	T1	CHEMICAL	1120	1130	superoxide
23194825	T2	CHEMICAL	1182	1190	dopamine
23194825	T3	CHEMICAL	1209	1218	GBR 12909
23194825	T4	CHEMICAL	110	143	3,4-methylenedioxymethamphetamine
23194825	T5	CHEMICAL	1274	1280	α-MeDA
23194825	T6	CHEMICAL	1317	1328	glutathione
23194825	T7	CHEMICAL	1330	1333	GSH
23194825	T8	CHEMICAL	1420	1438	γ-glutamylcysteine
23194825	T9	CHEMICAL	1530	1552	buthionine sulfoximine
23194825	T10	CHEMICAL	1554	1557	BSO
23194825	T11	CHEMICAL	1593	1599	α-MeDA
23194825	T12	CHEMICAL	1620	1623	GSH
23194825	T13	CHEMICAL	1691	1694	BSO
23194825	T14	CHEMICAL	1719	1722	NAC
23194825	T15	CHEMICAL	1750	1756	α-MeDA
23194825	T16	CHEMICAL	1811	1814	GSH
23194825	T17	CHEMICAL	273	277	MDMA
23194825	T18	CHEMICAL	1873	1876	BSO
23194825	T19	CHEMICAL	1887	1898	N-Me-α-MeDA
23194825	T20	CHEMICAL	1949	1952	NAC
23194825	T21	CHEMICAL	1985	1989	MDMA
23194825	T22	CHEMICAL	1990	1998	catechol
23194825	T23	CHEMICAL	100	107	Ecstasy
23194825	T24	CHEMICAL	320	324	MDMA
23194825	T25	CHEMICAL	379	383	MDMA
23194825	T26	CHEMICAL	392	400	catechol
23194825	T27	CHEMICAL	414	430	α-methyldopamine
23194825	T28	CHEMICAL	432	438	α-MeDA
23194825	T29	CHEMICAL	444	469	N-methyl-α-methyldopamine
23194825	T30	CHEMICAL	471	482	N-Me-α-MeDA
23194825	T31	CHEMICAL	540	553	retinoic acid
23194825	T32	CHEMICAL	558	595	12-O-tetradecanoyl-phorbol-13-acetate
23194825	T33	CHEMICAL	147	151	MDMA
23194825	T34	CHEMICAL	670	678	dopamine
23194825	T35	CHEMICAL	709	717	dopamine
23194825	T36	CHEMICAL	733	737	MDMA
23194825	T37	CHEMICAL	738	746	catechol
23194825	T38	CHEMICAL	886	890	MDMA
23194825	T39	CHEMICAL	986	997	glutathione
23194825	T40	CHEMICAL	1009	1025	N-acetylcysteine
23194825	T41	CHEMICAL	1027	1030	NAC
23194825	T42	CHEMICAL	1075	1079	MDMA
23194825	T43	CHEMICAL	18	25	ecstasy
23194825	T44	GENE-Y	1182	1207	dopamine (DA) transporter
23194825	T45	GENE-Y	1420	1449	γ-glutamylcysteine synthetase
23194825	T46	GENE-Y	1451	1456	γ-GCS
23194825	T47	GENE-Y	1576	1581	γ-GCS
23194825	T48	GENE-Y	806	815	caspase 3
15110853	T1	CHEMICAL	249	288	aromatic/heterocyclic aminosulfonamides
15110853	T2	CHEMICAL	152	186	aromatic/heterocyclic sulfonamides
15110853	T3	CHEMICAL	298	312	acyl chlorides
15110853	T4	CHEMICAL	326	353	adamantyl-1-carboxylic acid
15110853	T5	CHEMICAL	358	381	1-adamantyl-acetic acid
15110853	T6	CHEMICAL	442	459	aminosulfonamides
15110853	T7	CHEMICAL	465	485	adamantyl isocyanate
15110853	T8	CHEMICAL	490	514	adamantyl isothiocyanate
15110853	T9	CHEMICAL	741	754	acetazolamide
15110853	T10	CHEMICAL	201	210	adamantyl
15110853	T11	CHEMICAL	759	772	methazolamide
15110853	T12	CHEMICAL	31	69	aromatic and heterocyclic sulfonamides
15110853	T13	CHEMICAL	84	93	adamantyl
15110853	T14	GENE-N	599	607	human CA
15110853	T15	GENE-Y	664	668	CA I
15110853	T16	GENE-Y	674	679	CA II
15110853	T17	GENE-N	804	806	CA
15110853	T18	GENE-N	1060	1062	CA
15110853	T19	GENE-N	0	18	Carbonic anhydrase
22349823	T1	CHEMICAL	1327	1330	Met
22349823	T2	CHEMICAL	1399	1408	gefitinib
22349823	T3	CHEMICAL	1603	1606	Phe
22349823	T4	CHEMICAL	1698	1707	gefitinib
22349823	T5	CHEMICAL	1841	1850	gefitinib
22349823	T6	CHEMICAL	370	378	tyrosine
22349823	T7	CHEMICAL	574	583	gefitinib
22349823	T8	CHEMICAL	588	597	erlotinib
22349823	T9	CHEMICAL	841	850	gefitinib
22349823	T10	CHEMICAL	952	961	gefitinib
22349823	T11	CHEMICAL	1013	1016	ATP
22349823	T12	GENE-N	1196	1201	G719S
22349823	T13	GENE-N	1206	1211	L858R
22349823	T14	GENE-N	1239	1244	T790M
22349823	T15	GENE-Y	1301	1305	EGFR
22349823	T16	GENE-N	1306	1308	TK
22349823	T17	GENE-N	1352	1357	G719S
22349823	T18	GENE-N	1358	1363	T790M
22349823	T19	GENE-N	1521	1526	L858R
22349823	T20	GENE-N	1662	1667	F723A
22349823	T21	GENE-Y	1737	1741	EGFR
22349823	T22	GENE-Y	1990	1994	EGFR
22349823	T23	GENE-N	370	397	tyrosine kinase (TK) domain
22349823	T24	GENE-Y	449	453	EGFR
22349823	T25	GENE-N	463	468	L858R
22349823	T26	GENE-N	473	478	G719S
22349823	T27	GENE-Y	182	186	EGFR
22349823	T28	GENE-N	549	551	TK
22349823	T29	GENE-Y	148	180	epidermal growth factor receptor
22349823	T30	GENE-N	662	667	T790M
22349823	T31	GENE-Y	726	730	EGFR
22349823	T32	GENE-N	818	823	T790M
22349823	T33	GENE-N	869	874	G719S
22349823	T34	GENE-N	887	892	G719S
22349823	T35	GENE-N	893	898	T790M
22349823	T36	GENE-N	984	989	T790M
22349823	T37	GENE-N	1033	1038	G719S
22349823	T38	GENE-N	1136	1141	G719S
22349823	T39	GENE-N	1142	1147	T790M
22349823	T40	GENE-Y	104	142	human epidermal growth factor receptor
23380568	T1	CHEMICAL	793	804	cholesterol
23380568	T2	CHEMICAL	826	838	triglyceride
23380568	T3	GENE-Y	1166	1177	serum PCSK9
23380568	T4	GENE-Y	1357	1368	serum PCSK9
23380568	T5	GENE-Y	1445	1456	serum PCSK9
23380568	T6	GENE-Y	306	317	serum PCSK9
23380568	T7	GENE-Y	656	667	serum PCSK9
23380568	T8	GENE-Y	188	199	serum PCSK9
23380568	T9	GENE-Y	737	748	serum PCSK9
23380568	T10	GENE-N	806	809	HDL
23380568	T11	GENE-Y	201	235	proprotein subtilisin kexin type 9
23380568	T12	GENE-Y	902	913	serum PCSK9
23380568	T13	GENE-Y	15	66	serum proprotein convertase subtilisin/kexin type 9
23381968	T1	CHEMICAL	1192	1203	sibutramine
23381968	T2	CHEMICAL	318	337	racemic sibutramine
23381968	T3	CHEMICAL	390	401	Sibutramine
23381968	T4	CHEMICAL	500	511	Clopidogrel
23381968	T5	CHEMICAL	516	530	clarithromycin
23381968	T6	CHEMICAL	559	570	sibutramine
23381968	T7	CHEMICAL	198	209	clopidogrel
23381968	T8	CHEMICAL	214	228	clarithromycin
23381968	T9	CHEMICAL	845	856	clopidogrel
23381968	T10	CHEMICAL	920	934	clarithromycin
23381968	T11	CHEMICAL	992	1003	sibutramine
23381968	T12	CHEMICAL	21	32	clopidogrel
23381968	T13	CHEMICAL	37	51	clarithromycin
23381968	T14	CHEMICAL	96	107	sibutramine
23381968	T15	GENE-Y	1298	1304	CYP2B6
23381968	T16	GENE-N	1309	1314	CYP3A
23381968	T17	GENE-Y	358	364	CYP2B6
23381968	T18	GENE-Y	236	242	CYP2B6
23381968	T19	GENE-Y	1036	1042	CYP2B6
23381968	T20	GENE-N	247	252	CYP3A
23381968	T21	GENE-Y	1111	1117	CYP2B6
23583884	T1	CHEMICAL	131	166	2,3,7,8-Tetrachlorodibenzo-p-dioxin
23583884	T2	CHEMICAL	1174	1180	Ca(2+)
23583884	T3	CHEMICAL	1183	1189	Ca(2+)
23583884	T4	CHEMICAL	1203	1207	TCDD
23583884	T5	CHEMICAL	1451	1455	TCDD
23583884	T6	CHEMICAL	1476	1482	Ca(2+)
23583884	T7	CHEMICAL	1573	1577	TCDD
23583884	T8	CHEMICAL	1705	1709	TCDD
23583884	T9	CHEMICAL	1743	1749	Ca(2+)
23583884	T10	CHEMICAL	293	297	TCDD
23583884	T11	CHEMICAL	451	455	TCDD
23583884	T12	CHEMICAL	168	172	TCDD
23583884	T13	CHEMICAL	599	603	TCDD
23583884	T14	CHEMICAL	863	867	TCDD
23583884	T15	CHEMICAL	943	949	Ca(2+)
23583884	T16	CHEMICAL	960	1035	bis-(o-aminophenoxy) ethane-N,N,N',N'-tetra-acetic acid acetoxymethyl ester
23583884	T17	CHEMICAL	1037	1045	BAPTA-AM
23583884	T18	CHEMICAL	1051	1061	nifedipine
23583884	T19	CHEMICAL	0	35	2,3,7,8-Tetrachlorodibenzo-p-dioxin
23583884	T20	CHEMICAL	102	109	calcium
23583884	T21	GENE-Y	1291	1295	IкBα
23583884	T22	GENE-Y	1322	1331	NF-κB p65
23583884	T23	GENE-N	1404	1409	NF-κB
23583884	T24	GENE-N	1518	1523	NF-κB
23583884	T25	GENE-N	1664	1672	cytokine
23583884	T26	GENE-N	1677	1682	NF-κB
23583884	T27	GENE-Y	501	528	tumor necrosis factor-alpha
23583884	T28	GENE-Y	530	535	TNF-α
23583884	T29	GENE-Y	696	722	cytosolic phospholipase A2
23583884	T30	GENE-Y	724	729	cPLA2
23583884	T31	GENE-Y	788	804	cyclooxygenase-2
23583884	T32	GENE-Y	806	811	COX-2
23153456	T1	CHEMICAL	815	827	nitric oxide
23153456	T2	CHEMICAL	978	1009	polyinosinic:polycytidylic acid
23153456	T3	GENE-N	1097	1100	IFN
23153456	T4	GENE-Y	1112	1117	IL-22
23153456	T5	GENE-Y	1126	1131	STAT1
23153456	T6	GENE-Y	1161	1167	CXCL10
23153456	T7	GENE-Y	1169	1174	IL-22
23153456	T8	GENE-Y	1183	1188	STAT1
23153456	T9	GENE-N	1214	1218	IFNα
23153456	T10	GENE-N	221	227	IFNα/β
23153456	T11	GENE-N	1404	1410	IFNα/β
23153456	T12	GENE-Y	229	248	Interleukin (IL)-22
23153456	T13	GENE-Y	1474	1479	IL-22
23153456	T14	GENE-N	297	305	cytokine
23153456	T15	GENE-N	355	359	IFNα
23153456	T16	GENE-Y	360	365	IL-22
23153456	T17	GENE-N	127	145	type I Interferons
23153456	T18	GENE-N	454	458	IFNα
23153456	T19	GENE-Y	489	494	IL-22
23153456	T20	GENE-Y	527	584	signal transducer and activator of transcription (STAT)-3
23153456	T21	GENE-N	147	150	IFN
23153456	T22	GENE-N	679	683	IFNα
23153456	T23	GENE-Y	685	690	IL-22
23153456	T24	GENE-N	707	715	cytokine
23153456	T25	GENE-Y	736	741	STAT1
23153456	T26	GENE-Y	786	791	CXCL9
23153456	T27	GENE-Y	793	799	CXCL10
23153456	T28	GENE-Y	805	836	inducible nitric oxide synthase
23153456	T29	GENE-Y	838	842	iNOS
23153456	T30	GENE-N	869	873	IFNα
23153456	T31	GENE-Y	893	898	IL-22
23153456	T32	GENE-Y	907	912	STAT1
23153456	T33	GENE-N	928	943	CXCL10 promoter
23153456	T34	GENE-N	1018	1024	IFNα/β
23153456	T35	GENE-N	0	4	IFNα
23153456	T36	GENE-Y	14	19	IL-22
23153456	T37	GENE-N	27	35	cytokine
23153456	T38	GENE-Y	59	64	STAT1
11936838	T1	CHEMICAL	138	146	Mimosine
11936838	T2	CHEMICAL	1215	1223	mimosine
11936838	T3	CHEMICAL	1439	1447	mimosine
11936838	T4	CHEMICAL	1647	1655	mimosine
11936838	T5	CHEMICAL	168	177	aminoacid
11936838	T6	CHEMICAL	673	681	mimosine
11936838	T7	CHEMICAL	925	933	mimosine
11936838	T8	CHEMICAL	1068	1076	mimosine
11936838	T9	CHEMICAL	63	71	mimosine
11936838	T10	GENE-Y	1151	1156	MCP-1
11936838	T11	GENE-Y	1231	1236	MIP-2
11936838	T12	GENE-Y	392	397	MIP-2
11936838	T13	GENE-N	401	416	C-X-C chemokine
11936838	T14	GENE-Y	421	426	MCP-1
11936838	T15	GENE-N	430	443	C-C chemokine
11936838	T16	GENE-Y	578	583	MCP-1
11936838	T17	GENE-Y	588	593	MIP-2
11936838	T18	GENE-Y	812	817	MIP-2
11936838	T19	GENE-Y	822	827	MCP-1
11936838	T20	GENE-Y	14	19	MCP-1
11936838	T21	GENE-Y	24	29	MIP-2
23174754	T1	CHEMICAL	1124	1136	testosterone
23174754	T2	CHEMICAL	1198	1206	androgen
23174754	T3	CHEMICAL	1217	1225	estrogen
23174754	T4	GENE-Y	1198	1215	androgen receptor
23174754	T5	GENE-Y	1217	1240	estrogen receptor alpha
23174754	T6	GENE-Y	1245	1248	Fos
19337422	T1	CHEMICAL	62	71	Tolvaptan
19337422	T2	CHEMICAL	1153	1162	Tolvaptan
19337422	T3	CHEMICAL	1244	1247	AVP
19337422	T4	CHEMICAL	87	107	arginine vasopressin
19337422	T5	CHEMICAL	423	429	sodium
19337422	T6	CHEMICAL	475	484	Tolvaptan
19337422	T7	CHEMICAL	109	112	AVP
19337422	T8	CHEMICAL	668	677	tolvaptan
19337422	T9	CHEMICAL	718	721	AVP
19337422	T10	CHEMICAL	920	929	tolvaptan
19337422	T11	CHEMICAL	1006	1015	tolvaptan
19337422	T12	CHEMICAL	0	9	Tolvaptan
19337422	T13	GENE-Y	1244	1247	AVP
19337422	T14	GENE-Y	1314	1334	antidiuretic hormone
19337422	T15	GENE-Y	87	127	arginine vasopressin (AVP) V(2) receptor
19337422	T16	GENE-Y	718	721	AVP
19337422	T17	GENE-Y	754	769	V(1A) receptors
19337422	T18	GENE-Y	1038	1044	CYP3A4
7944828	T1	CHEMICAL	227	236	quinoline
7944828	T2	CHEMICAL	1210	1220	ketanserin
7944828	T3	CHEMICAL	1289	1300	tropisetron
7944828	T4	CHEMICAL	1349	1361	spiroxatrine
7944828	T5	CHEMICAL	249	275	2-(2-aminoethyl)-quinoline
7944828	T6	CHEMICAL	1464	1478	(+/-)-pindolol
7944828	T7	CHEMICAL	1535	1543	prazosin
7944828	T8	CHEMICAL	1578	1584	D-1997
7944828	T9	CHEMICAL	277	283	D-1997
7944828	T10	CHEMICAL	1713	1725	methiothepin
7944828	T11	CHEMICAL	1764	1770	D-1997
7944828	T12	CHEMICAL	356	362	D-1997
7944828	T13	CHEMICAL	545	551	D-1997
7944828	T14	CHEMICAL	611	630	5-hydroxytryptamine
7944828	T15	CHEMICAL	632	636	5-HT
7944828	T16	CHEMICAL	646	650	5-HT
7944828	T17	CHEMICAL	668	677	quipazine
7944828	T18	CHEMICAL	685	689	4-HT
7944828	T19	CHEMICAL	709	715	D-1997
7944828	T20	CHEMICAL	744	753	quipazine
7944828	T21	CHEMICAL	896	900	5-HT
7944828	T22	CHEMICAL	903	909	D-1997
7944828	T23	CHEMICAL	912	921	quipazine
7944828	T24	CHEMICAL	923	927	5-HT
7944828	T25	CHEMICAL	932	938	D-1997
7944828	T26	CHEMICAL	1004	1013	quipazine
7944828	T27	CHEMICAL	1041	1047	D-1997
7944828	T28	CHEMICAL	1107	1113	D-1997
7944828	T29	CHEMICAL	0	26	2-(2-Aminoethyl)-quinoline
7944828	T30	CHEMICAL	28	34	D-1997
7944828	T31	CHEMICAL	56	75	5-hydroxytryptamine
7944828	T32	GENE-N	1184	1198	5-HT2 receptor
7944828	T33	GENE-N	1242	1247	5-HT3
7944828	T34	GENE-Y	1252	1257	5-HT4
7944828	T35	GENE-Y	1322	1328	5-HT1A
7944828	T36	GENE-N	1383	1400	beta-adrenoceptor
7944828	T37	GENE-Y	1432	1438	5-HT1A
7944828	T38	GENE-Y	1443	1449	5-HT1B
7944828	T39	GENE-N	1503	1523	alpha 1-adrenoceptor
7944828	T40	GENE-N	1672	1682	5-HT1-like
7944828	T41	GENE-N	1687	1701	5-HT2 receptor
7944828	T42	GENE-N	1822	1842	5-HT1-like receptors
7944828	T43	GENE-Y	1867	1873	5-HT1A
7944828	T44	GENE-Y	1877	1883	5-HT1B
7944828	T45	GENE-N	1938	1952	5-HT2 receptor
7944828	T46	GENE-N	646	659	5-HT receptor
7944828	T47	GENE-N	56	91	5-hydroxytryptamine1-like receptors
23587649	T1	CHEMICAL	1027	1035	tyrosine
23587649	T2	GENE-Y	143	176	Brain-derived neurotrophic factor
23587649	T3	GENE-Y	1167	1171	BDNF
23587649	T4	GENE-Y	1333	1337	TrkB
23587649	T5	GENE-Y	1356	1360	BDNF
23587649	T6	GENE-Y	1374	1378	BDNF
23587649	T7	GENE-Y	266	270	BDNF
23587649	T8	GENE-Y	1422	1426	BDNF
23587649	T9	GENE-Y	1536	1540	BDNF
23587649	T10	GENE-Y	1549	1553	TrkB
23587649	T11	GENE-Y	1664	1668	BDNF
23587649	T12	GENE-Y	1669	1673	TrkB
23587649	T13	GENE-Y	178	182	BDNF
23587649	T14	GENE-Y	539	543	BDNF
23587649	T15	GENE-Y	558	562	BDNF
23587649	T16	GENE-N	600	605	NMDAR
23587649	T17	GENE-Y	198	202	TrkB
23587649	T18	GENE-Y	774	778	BDNF
23587649	T19	GENE-Y	855	859	BDNF
23587649	T20	GENE-Y	921	925	BDNF
23587649	T21	GENE-Y	987	991	BDNF
23587649	T22	GENE-Y	992	996	TrkB
23587649	T23	GENE-Y	1022	1026	TrkB
23587649	T24	GENE-N	1027	1042	tyrosine kinase
23587649	T25	GENE-Y	1087	1091	BDNF
23587649	T26	GENE-Y	1102	1106	TrkB
23587649	T27	GENE-Y	36	40	BDNF
23587649	T28	GENE-Y	41	45	TrkB
16835395	T1	CHEMICAL	1358	1371	dexamethasone
16835395	T2	CHEMICAL	1384	1397	catecholamine
16835395	T3	CHEMICAL	1674	1688	catecholamines
16835395	T4	CHEMICAL	676	689	noradrenaline
16835395	T5	CHEMICAL	694	706	isoprenaline
16835395	T6	CHEMICAL	722	730	glycerol
16835395	T7	CHEMICAL	776	780	cAMP
16835395	T8	CHEMICAL	863	877	catecholamines
16835395	T9	GENE-Y	1158	1162	IL-6
16835395	T10	GENE-N	1227	1235	cytokine
16835395	T11	GENE-Y	1253	1258	ANXA1
16835395	T12	GENE-Y	1270	1275	ANXA1
16835395	T13	GENE-Y	1305	1328	glucocorticoid receptor
16835395	T14	GENE-Y	1442	1446	IL-6
16835395	T15	GENE-Y	1514	1518	IL-6
16835395	T16	GENE-Y	265	270	ANXA1
16835395	T17	GENE-Y	1569	1574	ANXA1
16835395	T18	GENE-Y	1749	1753	IL-6
16835395	T19	GENE-Y	293	298	ANXA1
16835395	T20	GENE-Y	461	466	ANXA1
16835395	T21	GENE-Y	532	537	ANXA1
16835395	T22	GENE-Y	172	181	annexin 1
16835395	T23	GENE-Y	183	188	ANXA1
16835395	T24	GENE-Y	748	752	IL-6
16835395	T25	GENE-Y	907	912	ANXA1
16835395	T26	GENE-N	974	991	beta-adrenoceptor
16835395	T27	GENE-Y	1100	1105	ANXA1
16835395	T28	GENE-Y	32	42	annexin A1
16835395	T29	GENE-Y	78	82	IL-6
3058238	T1	CHEMICAL	335	343	estrogen
3058238	T2	CHEMICAL	142	151	tamoxifen
3058238	T3	CHEMICAL	464	473	tamoxifen
3058238	T4	CHEMICAL	478	493	fluoxymesterone
3058238	T5	CHEMICAL	566	575	tamoxifen
3058238	T6	CHEMICAL	580	587	danazol
3058238	T7	CHEMICAL	156	171	fluoxymesterone
3058238	T8	CHEMICAL	628	637	tamoxifen
3058238	T9	CHEMICAL	642	657	fluoxymesterone
3058238	T10	CHEMICAL	767	776	tamoxifen
3058238	T11	CHEMICAL	781	796	fluoxymesterone
3058238	T12	CHEMICAL	800	809	tamoxifen
3058238	T13	CHEMICAL	814	821	danazol
3058238	T14	CHEMICAL	179	188	tamoxifen
3058238	T15	CHEMICAL	897	906	tamoxifen
3058238	T16	CHEMICAL	911	926	fluoxymesterone
3058238	T17	CHEMICAL	938	947	tamoxifen
3058238	T18	CHEMICAL	952	959	danazol
3058238	T19	CHEMICAL	193	200	danazol
3058238	T20	CHEMICAL	0	9	Tamoxifen
3058238	T21	CHEMICAL	14	29	fluoxymesterone
3058238	T22	CHEMICAL	37	46	tamoxifen
3058238	T23	CHEMICAL	51	58	danazol
3058238	T24	GENE-Y	335	352	estrogen receptor
11692072	T1	CHEMICAL	246	254	dopamine
11692072	T2	CHEMICAL	299	306	alcohol
11692072	T3	CHEMICAL	514	522	tiapride
11692072	T4	CHEMICAL	189	197	dopamine
11692072	T5	CHEMICAL	848	856	dopamine
11692072	T6	CHEMICAL	868	879	apomorphine
11692072	T7	CHEMICAL	109	116	alcohol
11692072	T8	CHEMICAL	17	25	dopamine
11692072	T9	CHEMICAL	76	84	tiapride
11692072	T10	GENE-Y	246	257	dopamine D2
11692072	T11	GENE-N	455	462	DRD2 E8
11692072	T12	GENE-N	183	212	human dopamine D2 receptor E8
11692072	T13	GENE-N	694	701	DRD2 E8
11692072	T14	GENE-Y	777	781	DRD2
11692072	T15	GENE-Y	848	859	dopamine D2
11692072	T16	GENE-N	1004	1011	DRD2 E8
11692072	T17	GENE-N	17	51	dopamine D2 receptor (DRD2) exon 8
17360707	T1	CHEMICAL	1342	1352	nucleotide
17360707	T2	CHEMICAL	445	453	nicotine
17360707	T3	CHEMICAL	215	228	acetylcholine
17360707	T4	GENE-Y	1246	1258	alpha7 nAChR
17360707	T5	GENE-Y	239	251	alpha7 nAChR
